Ram_EID,Ram_coller,Ewe_EID,Ewe_coller,Plot,14/2/2024,15/2/2024,16/2/2024,17/2/2024,18/2/2024,19/2/2024,20/2/2024,21/2/2024,22/2/2024,23/2/2024,24/2/2024,25/2/2024,26/2/2024,27/2/2024,28/2/2024,29/2/2024,1/3/2024,2/3/2024,3/3/2024,4/3/2024,5/3/2024,6/3/2024,7/3/2024
951 000016108674,w192584,940 110009539086,w696,No Shade,12,61,126,45,52,59,49,34,33,54,35,28,114,63,183,42,18,58,83,25,55,,
951 000016108674,w192584,982 123812217553,2400,No Shade,3,59,46,44,21,23,120,61,55,50,17,20,88,55,125,25,18,31,48,29,65,,
951 000016108674,w192584,940 110012565646,3712,No Shade,22,40,51,27,62,38,12,30,59,38,34,19,88,129,68,23,30,36,27,46,63,,
951 000016108674,w192584,940 110019091442,w797,No Shade,10,52,45,61,43,65,32,93,36,40,60,36,76,104,141,37,25,20,36,47,81,,
951 000016108674,w192584,940 110012564878,w192255,No Shade,13,58,28,19,23,38,43,42,74,27,32,25,39,133,99,39,53,61,44,37,61,,
951 000016108674,w192584,940 110019088608,w956,No Shade,11,22,25,35,33,46,30,18,67,33,20,28,191,45,73,32,29,40,28,39,44,,
951 000016108674,w192584,940 110019088701,w192313,No Shade,6,10,53,56,21,162,30,31,42,96,61,89,56,58,31,22,22,22,22,19,95,,
951 000016108674,w192584,940 110009540316,2033,No Shade,12,56,100,50,38,41,39,113,60,70,22,36,89,103,72,15,70,101,69,42,49,,
951 000016108674,w192584,940 110009422824,y447,No Shade,9,31,24,33,17,39,76,38,46,49,49,18,94,58,110,24,140,38,35,15,104,,
951 000016108674,w192584,940 110019092805,w1664,No Shade,8,20,16,41,58,30,12,23,36,169,50,11,22,47,55,16,42,26,45,67,46,,
951 000016108674,w192584,940 110012565504,w299,No Shade,18,34,48,21,16,22,28,15,58,65,78,43,77,118,75,30,24,41,27,34,89,,
951 000016108674,w192584,940 110009539115,2583,No Shade,12,21,17,41,53,42,24,23,63,55,44,31,68,77,170,32,39,44,53,21,97,,
951 000016108674,w192584,940 110009538750,2534,No Shade,11,57,60,32,44,58,67,80,52,78,30,23,102,173,90,46,44,37,74,30,86,,
951 000016108674,w192584,940 110019091368,2637,No Shade,9,23,18,66,27,36,46,14,50,23,42,35,94,57,45,30,57,102,23,20,61,,
951 000016108674,w192584,940 110012567023,2614,No Shade,10,32,33,40,48,54,48,26,67,52,19,26,95,164,118,49,82,29,39,32,149,,
951 000016108674,w192584,940 110012567072,2035,No Shade,19,30,9,46,23,28,32,13,41,35,18,14,58,59,56,23,27,26,33,17,71,,
951 000016108674,w192584,940 110019091207,2665,No Shade,8,38,36,60,57,35,46,34,44,51,20,27,41,74,88,31,34,83,30,42,89,,
951 000016108674,w192584,940 110012566439,w192249,No Shade,15,30,34,45,83,32,51,27,39,50,57,34,18,142,76,20,55,36,33,28,82,,
951 000016108674,w192584,940 110009530573,2643,No Shade,21,51,86,40,77,79,44,18,61,60,27,12,73,96,86,32,30,34,28,16,51,,
951 000016108674,w192584,940 110012568263,w1624,No Shade,11,27,27,54,16,28,39,53,51,52,20,52,61,79,88,41,44,11,17,79,50,,
951 000016108674,w192584,940 110009539378,3798,No Shade,12,43,41,31,62,68,44,40,59,48,48,88,87,23,19,,,,,,,,
951 000016108674,w192584,940 110009539903,w192012,No Shade,11,22,40,36,43,48,33,30,30,29,126,25,60,137,166,41,54,41,22,14,25,,
951 000016108674,w192584,940 110009538648,w923,No Shade,10,44,50,19,41,68,21,22,47,16,6,50,68,63,35,41,22,30,41,34,108,,
951 000016108674,w192584,940 110019090350,w192043,No Shade,14,22,17,33,33,23,15,19,54,17,26,8,80,37,156,24,26,33,11,17,49,,
951 000016108674,w192584,940 110019090667,w1622,No Shade,15,26,24,42,36,25,19,27,55,37,11,39,51,179,88,23,30,36,35,115,57,,
951 000016108674,w192584,940 110009538770,y470,No Shade,8,16,33,29,30,21,31,33,21,19,18,105,31,72,36,53,21,45,29,22,27,,
951 000016108674,w192584,940 110012567833,w281,No Shade,14,57,68,102,51,20,54,53,33,57,37,81,63,121,127,51,26,54,25,51,64,,
951 000016108674,w192584,940 110012553844,2970,No Shade,17,25,123,34,19,51,19,14,66,74,76,11,23,20,76,25,45,56,68,36,70,,
951 000016108674,w192584,940 110012554703,2343,No Shade,10,63,63,31,50,50,39,44,76,26,49,33,74,128,72,24,38,57,33,128,75,,
951 000016108674,w192584,940 110009538618,w1544,No Shade,8,22,11,10,14,14,33,39,32,118,15,9,27,93,44,12,14,36,30,164,55,,
951 000016108674,w192584,940 110009541386,w192519,No Shade,15,50,64,48,31,40,36,33,62,41,90,18,238,51,61,41,103,59,52,29,44,,
951 000016108674,w192584,940 110012566988,w1726,No Shade,10,45,39,46,19,29,31,59,45,44,14,12,56,101,29,75,58,20,28,71,68,,
951 000016108674,w192584,940 110009538415,w9559,No Shade,18,40,27,24,40,34,50,9,35,91,38,18,81,68,102,26,37,54,41,21,46,,
951 000016108674,w192584,940 110009540648,w744,No Shade,15,28,33,58,41,24,28,13,62,47,26,6,64,34,10,,,,,,,,
951 000016108674,w192584,940 110012567028,w1683,No Shade,,,,,,,,,13,35,28,23,50,62,114,53,66,54,46,58,108,,
951 000016108674,w192584,940 110009423261,2633,No Shade,6,64,52,26,21,21,16,23,32,33,36,54,39,42,22,21,85,32,26,40,66,,
951 000016108674,w192584,940 110009539841,w287,No Shade,10,34,25,32,30,34,20,25,38,24,29,45,53,100,131,42,43,25,25,41,57,,
951 000016108674,w192584,940 110009539369,2490,No Shade,14,38,27,49,59,119,55,66,74,40,92,39,73,151,220,41,39,22,34,38,117,,
951 000016108674,w192584,940 110009423327,w1791,No Shade,11,41,63,45,52,24,42,26,40,60,36,48,89,54,59,34,31,84,31,28,90,,
951 000016108674,w192584,940 110009539082,2479,No Shade,9,79,114,48,34,50,21,48,29,27,23,49,70,94,74,36,23,43,57,34,81,,
951 000016108674,w192584,940 110009539487,w192286,No Shade,17,51,41,25,42,22,38,58,24,14,68,11,64,55,53,26,54,54,33,34,81,,
951 000016108674,w192584,940 110009538428,w1612,No Shade,9,59,56,32,27,34,27,38,61,45,20,10,62,47,125,37,56,30,23,37,97,,
951 000016108674,w192584,940 110012554855,w764,No Shade,9,26,39,31,42,22,37,12,61,31,51,9,56,68,168,40,37,84,28,94,68,,
951 000016108674,w192584,940 110009541265,2608,No Shade,3,63,68,41,42,44,37,25,56,339,397,23,35,63,113,32,49,37,40,18,51,,
951 000016108674,w192584,940 110009538608,w192160,No Shade,10,23,28,31,28,28,24,23,37,33,19,9,23,23,12,,,,,,,,
951 000016108674,w192584,940 110009540874,w192057,No Shade,9,28,94,14,39,20,49,35,80,100,124,45,79,111,103,29,64,28,42,28,221,,
951 000016108674,w192584,940 110009540097,w192081,No Shade,9,16,26,21,16,19,23,27,27,48,13,10,44,63,46,18,34,25,22,37,90,,
951 000016108674,w192584,940 110019091248,3726,No Shade,12,26,19,36,18,21,39,78,10,161,111,14,77,26,49,25,28,21,29,28,71,,
951 000016108674,w192584,940 110012566899,w9537,No Shade,4,19,22,13,15,15,15,16,166,27,20,29,126,68,41,24,35,39,3,53,45,,
951 000016108674,w192584,940 110009541497,2667,No Shade,39,64,59,45,56,40,34,76,55,53,44,22,68,79,127,40,50,51,54,64,61,,
951 000016108674,w192584,940 110009540871,2528,No Shade,9,51,49,46,45,34,31,34,80,70,46,25,74,82,109,34,61,48,64,77,62,,
951 000016108674,w192584,940 110012567497,w1653,No Shade,8,35,44,23,35,42,22,30,62,67,71,69,60,72,93,57,194,56,56,26,57,,
951 000016108674,w192584,940 110012567575,2712,No Shade,15,56,27,53,71,51,50,66,83,51,47,48,57,39,118,22,32,25,41,43,93,,
951 000016108674,w192584,940 110009538619,3736,No Shade,12,20,30,61,78,30,48,26,51,50,21,85,69,31,66,190,21,35,50,19,44,,
951 000016108674,w192584,940 110012565591,2684,No Shade,12,26,35,19,37,29,41,45,48,29,60,115,106,15,26,1,,,,,,,
951 000016108674,w192584,940 110012565654,2618,No Shade,9,33,34,41,38,42,44,70,44,55,17,74,52,126,116,24,95,52,69,36,58,,
951 000016108674,w192584,940 110009540139,2945,No Shade,20,28,7,14,28,21,36,21,30,38,70,13,53,40,91,43,12,34,34,32,22,,
951 000016108674,w192584,940 110012553568,2974,No Shade,,,,,,,,,14,9,11,42,31,23,58,26,38,44,20,55,80,,
951 000016108674,w192584,940 110009541538,w192278,No Shade,3,15,40,25,98,45,31,17,46,84,12,54,36,52,62,38,29,66,25,30,94,,
951 000016108674,w192584,940 110009538666,w986,No Shade,10,18,70,28,54,21,22,14,28,25,37,116,64,56,59,20,55,90,26,141,139,,
951 000016108674,w192584,940 110009540453,2371,No Shade,8,21,71,30,32,34,30,22,46,57,25,17,32,75,27,25,36,14,26,33,106,,
951 000016108674,w192584,940 110009538631,2316,No Shade,5,57,35,24,42,58,73,41,64,30,18,23,50,75,166,20,48,42,57,36,59,,
951 000016108674,w192584,940 110009423027,2542,No Shade,20,33,34,54,44,46,57,59,74,42,58,35,158,104,98,38,85,117,63,52,49,,
951 000016108674,w192584,940 110009538594,2689,No Shade,12,20,61,27,14,24,28,26,18,22,64,26,46,65,66,42,36,36,39,29,75,,
951 000016108674,w192584,940 110009540716,2385,No Shade,9,46,27,44,24,17,29,30,29,36,61,60,33,66,56,39,35,48,39,68,98,,
951 000016108674,w192584,940 110012553817,w1797,No Shade,6,28,52,38,39,41,58,68,25,57,27,136,81,37,77,18,28,33,60,38,83,,
951 000016108674,w192584,940 110012554841,2940,No Shade,17,66,32,42,50,51,33,33,40,60,41,15,70,132,52,74,27,83,49,31,108,,
951 000016108674,w192584,940 110009539709,2475,No Shade,13,85,83,42,44,47,26,69,43,61,25,13,59,48,80,28,43,48,311,38,57,,
951 000016108674,w192584,940 110009541057,2953,No Shade,7,32,39,48,47,52,64,56,34,31,40,18,91,27,77,35,26,33,36,20,50,,
951 000016108674,w192584,940 110009539843,2439,No Shade,19,36,74,46,30,19,25,54,45,42,67,23,115,90,88,42,20,31,35,46,152,,
951 000016108674,w192584,940 110019089913,3715,No Shade,11,161,139,24,26,36,25,35,29,29,34,36,73,97,96,49,55,12,103,158,128,,
951 000016108674,w192584,940 110019091494,y1092,No Shade,18,71,55,52,62,48,20,49,82,63,49,30,107,93,64,28,59,18,38,52,93,,
951 000016108674,w192584,940 110009539785,y1077,No Shade,13,38,66,52,45,32,19,35,103,33,29,124,94,269,108,35,24,29,36,64,38,,
951 000016108674,w192584,940 110009538776,w978,No Shade,8,18,34,25,24,39,11,28,43,53,13,83,53,44,83,10,28,39,43,20,46,,
951 000016108674,w192584,940 110009540172,w9277,No Shade,15,71,73,52,68,27,56,47,45,39,41,16,31,35,21,,,,,,,,
951 000016108674,w192584,940 110009538450,w9279,No Shade,6,49,34,80,17,33,70,71,33,25,14,32,69,157,132,17,20,35,19,21,92,,
951 000016108674,w192584,940 110012565638,w1549,No Shade,52,55,35,21,35,44,35,17,76,29,106,16,71,73,36,21,15,45,27,17,49,,
951 000016108674,w192584,940 110012554102,y1028,No Shade,7,35,26,17,50,33,53,25,70,35,30,40,140,117,92,41,35,26,20,57,62,,
951 000016108674,w192584,940 110009422194,w1689,No Shade,8,35,23,26,47,55,83,75,40,38,10,82,85,153,67,18,62,43,19,54,42,,
951 000016108674,w192584,940 110009541522,w1713,No Shade,9,69,50,39,40,28,56,38,104,67,59,50,95,160,80,42,42,26,32,40,165,,
951 000016108674,w192584,940 110012554680,Y498,No Shade,19,52,52,93,21,53,35,52,36,156,34,17,58,42,104,32,37,17,28,14,34,,
951 000016108674,w192584,940 110019091831,w1671,No Shade,12,62,24,91,49,45,39,30,41,44,23,69,126,53,79,48,34,82,15,6,66,,
951 000016108674,w192584,940 110012566852,2669,No Shade,9,35,51,39,39,35,39,20,25,21,20,5,12,8,4,,,,,,,,
951 000016108674,w192584,940 110012554149,2036,No Shade,14,57,66,28,73,39,31,28,45,80,30,38,86,47,84,40,16,30,39,33,124,,
951 000016108674,w192584,940 110009422847,2645,No Shade,22,55,37,142,76,51,67,52,74,42,72,79,76,87,124,41,42,42,55,55,117,,
951 000016108674,w192584,940 110009538656,w1597,No Shade,15,49,44,41,39,30,54,121,57,53,58,102,106,194,125,32,86,47,34,66,84,,
951 000016108674,w192584,940 110009539851,w192094,No Shade,11,54,27,47,37,32,66,24,39,42,64,41,71,58,62,45,34,65,66,42,39,,
951 000016108674,w192584,940 110019091208,w293,No Shade,6,18,22,37,24,57,24,53,48,51,33,21,118,47,72,21,36,40,58,47,48,,
951 000016108674,w192584,940 110012567439,3763,No Shade,12,23,24,28,38,43,34,15,34,40,40,71,45,48,88,28,94,186,21,32,37,,
951 000016108674,w192584,940 110009538934,2714,No Shade,10,22,39,27,29,26,33,17,64,87,58,14,85,36,64,46,49,24,22,36,32,,
951 000016108674,w192584,940 110009540403,w192579,No Shade,5,16,35,23,40,40,25,35,70,79,19,10,56,52,107,30,16,31,61,21,40,,
951 000016108674,w192584,940 110009539003,w768,No Shade,7,29,24,32,25,58,24,24,28,56,29,126,94,29,37,29,22,54,28,57,65,,
951 000016108674,w192584,940 110012554069,2649,No Shade,17,32,51,22,48,39,43,36,53,42,38,17,177,127,52,18,50,66,61,23,117,,
951 000016108674,w192584,940 110009422169,2380,No Shade,10,24,56,28,26,16,28,52,55,45,18,5,10,13,12,,,,,,,,
951 000016108674,w192584,940 110009539138,2391,No Shade,21,32,39,18,23,38,17,18,28,40,62,36,35,97,54,42,243,48,20,72,78,,
951 000016108674,w192584,940 110019089803,w1605,No Shade,10,34,49,42,26,35,39,38,44,30,9,77,170,58,63,30,42,33,52,27,25,,
951 000016108674,w192584,940 110009539357,w1707,No Shade,7,35,25,32,29,40,20,18,52,18,32,24,54,29,223,45,21,65,29,66,78,,
951 000016108674,w192584,940 110019090739,2950,No Shade,7,40,24,78,57,21,25,22,45,26,71,20,45,63,95,34,51,112,79,43,117,,
951 000016108674,w192584,940 110009539831,2331,No Shade,,,,,,,,,16,10,11,31,75,78,132,287,58,60,49,46,66,,
951 000016108674,w192584,940 110012554430,2644,No Shade,5,49,22,16,39,44,47,38,31,37,24,10,135,38,141,47,27,30,50,67,119,,
951 000016108674,w192584,940 110009540303,2928,No Shade,14,39,41,119,28,44,59,28,57,65,59,67,90,88,125,46,17,25,34,59,86,,
951 000016108674,w192584,940 110019089959,2711,No Shade,15,51,128,100,50,48,36,31,67,49,23,46,34,125,105,62,33,41,51,29,100,,
951 000016108674,w192584,940 110009422300,2575,No Shade,13,47,112,13,43,26,38,98,49,20,55,31,45,118,150,23,13,46,23,22,55,,
951 000016108674,w192584,940 110019090431,2344,No Shade,5,20,47,44,42,47,14,22,36,24,46,42,67,113,91,41,10,26,27,37,34,,
951 000016108674,w192584,940 110009539979,y435,No Shade,17,28,41,57,44,60,72,23,75,115,58,23,66,164,97,35,25,40,46,57,126,,
951 000016108674,w192584,940 110019091989,2660,No Shade,9,45,54,56,57,32,37,32,34,61,30,13,89,105,96,30,44,20,24,29,45,,
951 000016108674,w192584,940 110009539429,y1074,No Shade,9,31,47,46,30,38,51,108,85,34,63,15,75,82,165,50,30,64,40,85,123,,
951 000016108674,w192584,940 110012553725,w789,No Shade,16,23,76,19,17,40,38,43,51,41,38,60,38,53,55,37,32,61,23,29,99,,
951 000016108674,w192584,940 110012567583,w928,No Shade,19,35,63,33,49,37,38,46,80,54,17,14,62,45,57,33,73,110,44,58,61,,
951 000016108674,w192584,940 110009541499,2560,No Shade,8,26,109,33,31,68,49,40,50,16,32,10,85,56,43,25,38,40,29,144,49,,
951 000016108674,w192584,940 110009421854,2312,No Shade,13,53,20,37,41,123,44,71,47,39,64,31,121,105,79,24,39,22,17,73,122,,
951 000016108674,w192584,940 110009540395,y443,No Shade,9,35,17,16,48,34,45,53,26,16,32,19,7,13,15,,,,,,,,
951 000016108674,w192584,940 110019089989,2557,No Shade,10,52,42,47,38,27,49,60,51,34,97,36,45,98,78,36,59,20,77,45,49,,
951 000016108674,w192584,940 110012554425,2332,No Shade,9,29,52,52,34,28,42,48,53,33,30,119,50,94,56,33,31,19,35,74,92,,
951 000016108674,w192584,940 110019090722,w192530,No Shade,11,39,47,68,35,42,50,31,73,60,5,20,85,48,86,23,62,68,50,44,147,,
951 000016108674,w192584,940 110009540770,w1751,No Shade,8,22,25,25,40,17,27,46,69,90,28,79,60,56,70,25,47,49,16,26,41,,
951 000016108674,w192584,940 110012553572,w1638,No Shade,11,30,29,21,38,18,51,64,40,65,152,17,95,96,83,25,42,62,30,41,53,,
951 000016108674,w192584,940 110012567192,w1750,No Shade,17,43,107,78,50,27,46,43,83,63,17,45,87,54,54,34,56,46,24,54,137,,
951 000016108674,w192584,940 110009540560,w784,No Shade,5,23,26,25,7,30,34,27,18,27,26,49,37,33,127,63,23,24,19,21,42,,
951 000016108674,w192584,940 110012553575,w192108,No Shade,7,33,79,34,29,32,53,14,38,26,2,15,11,9,8,,,,,,,,
951 000016108674,w192584,940 110009423147,2680,No Shade,22,31,51,49,18,42,48,68,101,69,54,39,80,106,84,36,21,13,53,51,41,,
951 000016108674,w192584,940 110009538497,2459,No Shade,2,21,21,15,55,72,41,25,112,45,36,8,36,52,55,69,62,74,26,20,41,,
951 000016108674,w192584,940 110009422875,2029,No Shade,7,26,17,31,43,34,35,62,47,66,56,14,31,42,73,26,52,47,59,24,49,,
951 000016108674,w192584,940 110009541579,2419,No Shade,13,71,45,73,68,50,51,71,130,33,57,86,46,117,83,35,45,62,37,63,120,,
951 000016108674,w192584,940 110009538382,2682,No Shade,18,78,42,48,44,23,26,26,43,111,30,60,35,84,73,42,32,46,37,28,55,,
951 000016108674,w192584,940 110009540821,2352,No Shade,13,44,32,22,37,29,30,34,33,44,8,48,39,96,42,28,15,24,31,24,47,,
951 000016108674,w192584,940 110009539365,w1721,No Shade,13,43,14,28,16,80,74,76,46,26,41,20,32,24,26,,,,,,,,
951 000016108674,w192584,940 110009539563,y1060,No Shade,11,47,26,34,16,16,33,62,39,42,50,70,110,71,81,27,20,36,23,28,60,,
951 000016108674,w192584,940 110019088662,2921,No Shade,11,29,14,35,13,44,32,18,55,63,47,21,39,19,13,,,,,,,,
951 000016108674,w192584,940 110019091076,2954,No Shade,13,35,34,32,28,42,15,30,32,30,20,,10,17,2,,,,,,,,
951 000016108674,w192584,940 110012566807,2678,No Shade,13,65,88,47,41,34,39,97,69,62,56,15,54,56,103,47,68,36,65,68,155,,
951 000016108674,w192584,940 110009423180,2382,No Shade,15,51,37,34,48,40,46,91,95,66,19,53,98,147,197,35,64,42,32,55,80,,
951 000016108674,w192584,940 110019088585,2496,No Shade,10,13,37,22,38,28,56,44,42,105,56,11,107,46,84,44,24,73,32,37,50,,
951 000016108674,w192584,940 110009541605,w273,No Shade,18,61,52,52,33,25,48,31,23,42,37,146,64,39,50,26,32,32,31,167,29,,
951 000016108674,w192584,940 110009539773,3741,No Shade,19,73,23,42,42,51,56,54,56,99,65,175,206,50,81,36,28,37,45,50,135,,
951 000016108674,w192584,940 110019091247,2346,No Shade,10,11,26,37,20,24,38,24,48,63,30,24,39,64,76,81,82,55,51,20,51,,
951 000016108674,w192584,940 110009541593,2533,No Shade,23,38,38,46,49,34,55,38,45,63,26,47,120,470,136,20,69,38,28,48,110,,
951 000016108674,w192584,940 110009538728,w192503,No Shade,11,43,22,44,38,19,26,28,42,31,56,10,83,71,115,30,64,46,31,31,70,,
951 000016108674,w192584,940 110019091488,w1641,No Shade,8,32,51,31,13,76,73,28,67,28,54,33,31,67,85,45,18,31,44,42,27,,
951 000016108674,w192584,940 110019090723,2388,No Shade,12,36,71,51,35,45,41,29,67,60,47,26,61,53,111,28,40,26,33,20,48,,
951 000016108674,w192584,940 110009538759,w192334,No Shade,17,54,32,25,40,44,31,58,64,65,38,70,61,70,105,42,23,54,36,12,46,,
951 000016108674,w192584,940 110012565516,w1673,No Shade,22,13,52,47,36,63,30,28,63,143,59,47,76,57,110,32,36,48,55,15,,,
951 000016108674,w192584,940 110009540904,w192320,No Shade,6,12,19,18,29,50,38,24,32,29,38,618,165,9,68,22,11,14,20,37,65,,
951 000016108674,w192584,940 110019088447,w723,No Shade,11,33,39,55,31,28,48,30,72,69,60,28,129,89,92,45,40,35,29,22,113,,
951 000016108674,w192584,940 110009422259,2527,No Shade,10,35,33,19,139,41,30,20,27,15,33,6,55,77,77,23,29,27,25,38,35,,
951 000016108674,w192584,940 110019090286,2591,No Shade,12,54,43,33,42,31,36,38,30,44,18,16,81,57,65,20,130,56,117,29,76,,
951 000016108674,w192584,940 110009540374,w192226,No Shade,19,34,52,33,73,57,34,63,43,62,59,79,147,51,75,26,22,29,26,46,79,,
951 000016108674,w192584,940 110012567496,2647,No Shade,14,39,39,67,31,53,49,90,46,72,53,17,45,104,220,66,69,18,53,42,87,,
951 000016108674,w192584,940 110019088419,w192215,No Shade,7,57,19,44,31,48,42,39,112,109,63,50,67,88,73,41,32,112,86,25,73,,
951 000016108674,w192584,940 110012554130,w192254,No Shade,7,53,32,24,54,33,43,45,71,43,32,59,93,225,99,31,53,27,19,49,113,,
951 000016108674,w192584,940 110009539735,w192251,No Shade,8,41,49,35,29,28,66,89,45,25,561,78,120,75,76,34,18,17,17,23,39,,
951 000016108674,w192584,940 110012554697,w939,No Shade,7,23,30,88,76,31,41,90,83,30,39,91,91,63,52,18,42,42,57,8,,,
951 000016108674,w192584,940 110016191551,2707,No Shade,16,111,42,35,47,39,32,33,93,83,60,12,54,81,100,53,32,29,52,65,113,,
951 000016108674,w192584,940 110012567361,2420,No Shade,6,26,51,31,36,24,27,17,40,144,31,18,32,65,75,22,34,32,37,23,89,,
951 000016108674,w192584,940 110009540226,2694,No Shade,26,29,43,22,26,54,30,17,39,26,16,39,33,50,43,17,31,30,11,201,116,,
951 000016108674,w192584,940 110009540104,w192120,No Shade,9,22,54,17,34,64,63,28,73,32,31,15,81,24,51,32,60,60,74,37,73,,
951 000016108674,w192584,940 110009539590,2939,No Shade,5,18,75,43,36,60,37,89,47,55,28,10,58,44,40,34,15,24,43,33,62,,
951 000016108674,w192584,940 110019088542,3737,No Shade,9,48,20,84,11,45,20,28,46,31,8,48,64,51,203,46,52,68,16,18,34,,
951 000016108674,w192584,940 110009539352,y1005,No Shade,16,33,37,46,95,62,25,35,55,38,127,28,63,110,66,33,83,39,49,44,154,,
951 000016108674,w192584,940 110019088430,2515,No Shade,11,65,19,27,30,20,28,21,68,26,62,21,28,48,37,33,22,,,,,,
951 000016108674,w192584,940 110009539060,2700,No Shade,6,72,38,23,64,33,18,32,62,101,88,50,131,77,47,37,55,37,70,65,94,,
951 000016108674,w192584,940 110012554100,w1698,No Shade,12,33,64,61,32,77,51,15,28,23,67,9,34,55,266,160,24,51,81,32,115,,
951 000016108674,w192584,940 110012565593,w192587,No Shade,11,44,26,27,34,20,24,28,40,39,29,50,35,41,38,40,263,54,45,32,58,,
951 000016108674,w192584,940 110012566524,w1547,No Shade,6,41,55,42,55,60,39,21,41,48,24,34,100,89,191,32,50,43,41,31,38,,
951 000016108674,w192584,940 110009539504,2696,No Shade,8,34,52,37,33,37,35,65,37,57,39,34,43,32,45,61,70,45,40,48,95,,
951 000016108674,w192584,940 110019091322,2340,No Shade,11,41,32,25,55,36,37,28,43,51,14,49,36,47,31,33,46,42,24,14,144,,
951 000016108674,w192584,940 110009421996,o26,No Shade,9,58,57,33,91,37,35,29,43,127,49,41,52,84,31,27,25,44,55,20,45,,
951 000016108674,w192584,940 110019091568,2329,No Shade,14,31,35,31,23,46,23,19,53,82,186,22,52,66,113,29,30,47,37,15,107,,
951 000016108674,w192584,940 110019091386,y427,No Shade,10,26,41,47,34,118,48,47,36,42,23,34,139,68,51,52,70,77,42,16,91,,
951 000016108674,w192584,940 110009539789,3716,No Shade,18,48,41,35,84,77,86,33,45,79,16,33,40,76,49,38,,,,,,,
951 000016108674,w192584,940 110009541227,2361,No Shade,10,29,21,18,29,29,22,45,69,42,35,114,78,198,249,28,89,27,42,26,23,,
951 000016108674,w192584,940 110009540534,2697,No Shade,8,43,37,36,39,27,31,29,17,22,16,10,37,106,47,31,15,12,12,20,41,,
951 000016108674,w192584,940 110019088549,w290,No Shade,15,18,54,63,52,13,28,16,40,24,33,27,51,152,87,51,10,34,51,168,99,,
951 000016108674,w192584,940 110009541612,w192202,No Shade,28,26,48,42,34,16,36,50,41,71,70,41,61,88,71,144,41,37,31,28,34,,
951 000016108674,w192584,940 110009538695,2324,No Shade,11,70,32,45,34,44,44,42,73,34,27,27,62,72,75,338,22,35,40,27,65,,
951 000016108674,w192584,940 110009541616,2549,No Shade,22,60,69,54,63,68,42,14,54,44,101,86,143,132,141,39,46,35,41,39,53,,
951 000016108674,w192584,940 110009538339,2971,No Shade,17,61,54,33,56,40,43,32,41,95,118,34,44,73,129,48,63,44,50,29,66,,
951 000016108674,w192584,940 110012565614,w263,No Shade,9,36,28,22,42,29,32,31,25,68,170,6,52,41,98,12,24,26,24,52,52,,
951 000016108674,w192584,940 110009541085,y1088,No Shade,13,33,26,19,15,22,34,13,51,33,58,26,78,36,55,31,77,43,38,52,66,,
951 000016108674,w192584,940 110019089945,y457,No Shade,9,37,35,47,47,40,47,115,50,85,61,36,113,93,38,21,19,56,29,38,68,,
951 000016108674,w192584,940 110012565619,w788,No Shade,6,43,35,39,26,41,90,28,50,18,58,11,65,47,118,106,31,79,27,30,49,,
951 000016108674,w192584,940 110009540814,3742,No Shade,3,21,20,28,22,46,49,48,54,79,28,11,42,19,70,201,40,38,41,21,90,,
951 000016108674,w192584,940 110009538664,w1556,No Shade,12,82,38,30,30,54,53,29,53,62,43,30,39,83,48,45,40,21,31,28,26,,
951 000016108674,w192584,940 110012553757,w280,No Shade,9,45,29,40,23,40,28,24,64,60,7,85,58,126,106,62,39,33,21,34,114,,
951 000016108674,w192584,940 110019090064,2975,No Shade,9,37,28,35,72,46,33,74,35,48,92,31,54,135,184,30,44,35,37,32,161,,
951 000016108674,w192584,940 110012553565,w192559,No Shade,19,31,21,45,43,45,44,30,40,36,33,38,106,139,94,32,11,17,64,30,89,,
951 000016108674,w192584,940 110009539736,w745,No Shade,13,67,48,29,44,45,51,141,43,81,49,28,96,121,90,57,31,100,30,52,92,,
951 000016108674,w192584,940 110019090013,2540,No Shade,8,30,22,127,42,48,47,53,66,26,20,23,134,41,73,37,85,39,56,78,106,,
951 000016108674,w192584,940 110009538609,2943,No Shade,25,40,46,28,52,46,41,23,53,35,25,56,71,41,48,142,69,52,42,34,45,,
951 000016108674,w192584,940 110009540288,2320,No Shade,9,23,41,14,28,36,32,41,48,34,15,19,73,44,91,23,32,36,27,55,39,,
951 000016108674,w192584,940 110009541010,w300,No Shade,5,69,47,20,37,30,69,16,37,27,53,25,160,64,107,44,37,106,13,19,58,,
951 000016108674,w192584,940 110019092789,2944,No Shade,11,33,22,20,39,81,32,20,23,44,69,33,39,38,34,24,16,19,20,44,28,,
951 000016108674,w192584,940 110012554293,y423,No Shade,6,25,37,28,40,30,21,64,53,26,44,47,45,65,124,51,19,25,56,49,81,,
951 000016108674,w192584,940 110009541075,2942,No Shade,6,61,28,34,56,46,17,23,50,36,97,59,32,84,81,46,27,61,63,57,187,,
951 000016108674,w192584,940 110009539564,w192186,No Shade,17,69,26,23,41,48,26,25,72,37,20,36,86,105,90,37,55,32,42,64,68,,
951 000016108674,w192584,940 110009538938,2582,No Shade,13,25,19,22,29,27,22,73,39,34,42,76,63,116,198,16,27,57,64,36,112,,
951 000016108674,w192584,940 110009540753,2541,No Shade,5,31,17,40,35,29,57,29,32,27,41,128,19,38,58,25,32,65,65,26,22,,
951 000016108674,w192584,940 110009539281,2016,No Shade,11,33,33,42,24,57,24,17,45,45,72,18,66,175,147,140,59,54,82,30,55,,
951 000016108674,w192584,940 110009540428,y1019,No Shade,3,27,35,38,40,29,36,32,59,54,37,17,52,58,105,66,56,70,44,58,57,,
951 000016108674,w192584,940 110009539447,w192149,No Shade,10,37,44,43,31,21,45,36,41,71,40,24,77,75,102,103,35,39,60,69,99,,
951 000016108674,w192584,940 110009538976,2422,No Shade,19,53,41,39,72,29,28,23,50,32,33,23,70,97,168,51,37,47,48,79,77,,
951 000016108674,w192584,940 110009421855,2572,No Shade,12,46,24,41,21,41,57,66,64,60,66,13,33,67,73,22,44,44,25,49,34,,
951 000016108674,w192584,940 110012566859,3711,No Shade,15,76,33,64,44,59,61,45,77,68,33,30,84,78,107,41,23,36,36,45,118,,
951 000016108674,w192584,940 110009539817,2601,No Shade,22,36,32,63,86,39,26,34,46,55,59,67,59,88,88,96,52,27,41,48,57,,
951 000016108674,w192584,940 110019088452,2021,No Shade,9,37,84,30,89,44,58,66,54,60,43,12,35,82,75,70,110,128,21,25,79,,
951 000016108674,w192584,940 110019091903,w9510,No Shade,8,45,41,40,48,43,36,31,68,55,58,38,76,82,145,42,45,19,20,37,135,,
951 000016108674,w192584,940 110009538791,3792,No Shade,11,43,44,23,10,17,39,14,54,30,13,98,182,56,80,23,27,55,63,52,26,,
951 000016108674,w192584,940 110012566374,2040,No Shade,17,55,29,37,39,78,99,46,46,66,17,90,63,435,130,45,56,70,39,71,52,,
951 000016108674,w192584,940 110009541144,w1690,No Shade,11,23,26,39,31,55,140,53,73,92,79,121,54,76,131,14,,,,,,,
951 000016108674,w192584,940 110009539860,2981,No Shade,15,88,33,113,41,60,36,12,110,48,41,87,65,86,89,27,41,132,55,18,102,,
951 000016108674,w192584,940 110009540194,2997,No Shade,9,39,22,39,25,46,41,42,52,40,37,21,171,174,64,50,32,47,29,64,83,,
951 000016108674,w192584,940 110009541648,2406,No Shade,8,29,55,98,20,25,32,72,34,31,63,120,89,47,45,48,27,56,40,29,43,,
951 000016108674,w192584,940 110009539482,w1656,No Shade,7,53,37,25,51,35,76,48,54,83,44,16,139,529,55,49,27,50,44,74,72,,
951 000016108674,w192584,940 110012554759,2432,No Shade,14,47,58,60,25,64,31,63,46,55,57,4,31,6,18,,,,,,,,
951 000016108674,w192584,940 110009540732,y476,No Shade,9,34,16,36,42,8,10,33,42,20,73,65,181,41,78,34,38,30,32,22,22,,
951 000016108674,w192584,940 110009540984,2463,No Shade,10,28,19,22,38,41,15,20,39,38,21,15,47,51,74,43,94,64,32,66,75,,
951 000016108674,w192584,940 110009538716,w1679,No Shade,12,60,39,57,34,20,36,23,23,45,98,122,88,62,56,17,23,33,19,23,49,,
951 000016108674,w192584,940 110019091837,2536,No Shade,12,47,46,57,48,63,28,79,81,62,64,79,119,93,119,24,40,88,89,51,72,,
951 000016108674,w192584,940 110012554665,w1538,No Shade,7,42,57,71,143,41,71,37,44,33,68,11,10,7,14,,,,,,,,
951 000016108674,w192584,940 110012566754,2672,No Shade,7,30,27,29,63,64,25,43,34,35,33,15,9,24,11,,,,,,,,
951 000016108674,w192584,940 110009538672,2946,No Shade,9,24,15,15,36,35,39,67,32,15,30,27,59,38,312,375,20,19,17,30,25,,
951 000016108674,w192584,940 110009423185,2972,No Shade,13,41,38,25,18,31,23,26,65,49,57,23,42,38,66,23,35,47,24,61,22,,
951 000016108674,w192584,940 110009422827,w192009,No Shade,6,50,46,22,18,58,27,43,47,56,56,74,46,52,156,28,19,71,15,18,52,,
951 000016108674,w192584,940 110009541760,w192005,No Shade,13,44,84,35,128,36,40,22,48,34,37,1,4,38,15,,,,,,,,
951 000016108674,w192584,940 110009421856,w192300,No Shade,9,62,19,46,39,35,59,36,52,37,70,18,92,101,59,33,44,32,20,24,104,,
951 000016108674,w192584,940 110009423267,3745,No Shade,14,36,41,35,97,30,54,46,35,62,33,23,54,16,116,47,32,23,24,25,70,,
951 000016108674,w192584,940 110012567013,w192003,No Shade,11,38,53,29,47,23,29,35,33,26,10,20,11,5,17,,,,,,,,
951 000016108674,w192584,940 110019091346,2632,No Shade,9,36,33,30,26,22,27,25,16,25,25,17,19,13,65,,,,,,,,
951 000016108674,w192584,940 110009540610,y463,No Shade,11,37,23,21,28,26,37,29,46,47,43,19,7,14,3,,,,,,,,
951 000016108674,w192584,940 110012553813,w1780,No Shade,8,18,56,14,39,23,24,13,42,36,34,44,44,100,42,19,36,37,67,34,38,,
951 000016108674,w192584,940 110019088588,2307,No Shade,12,33,34,137,23,32,18,18,62,36,18,14,73,185,59,23,20,49,69,49,95,,
951 000016108674,w192584,940 110019088485,2693,No Shade,13,38,49,61,51,29,50,35,86,33,12,142,75,55,71,20,40,50,70,49,77,,
951 000016108674,w192584,940 110009423076,w192203,No Shade,6,54,33,41,114,50,38,107,66,35,39,71,78,75,72,23,44,43,48,19,52,,
951 000016108674,w192584,940 110019091379,3749,No Shade,,,,,,,,,10,14,4,16,24,21,21,26,32,52,140,15,228,,
951 000016108674,w192584,940 110012567070,w192145,No Shade,,,,,,,,,5,22,3,31,41,131,67,48,44,32,40,62,109,,
951 000016108674,w192584,940 110009421841,y1080,No Shade,12,35,65,38,54,37,80,42,61,34,77,26,89,57,86,45,87,37,45,50,89,,
951 000016108674,w192584,940 110019088647,w1651,No Shade,11,55,21,39,44,52,29,36,22,27,39,6,59,78,98,96,68,77,44,24,111,,
951 000016108674,w192584,940 110012567561,w192556,No Shade,14,55,43,37,53,32,50,57,60,49,55,59,57,152,126,32,28,33,65,30,41,,
951 000016108674,w192584,940 110009422821,2405,No Shade,7,30,29,42,28,39,41,36,70,31,21,24,23,49,44,31,33,58,88,33,55,,
951 000016108674,w192584,940 110012554559,w9330,No Shade,12,72,11,,,,,,11,8,6,18,24,80,120,25,42,17,55,16,36,,
951 000016108674,w192584,940 110012565400,w192463,No Shade,,,,,,,,,5,7,10,47,41,24,27,56,22,46,38,22,39,,
951 000016108674,w192584,940 110009538917,w1536,No Shade,6,51,11,32,54,16,27,94,20,31,7,10,56,88,13,,,,,,,,
951 000016108674,w192584,940 110012567032,2673,No Shade,6,30,34,10,,,,,13,11,21,20,41,38,62,53,41,29,113,106,113,,
951 000016108674,w192584,940 110012566693,w1657,No Shade,11,34,24,34,28,28,38,31,87,40,22,97,38,53,60,40,16,84,47,59,,,
940 110007343296,w192257,940 110009423305,y1018,Medium Shade,10,53,23,44,23,26,65,27,24,50,33,71,111,86,50,27,30,33,36,59,71,,
940 110007343296,w192257,940 110009538683,2982,Medium Shade,5,39,24,149,69,44,21,85,32,27,22,42,52,49,20,34,32,62,16,37,43,,
940 110007343296,w192257,940 110009539776,w1562,Medium Shade,10,29,41,16,49,54,31,10,16,32,19,20,25,65,11,47,12,54,30,36,26,,
940 110007343296,w192257,940 110009538773,W192534,Medium Shade,9,41,26,29,20,57,37,54,45,70,32,126,52,56,73,75,32,29,43,41,53,,
940 110007343296,w192257,940 110009539512,y461,Medium Shade,15,33,65,18,28,28,22,41,27,53,34,27,19,44,26,71,66,41,22,19,13,,
940 110007343296,w192257,940 110012568063,2011,Medium Shade,4,46,52,36,55,28,50,63,51,27,33,65,127,37,87,28,34,64,26,43,68,,
940 110007343296,w192257,940 110019090313,2453,Medium Shade,2,25,20,24,23,24,66,31,23,48,21,34,35,56,94,43,50,37,25,21,35,,
940 110007343296,w192257,940 110009538600,O45,Medium Shade,7,32,20,41,43,25,14,25,38,43,81,29,29,54,41,30,41,32,44,26,33,,
940 110007343296,w192257,940 110009539531,2720,Medium Shade,7,35,53,27,79,20,31,22,37,55,34,59,29,42,17,117,48,113,19,33,77,,
940 110007343296,w192257,940 110019091113,2333,Medium Shade,2,22,35,30,30,45,36,24,43,38,16,33,60,38,73,30,45,48,45,171,68,,
940 110007343296,w192257,940 110009539554,2426,Medium Shade,7,44,23,17,69,39,30,51,51,24,40,36,50,82,63,46,52,17,32,36,54,,
940 110007343296,w192257,940 110012567199,2442,Medium Shade,2,24,29,77,55,31,41,29,83,33,29,42,26,85,33,90,24,110,33,52,23,,
940 110007343296,w192257,940 110012567432,3739,Medium Shade,,,,,,,,,10,7,7,56,22,35,43,19,52,44,31,39,40,,
940 110007343296,w192257,940 110019091096,3740,Medium Shade,13,20,23,59,20,40,50,25,91,335,13,53,64,58,43,59,90,34,20,20,51,,
940 110007343296,w192257,940 110009539788,2896,Medium Shade,,15,28,31,39,21,40,17,19,29,22,47,31,41,29,66,32,18,8,40,62,,
940 110007343296,w192257,940 110009538658,w192549,Medium Shade,2,23,12,27,42,27,57,35,51,25,25,40,32,36,57,44,77,83,25,47,42,,
940 110007343296,w192257,940 110009539901,w787,Medium Shade,7,36,32,18,13,43,58,26,26,38,54,66,26,25,53,55,32,45,71,75,44,,
940 110007343296,w192257,940 110019090804,w1682,Medium Shade,4,47,33,25,65,23,17,42,195,368,39,33,33,49,74,70,36,20,19,37,130,,
940 110007343296,w192257,940 110009422295,3760,Medium Shade,,24,36,36,93,37,35,39,30,49,17,31,38,65,58,73,42,42,17,41,70,,
940 110007343296,w192257,940 110019090337,w233,Medium Shade,1,12,14,21,35,28,19,41,31,49,20,27,16,32,48,62,15,39,50,31,32,,
940 110007343296,w192257,940 110019090456,w192035,Medium Shade,2,44,39,37,25,29,27,33,31,82,27,33,22,33,57,50,42,32,16,28,70,,
940 110007343296,w192257,940 110019091425,w1704,Medium Shade,2,40,56,34,22,36,25,33,28,67,36,14,38,108,44,37,40,19,17,133,66,,
940 110007343296,w192257,940 110019091126,w1524,Medium Shade,1,34,71,38,47,16,25,31,74,69,16,34,31,66,55,38,51,32,34,22,60,,
940 110007343296,w192257,940 110009539936,Y433,Medium Shade,13,44,27,24,11,27,32,29,24,178,207,43,16,31,41,31,43,38,104,40,66,,
940 110007343296,w192257,940 110012554582,y465,Medium Shade,10,37,61,55,21,31,33,26,56,47,51,98,53,23,80,105,24,49,15,52,90,,
940 110007343296,w192257,940 110019089967,2715,Medium Shade,24,45,32,43,18,31,24,39,39,63,43,24,89,55,53,29,39,40,45,65,47,,
940 110007343296,w192257,940 110019091882,2424,Medium Shade,2,21,34,22,43,37,22,12,25,25,14,28,40,41,49,49,42,26,159,151,63,,
940 110007343296,w192257,940 110012567369,w237,Medium Shade,9,39,30,48,29,33,43,31,51,42,37,47,50,35,58,62,89,27,26,61,83,,
940 110007343296,w192257,940 110009539428,2342,Medium Shade,10,53,25,25,17,28,36,80,32,24,43,32,96,151,43,21,29,49,28,28,110,,
940 110007343296,w192257,940 110012553681,2477,Medium Shade,8,32,23,27,14,31,45,39,28,49,68,69,66,26,68,34,48,33,26,59,81,,
940 110007343296,w192257,940 110019091482,w1631,Medium Shade,7,44,26,30,19,55,17,13,27,55,22,26,57,17,38,22,52,27,45,29,99,,
940 110007343296,w192257,940 110019092812,2599,Medium Shade,,18,36,156,63,15,45,32,40,39,48,29,29,21,31,23,36,18,12,94,23,,
940 110007343296,w192257,940 110012568023,2370,Medium Shade,8,37,38,50,26,32,251,87,30,94,37,46,29,21,129,120,24,86,24,26,56,,
940 110007343296,w192257,940 110012553997,2566,Medium Shade,1,23,15,28,15,29,11,27,22,33,40,37,27,29,29,27,40,15,37,29,30,,
940 110007343296,w192257,940 110019092000,y499,Medium Shade,4,23,24,21,27,11,50,29,45,46,43,19,38,39,36,73,57,35,32,35,83,,
940 110007343296,w192257,940 110009541309,2611,Medium Shade,1,17,33,21,20,233,108,48,87,39,29,27,45,62,49,36,103,25,77,25,39,,
940 110007343296,w192257,940 110009541581,2539,Medium Shade,9,49,44,31,35,44,31,24,60,31,49,47,56,35,72,37,59,31,23,42,55,,
940 110007343296,w192257,940 110019089806,3752,Medium Shade,3,52,64,110,137,27,27,12,28,40,20,35,73,92,39,27,54,28,23,32,36,,
940 110007343296,w192257,940 110012566817,2404,Medium Shade,21,61,55,50,48,34,56,28,68,96,42,37,125,62,101,34,53,41,20,53,100,,
940 110007343296,w192257,940 110009540223,2538,Medium Shade,,18,22,26,29,36,38,15,42,36,37,15,30,74,32,29,34,45,89,11,68,,
940 110007343296,w192257,940 110009541067,w192001,Medium Shade,18,36,32,33,93,46,41,30,59,25,8,16,50,54,16,74,55,40,43,32,44,,
940 110007343296,w192257,940 110019092766,2491,Medium Shade,,,,,,,,,1,10,4,19,20,34,83,23,51,21,29,17,20,,
940 110007343296,w192257,940 110019090378,2926,Medium Shade,7,18,32,85,37,32,29,62,28,54,26,24,169,26,53,43,20,27,15,174,73,,
940 110007343296,w192257,940 110009540382,2576,Medium Shade,15,42,28,33,20,26,29,32,71,82,81,44,15,35,40,38,22,41,46,29,29,,
940 110007343296,w192257,951 000016128364,w192569,Medium Shade,5,38,39,70,55,48,36,13,43,36,34,73,71,24,36,19,50,37,74,31,71,,
940 110007343296,w192257,940 110009540658,2564,Medium Shade,22,92,63,45,21,28,65,41,27,42,31,25,30,50,111,39,30,34,17,75,48,,
940 110007343296,w192257,940 110009538792,w192551,Medium Shade,7,45,20,22,33,29,34,31,84,20,36,38,19,16,28,57,18,38,34,25,27,,
940 110007343296,w192257,940 110009423311,2474,Medium Shade,5,33,34,19,83,45,19,21,27,77,23,17,40,27,48,30,47,40,17,16,92,,
940 110007343296,w192257,940 110019090769,2718,Medium Shade,1,25,108,35,22,13,36,14,28,45,33,49,17,24,37,27,34,35,41,33,32,,
940 110007343296,w192257,940 110012567383,y1093,Medium Shade,14,56,105,180,61,50,44,67,33,38,41,30,57,84,59,79,36,24,32,66,35,,
940 110007343296,w192257,940 110009540938,2430,Medium Shade,3,24,32,41,32,29,78,57,24,44,84,29,42,36,25,56,36,38,49,31,43,,
940 110007343296,w192257,940 110009539956,2719,Medium Shade,4,43,97,16,11,10,42,18,43,40,53,15,14,35,26,26,35,44,11,16,52,,
940 110007343296,w192257,940 110012567670,y422,Medium Shade,14,93,41,37,11,36,45,36,89,46,46,38,61,23,32,66,21,31,37,24,75,,
940 110007343296,w192257,940 110009422310,w192083,Medium Shade,,26,39,93,18,30,60,30,56,60,36,17,56,51,31,54,28,25,30,36,42,,
940 110007343296,w192257,940 110009423033,w192107,Medium Shade,1,24,17,17,31,21,18,12,22,30,37,12,57,31,26,32,33,20,96,34,28,,
940 110007343296,w192257,940 110009540986,2500,Medium Shade,,38,31,48,30,12,28,24,91,25,29,30,34,21,41,68,56,33,21,39,21,,
940 110007343296,w192257,940 110009540715,2612,Medium Shade,3,19,51,43,14,44,32,23,82,58,17,56,26,21,33,49,32,37,18,34,58,,
940 110007343296,w192257,940 110009540242,w192165,Medium Shade,10,40,25,34,11,15,33,41,47,17,40,28,25,49,86,37,54,23,10,51,35,,
940 110007343296,w192257,940 110019091579,w977,Medium Shade,22,42,28,31,29,62,42,30,73,46,64,40,37,32,38,22,46,14,23,73,120,,
940 110007343296,w192257,940 110009540590,3766,Medium Shade,,5,33,17,28,10,35,16,38,95,48,23,34,73,39,28,32,39,43,33,27,,
940 110007343296,w192257,940 110019090700,3797,Medium Shade,8,32,39,47,67,42,35,38,29,18,29,26,14,24,37,33,24,28,13,20,17,,
940 110007343296,w192257,940 110012553857,w1602,Medium Shade,25,36,93,48,46,28,65,21,34,54,38,28,34,50,37,42,34,29,13,30,56,,
940 110007343296,w192257,940 110019089984,2580,Medium Shade,1,39,37,30,19,32,65,29,51,36,41,24,67,50,37,18,42,59,17,36,29,,
940 110007343296,w192257,940 110019091108,2532,Medium Shade,2,53,37,66,46,19,39,63,26,55,58,16,50,63,50,78,52,29,46,38,16,,
940 110007343296,w192257,940 110019090665,w1747,Medium Shade,1,31,86,71,72,28,38,35,26,64,41,25,57,51,46,32,45,21,35,18,47,,
940 110007343296,w192257,940 110012553583,w1618,Medium Shade,2,23,29,52,64,17,30,90,29,49,41,37,35,52,55,18,29,36,34,28,72,,
940 110007343296,w192257,940 110019091098,w192426,Medium Shade,15,43,49,27,27,48,50,25,57,78,24,34,19,37,41,23,59,37,82,81,43,,
940 110007343296,w192257,940 110012566414,2330,Medium Shade,3,23,54,76,7,14,44,26,9,33,36,31,68,107,21,16,8,18,15,20,27,,
940 110007343296,w192257,940 110012566856,2449,Medium Shade,2,95,25,55,51,46,44,54,87,85,24,80,27,66,65,45,60,90,24,37,69,,
940 110007343296,w192257,940 110009540843,3730,Medium Shade,1,33,37,36,28,32,25,46,33,32,78,58,47,136,39,44,28,35,20,16,102,,
940 110007343296,w192257,940 110009541384,2339,Medium Shade,6,33,61,39,35,21,27,54,47,59,44,29,136,24,39,28,26,75,33,16,55,,
940 110007343296,w192257,940 110009538987,3723,Medium Shade,24,47,31,48,39,41,27,24,71,31,51,75,33,56,37,51,45,45,26,18,27,,
940 110007343296,w192257,940 110009540744,3764,Medium Shade,11,37,25,33,67,26,36,29,34,27,34,15,20,23,25,88,29,35,30,38,50,,
940 110007343296,w192257,940 110009539959,w192501,Medium Shade,,20,35,77,50,32,40,52,27,29,31,52,25,33,67,13,31,29,34,22,28,,
940 110007343296,w192257,940 110009541554,2435,Medium Shade,1,32,30,37,11,69,41,33,23,34,6,23,41,125,26,27,38,57,36,44,74,,
940 110007343296,w192257,940 110019088512,2525,Medium Shade,21,61,20,36,21,30,21,54,70,47,43,28,33,32,33,95,28,52,23,67,45,,
940 110007343296,w192257,940 110009538645,2387,Medium Shade,10,29,31,21,17,42,36,85,119,27,15,37,23,24,25,53,64,39,19,21,81,,
940 110007343296,w192257,940 110009422834,2605,Medium Shade,15,43,13,36,23,32,28,50,41,24,75,33,19,241,61,33,31,22,52,15,25,,
940 110007343296,w192257,940 110012566508,2403,Medium Shade,,27,30,59,10,20,28,26,30,55,26,27,38,41,51,24,43,57,38,35,53,,
940 110007343296,w192257,940 110009541417,2308,Medium Shade,1,27,22,23,33,32,18,19,24,66,80,103,20,22,32,49,89,33,33,59,25,,
940 110007343296,w192257,940 110012568279,2487,Medium Shade,,22,31,45,35,61,60,34,26,81,57,32,32,44,71,63,43,125,24,23,59,,
940 110007343296,w192257,940 110009423063,w192381,Medium Shade,13,27,27,38,35,41,19,16,33,52,37,98,56,52,57,34,43,70,17,54,64,,
940 110007343296,w192257,940 110009538626,w984,Medium Shade,9,44,32,29,28,24,23,22,22,28,34,38,110,55,18,27,39,31,15,42,51,,
940 110007343296,w192257,940 110019088560,2588,Medium Shade,4,27,39,48,61,36,43,22,97,33,44,198,36,127,108,28,73,51,31,23,20,,
940 110007343296,w192257,940 110009539591,w796,Medium Shade,2,11,22,27,41,25,16,23,29,47,51,23,34,36,26,44,75,39,15,12,30,,
940 110007343296,w192257,940 110009540065,3767,Medium Shade,,51,30,30,38,44,22,73,22,52,118,36,63,28,35,60,40,28,47,53,44,,
940 110007343296,w192257,940 110012566861,w949,Medium Shade,,36,29,52,18,70,36,129,27,83,14,32,49,89,21,10,19,25,27,85,40,,
940 110007343296,w192257,940 110009538492,w192361,Medium Shade,10,83,30,16,24,43,32,33,22,26,40,30,711,41,30,43,34,51,19,68,42,,
940 110007343296,w192257,940 110009540542,w987,Medium Shade,12,87,42,38,30,31,50,32,24,50,60,27,8,35,39,30,81,35,72,38,137,,
940 110007343296,w192257,940 110012566440,3722,Medium Shade,5,57,43,36,74,22,41,97,52,51,48,135,31,110,90,91,45,31,21,41,41,,
940 110007343296,w192257,940 110009541058,2368,Medium Shade,7,34,28,44,38,38,20,10,31,48,21,46,61,26,49,35,60,46,30,49,48,,
940 110007343296,w192257,940 110009531315,w192428,Medium Shade,10,23,29,41,30,21,16,25,33,73,31,31,42,56,34,14,85,24,37,63,42,,
940 110007343296,w192257,940 110009423264,w192571,Medium Shade,7,37,34,42,17,50,44,30,34,81,29,65,22,40,54,26,33,26,40,28,49,,
940 110007343296,w192257,940 110009538313,2992,Medium Shade,,47,25,42,39,15,15,23,35,31,30,29,47,132,40,45,30,25,14,25,31,,
940 110007343296,w192257,940 110012554097,2455,Medium Shade,12,54,33,49,39,37,56,18,40,44,58,85,84,77,34,26,33,50,35,17,74,,
940 110007343296,w192257,940 110012566578,2996,Medium Shade,8,32,34,48,21,33,39,31,48,41,92,31,26,119,234,58,32,32,21,35,44,,
940 110007343296,w192257,940 110009541400,2497,Medium Shade,4,34,45,31,48,36,50,31,27,52,23,22,62,54,86,70,62,45,72,49,30,,
940 110007343296,w192257,940 110012567493,w781,Medium Shade,,,,,,,,,9,9,18,18,12,15,25,23,38,54,104,165,60,,
940 110007343296,w192257,940 110012567433,w9276,Medium Shade,7,52,31,54,49,104,26,37,45,38,33,34,104,70,49,38,29,50,35,25,102,,
940 110007343296,w192257,940 110009540342,2414,Medium Shade,8,40,37,31,41,26,46,37,58,26,69,34,36,34,31,34,47,48,120,36,55,,
940 110007343296,w192257,940 110009539869,2412,Medium Shade,17,31,23,29,89,61,20,39,84,50,28,21,21,36,55,74,40,55,37,36,31,,
940 110007343296,w192257,940 110009538378,2516,Medium Shade,8,30,27,34,18,39,55,22,62,92,45,71,43,40,56,37,27,24,37,23,89,,
940 110007343296,w192257,940 110019088459,w192346,Medium Shade,5,27,32,61,61,23,48,33,37,32,23,21,96,151,29,26,25,46,11,,,,
940 110007343296,w192257,940 110009541620,3768,Medium Shade,17,70,44,44,44,33,59,32,34,70,40,32,38,97,67,57,21,69,31,21,41,,
940 110007343296,w192257,940 110009538665,2315,Medium Shade,9,60,27,46,34,28,64,25,40,31,83,22,182,38,131,98,41,35,33,39,38,,
940 110007343296,w192257,940 110009538800,w192595,Medium Shade,15,32,50,32,18,28,43,22,31,44,75,61,50,32,38,56,27,60,15,44,45,,
940 110007343296,w192257,940 110012554600,2508,Medium Shade,21,37,16,31,26,27,19,34,87,48,14,15,12,45,113,16,16,32,29,12,53,,
940 110007343296,w192257,940 110009420489,1473,Medium Shade,3,30,33,75,25,43,29,19,28,19,28,25,37,26,44,25,49,54,25,30,65,,
940 110007343296,w192257,940 110009540683,2466,Medium Shade,9,30,24,27,24,49,15,35,32,192,71,34,37,52,27,71,87,51,14,,,,
940 110007343296,w192257,940 110009539436,3729,Medium Shade,2,39,23,53,19,91,32,10,54,44,21,34,18,45,26,63,36,84,24,27,46,,
940 110007343296,w192257,940 110012565445,y1008,Medium Shade,13,34,35,42,81,48,49,40,22,42,38,48,51,45,43,53,24,34,29,19,65,,
940 110007343296,w192257,940 110012568226,w997,Medium Shade,1,57,19,16,23,30,15,20,28,97,19,84,41,33,88,83,70,36,24,43,37,,
940 110007343296,w192257,940 110012565637,w1625,Medium Shade,18,56,59,30,32,25,32,91,60,76,22,27,43,36,110,32,67,53,45,22,39,,
940 110007343296,w192257,940 110009539763,w9285,Medium Shade,15,31,42,27,31,28,28,18,39,81,31,37,55,57,92,49,38,24,76,15,24,,
940 110007343296,w192257,940 110009541617,2408,Medium Shade,6,44,17,19,25,33,36,53,45,44,55,32,51,24,39,19,53,35,34,20,35,,
940 110007343296,w192257,940 110012567356,W192374,Medium Shade,15,37,43,17,33,28,26,35,38,58,28,12,62,68,37,2,,,,,,,
940 110007343296,w192257,940 110019090424,w282,Medium Shade,4,49,55,27,32,40,37,34,30,44,45,34,67,52,75,39,53,32,43,60,27,,
940 110007343296,w192257,940 110012567347,4720,Medium Shade,9,30,82,27,11,28,11,13,45,19,25,41,42,32,117,18,42,20,11,31,15,,
940 110007343296,w192257,940 110009540694,w192407,Medium Shade,5,24,51,38,13,39,23,14,115,25,29,25,93,23,29,47,43,25,25,18,49,,
940 110007343296,w192257,940 110012568175,2476,Medium Shade,13,19,42,28,35,40,25,17,10,35,29,11,46,46,38,32,49,41,59,90,34,,
940 110007343296,w192257,940 110012553833,2465,Medium Shade,9,45,74,59,40,29,39,40,44,44,26,32,45,40,18,35,49,43,15,23,56,,
940 110007343296,w192257,940 110009541128,W1775,Medium Shade,9,32,35,44,30,66,35,38,77,52,357,23,59,47,63,38,40,33,32,25,54,,
940 110007343296,w192257,940 110012568054,2452,Medium Shade,19,40,31,18,16,30,80,33,35,72,30,25,32,25,27,23,23,27,21,18,23,,
940 110007343296,w192257,940 110009423237,2585,Medium Shade,23,36,27,47,12,30,27,16,52,57,39,46,18,100,51,32,60,44,96,19,38,,
940 110007343296,w192257,940 110009540324,2609,Medium Shade,1,46,23,31,29,26,21,101,41,51,67,17,34,49,19,35,28,41,23,95,71,,
940 110007343296,w192257,940 110012567642,w9283,Medium Shade,,42,130,39,81,29,15,46,53,27,20,38,30,47,95,49,37,43,49,51,53,,
940 110007343296,w192257,940 110009539503,3800,Medium Shade,27,24,51,71,23,32,60,42,46,58,30,44,64,112,86,40,66,35,17,16,57,,
940 110007343296,w192257,940 110009539347,w192244,Medium Shade,7,26,18,49,38,40,47,36,46,34,29,67,56,17,21,23,22,30,14,13,38,,
940 110007343296,w192257,940 110009541646,W192086,Medium Shade,52,69,19,22,43,68,31,46,123,37,33,65,73,27,13,28,27,69,14,62,37,,
940 110007343296,w192257,940 110009541583,2569,Medium Shade,1,18,19,38,41,18,32,29,71,33,30,75,45,118,58,145,43,58,36,123,80,,
940 110007343296,w192257,940 110012566812,y1030,Medium Shade,5,30,36,22,30,24,31,32,27,40,20,103,20,63,40,53,43,46,41,41,25,,
940 110007343296,w192257,940 110009538323,2499,Medium Shade,6,115,39,31,52,67,35,61,48,27,24,36,44,50,28,86,51,31,37,25,44,,
940 110007343296,w192257,940 110019091548,y425,Medium Shade,1,20,34,30,15,24,40,29,25,67,22,19,21,74,41,34,48,37,31,24,33,,
940 110007343296,w192257,940 110009541432,w1788,Medium Shade,6,28,29,13,21,18,14,42,38,33,95,83,45,56,10,25,45,39,18,47,50,,
940 110007343296,w192257,940 110009539598,2597,Medium Shade,10,46,42,57,25,32,60,40,37,52,35,38,123,82,41,46,40,25,33,36,51,,
940 110007343296,w192257,940 110009422264,2710,Medium Shade,,15,25,28,34,14,32,15,11,50,149,86,59,22,31,67,99,43,34,122,59,,
940 110007343296,w192257,940 110009538769,y1002,Medium Shade,,35,21,31,37,43,50,52,115,80,62,35,16,83,66,34,24,21,19,32,27,,
940 110007343296,w192257,940 110009540051,y1102,Medium Shade,25,39,48,33,39,38,21,26,53,53,64,184,45,71,121,40,40,48,35,41,34,,
940 110007343296,w192257,940 110009538820,w9535,Medium Shade,1,27,20,38,25,44,76,37,22,24,31,16,19,44,30,35,56,53,59,31,43,,
940 110007343296,w192257,940 110009538466,w253,Medium Shade,,30,26,40,46,51,26,79,29,42,29,69,75,58,93,58,24,52,17,102,83,,
940 110007343296,w192257,940 110012566552,2494,Medium Shade,8,27,81,20,25,12,40,18,30,46,34,24,32,66,113,34,102,57,40,42,42,,
940 110007343296,w192257,940 110019088599,3738,Medium Shade,48,25,30,44,19,49,39,15,44,44,22,45,45,79,44,23,30,99,22,38,53,,
940 110007343296,w192257,940 110019091964,y451,Medium Shade,13,36,51,36,34,25,25,38,28,35,37,13,11,36,130,33,30,34,32,38,41,,
940 110007343296,w192257,940 110009423289,2341,Medium Shade,,38,39,42,27,41,38,45,62,92,50,30,31,40,26,73,94,49,47,30,83,,
940 110007343296,w192257,940 110009541422,3734,Medium Shade,5,14,,,,,,,7,12,6,30,62,25,23,58,42,47,80,66,63,,
940 110007343296,w192257,940 110019088592,2024,Medium Shade,1,28,34,20,66,30,24,66,25,70,26,393,69,72,44,56,53,31,20,30,44,,
940 110007343296,w192257,940 110012554604,w192295,Medium Shade,9,48,38,51,20,47,57,115,46,45,37,39,21,79,28,61,39,80,29,39,52,,
940 110007343296,w192257,940 110009541500,2310,Medium Shade,1,13,37,52,71,34,38,25,73,80,38,34,41,45,42,22,32,58,30,28,44,,
940 110007343296,w192257,940 110009540105,w192314,Medium Shade,15,41,24,24,50,28,24,37,90,39,53,55,65,144,66,55,76,61,99,40,44,,
940 110007343296,w192257,940 110009539845,2635,Medium Shade,14,29,25,35,11,30,23,31,48,27,48,61,33,38,82,71,51,36,23,25,59,,
940 110007343296,w192257,940 110019089951,w192323,Medium Shade,,,,,,,,,33,12,10,15,100,20,20,24,89,85,21,59,38,,
940 110007343296,w192257,940 110012565603,3721,Medium Shade,12,30,50,28,12,29,24,61,34,66,18,39,16,24,65,22,37,27,38,22,61,,
940 110007343296,w192257,940 110009541424,2677,Medium Shade,4,14,36,20,10,27,29,34,31,100,51,20,20,21,38,25,30,38,59,24,40,,
940 110007343296,w192257,940 110012554739,w1745,Medium Shade,9,54,32,29,57,44,44,21,50,57,25,24,45,27,28,50,20,44,16,28,55,,
940 110007343296,w192257,940 110009539438,3761,Medium Shade,,20,36,28,41,20,47,21,32,41,26,107,18,36,31,34,39,63,15,18,39,,
940 110007343296,w192257,940 110019090422,3743,Medium Shade,9,35,45,31,16,48,59,169,54,40,32,18,65,61,40,23,81,47,24,22,46,,
940 110007343296,w192257,940 110019090664,w778,Medium Shade,7,20,61,24,23,31,29,26,83,47,19,35,49,28,17,17,49,50,26,21,46,,
940 110007343296,w192257,940 110009538519,2985,Medium Shade,17,36,27,26,34,64,23,16,38,58,39,24,13,26,44,11,55,62,39,18,51,,
940 110007343296,w192257,940 110012553723,w1527,Medium Shade,6,46,30,114,30,50,86,35,39,78,125,14,31,44,37,44,22,36,40,77,29,,
940 110007343296,w192257,940 110019090724,2306,Medium Shade,,30,16,41,17,28,56,35,45,54,27,29,29,49,51,63,44,98,31,24,1,,
940 110007343296,w192257,940 110009539850,2977,Medium Shade,2,25,21,25,20,33,32,57,35,38,78,36,47,55,22,4,7,6,5,4,28,,
940 110007343296,w192257,940 110019092751,2457,Medium Shade,5,15,23,16,10,23,29,12,31,28,57,148,53,49,64,68,41,33,35,35,125,,
940 110007343296,w192257,940 110009540230,w192575,Medium Shade,12,41,33,34,36,27,51,61,32,38,21,9,22,32,35,28,35,34,14,20,43,,
940 110007343296,w192257,940 110019092819,3757,Medium Shade,1,35,32,54,34,27,30,54,25,41,34,22,35,60,53,48,40,22,29,17,27,,
940 110007343296,w192257,940 110009540482,2623,Medium Shade,1,36,30,26,40,27,27,25,47,45,18,24,34,56,83,85,72,33,47,66,65,,
940 110007343296,w192257,940 110012567015,2034,Medium Shade,,27,37,48,34,29,24,25,25,41,29,55,42,111,51,49,44,27,27,24,36,,
940 110007343296,w192257,940 110009540565,w1559,Medium Shade,6,42,25,22,42,29,27,17,53,24,46,27,59,61,20,103,37,55,31,81,108,,
940 110007343296,w192257,940 110012554827,3718,Medium Shade,10,33,13,18,25,33,21,18,82,86,52,28,40,121,34,72,61,21,22,26,59,,
940 110007343296,w192257,940 110019092824,w192394,Medium Shade,1,48,20,37,57,15,30,16,99,46,46,24,19,73,31,16,42,29,4,15,136,,
940 110007343296,w192257,940 110009540872,y1052,Medium Shade,,37,44,26,46,27,43,45,29,42,62,38,50,42,51,36,54,50,46,46,36,,
940 110007343296,w192257,940 110009538678,w1619,Medium Shade,10,42,30,55,36,75,25,27,87,50,50,28,23,64,31,33,46,24,25,51,27,,
940 110007343296,w192257,940 110009538634,3000,Medium Shade,,12,49,28,7,62,19,128,528,46,25,45,27,70,26,25,34,35,22,30,132,,
940 110007343296,w192257,940 110009422305,w192301,Medium Shade,2,34,31,27,91,59,17,22,15,38,30,30,46,37,40,25,30,29,62,25,105,,
940 110007343296,w192257,940 110009540741,w275,Medium Shade,17,68,82,25,43,96,53,57,61,54,29,62,67,41,31,39,31,21,54,16,98,,
940 110007343296,w192257,940 110009539892,W1578,Medium Shade,,45,40,25,26,24,57,46,44,74,54,26,52,63,40,48,47,59,25,24,57,,
940 110007343296,w192257,940 110012565616,2446,Medium Shade,2,30,88,36,19,54,54,30,43,51,52,37,23,64,26,38,22,36,37,39,36,,
940 110007343296,w192257,940 110009541019,W192051,Medium Shade,,27,52,20,37,43,33,64,43,74,66,159,31,41,45,75,36,21,96,52,73,,
940 110007343296,w192257,940 110012564959,3735,Medium Shade,5,44,30,47,55,34,28,6,37,49,57,194,63,23,38,29,49,43,24,21,109,,
940 110007343296,w192257,940 110009538579,3755,Medium Shade,,,,,,,,,12,22,10,42,34,41,16,42,46,48,28,45,55,,
940 110007343296,w192257,940 110019088481,w192206,Medium Shade,3,22,57,15,21,41,36,39,23,20,33,58,22,11,25,23,44,88,17,8,55,,
940 110007343296,w192257,940 110019092820,w766,Medium Shade,,34,40,51,32,26,39,43,52,108,59,22,52,106,30,39,48,38,11,59,45,,
940 110007343296,w192257,940 110009540164,3731,Medium Shade,10,72,34,19,20,64,58,59,43,35,36,33,18,40,30,36,25,36,22,13,78,,
940 110007343296,w192257,940 110009540965,w1659,Medium Shade,2,27,137,34,35,42,41,29,26,67,45,53,37,31,54,36,58,39,43,122,58,,
940 110007343296,w192257,940 110009530580,2386,Medium Shade,12,61,36,25,62,27,30,20,46,28,29,83,88,33,86,21,38,46,27,47,79,,
940 110007343296,w192257,940 110019090786,4056,Medium Shade,2,25,65,48,24,29,75,25,38,56,43,22,19,69,95,31,64,42,40,26,36,,
940 110007343296,w192257,940 110009422288,5426,Medium Shade,9,27,24,25,15,51,11,12,38,27,41,16,34,38,27,39,36,16,21,34,90,,
940 110007343296,w192257,940 110009540824,2377,Medium Shade,,20,24,64,17,50,28,27,121,43,13,28,37,21,29,22,71,45,45,23,71,,
940 110007343296,w192257,940 110012565625,w793,Medium Shade,13,98,22,28,25,46,51,26,121,51,20,151,33,44,24,32,27,43,23,21,42,,
940 110007343296,w192257,940 110009541056,2334,Medium Shade,10,92,32,59,39,26,71,39,46,43,41,24,26,45,71,74,38,35,19,30,26,,
940 110007343296,w192257,940 110009422162,2531,Medium Shade,3,34,40,46,87,35,22,35,60,21,16,17,43,33,38,22,39,29,26,63,20,,
940 110007343296,w192257,940 110019088457,w1541,Medium Shade,7,53,77,11,28,34,29,48,17,34,56,29,38,131,48,31,25,73,19,25,32,,
940 110007343296,w192257,940 110009541106,2039,Medium Shade,7,55,42,31,23,92,41,32,52,41,37,48,63,39,27,108,53,46,21,34,64,,
940 110007343296,w192257,940 110012565629,2311,Medium Shade,24,66,23,39,11,28,27,15,55,27,34,18,91,47,40,106,42,52,16,31,76,,
940 110007343296,w192257,940 110009421837,w1554,Medium Shade,5,46,21,44,16,28,18,53,55,33,28,19,16,32,36,61,24,55,167,158,39,,
940 110007343296,w192257,940 110009541060,2349,Medium Shade,23,56,61,42,36,66,30,33,40,77,39,40,101,80,59,21,52,54,31,111,77,,
940 110007343296,w192257,940 110009541300,2462,Medium Shade,4,44,29,33,11,28,34,13,132,36,108,31,22,31,31,26,59,39,24,131,41,,
940 110007343296,w192257,940 110009540130,2685,Medium Shade,12,42,54,44,23,28,17,22,55,94,38,45,59,59,81,57,46,33,22,25,60,,
940 110007343296,w192257,940 110009538657,w767,Medium Shade,15,67,34,111,24,36,30,132,47,72,87,67,74,27,38,38,51,65,23,42,85,,
940 110007343296,w192257,940 110019091288,w1540,Medium Shade,,44,55,61,21,56,40,11,26,55,55,29,38,65,140,102,26,27,22,25,53,,
940 110007343296,w192257,940 110012567096,w192033,Medium Shade,,32,20,26,29,29,30,9,122,22,36,47,41,89,43,62,49,61,30,51,61,,
940 110007343296,w192257,940 110009422214,w1648,Medium Shade,51,81,55,44,37,41,43,74,47,22,174,48,108,56,114,28,45,29,47,51,35,,
940 110007343296,w192257,940 110012567777,W192402,Medium Shade,21,42,38,30,28,36,30,43,25,52,29,32,24,79,41,29,21,60,26,19,85,,
940 110007343296,w192257,940 110009539931,y1119,Medium Shade,,53,44,51,57,36,31,54,52,63,19,72,64,44,39,31,45,45,43,35,44,,
940 110007343296,w192257,940 110009541492,2949,Medium Shade,7,30,34,22,82,20,42,22,19,34,29,21,27,33,76,49,34,48,20,60,17,,
940 110007343296,w192257,940 110012567630,w1754,Medium Shade,11,48,50,21,44,43,45,48,31,59,37,29,49,51,40,32,40,41,88,90,74,,
940 110007343296,w192257,940 110009422261,w9560,Medium Shade,1,48,35,34,70,19,31,43,39,50,44,33,49,137,57,70,52,55,27,32,87,,
940 110007343296,w192257,940 110009540569,w743,Medium Shade,3,74,33,31,23,42,58,20,25,30,21,14,25,26,113,28,45,49,21,77,34,,
940 110007343296,w192257,940 110009538703,2589,Medium Shade,11,52,21,36,15,10,22,13,15,46,18,107,42,28,86,40,41,32,39,26,27,,
940 110007343296,w192257,940 110009538980,w1680,Medium Shade,2,19,40,24,21,44,51,53,32,72,135,230,15,27,26,55,107,58,41,34,90,,
940 110007343296,w192257,940 110009540595,2530,Medium Shade,1,61,40,45,37,73,39,42,108,42,114,72,47,47,80,27,45,44,35,35,55,,
940 110007343296,w192257,940 110019090472,W1663,Medium Shade,3,35,173,99,14,26,24,50,32,43,11,19,28,58,54,24,37,28,29,16,,,
940 110007343296,w192257,940 110009540573,2509,Medium Shade,6,49,13,20,23,36,18,24,41,15,64,22,17,32,59,33,63,33,30,62,24,,
940 110007343296,w192257,940 110019091847,y452,Medium Shade,3,39,45,63,106,14,46,56,53,29,36,54,36,27,56,27,42,29,29,37,51,,
940 110007343296,w192257,940 110012567879,2994,Medium Shade,1,38,21,32,107,42,53,21,31,32,29,23,39,69,56,26,33,64,28,29,37,,
940 110007343296,w192257,940 110009538667,2378,Medium Shade,6,22,35,39,46,30,41,37,31,47,22,86,83,30,54,60,39,60,60,58,41,,
940 110007343296,w192257,940 110012568355,w1658,Medium Shade,13,35,35,73,10,15,53,26,19,37,48,44,28,23,32,35,29,29,16,52,35,,
940 110007343296,w192257,940 110009539528,w232,Medium Shade,1,33,38,32,35,45,22,37,81,33,117,42,25,61,28,124,32,52,36,87,34,,
940 110007343296,w192257,940 110012553990,2360,Medium Shade,,25,66,35,16,29,30,41,26,66,97,37,31,57,46,17,39,28,59,27,53,,
940 110007343296,w192257,940 110012568163,Y1100,Medium Shade,16,36,51,47,47,78,59,24,33,46,22,50,23,96,134,65,85,36,19,64,31,,
940 110007343296,w192257,940 110012567544,2586,Medium Shade,1,12,32,17,10,38,23,33,38,42,58,32,29,49,49,20,45,47,20,30,39,,
940 110007343296,w192257,940 110012554464,w9561,Medium Shade,15,101,33,34,42,111,54,19,51,43,14,28,39,61,28,34,79,71,31,28,110,,
940 110007343296,w192257,940 110009541329,y462,Medium Shade,13,39,50,51,55,20,42,42,64,40,57,33,78,24,49,102,50,45,18,89,59,,
940 110007343296,w192257,940 110009540599,2514,Medium Shade,4,42,24,33,58,24,34,12,92,46,72,58,48,46,75,33,56,45,30,21,72,,
940 110007343296,w192257,940 110019091241,2367,Medium Shade,1,49,26,34,52,59,46,90,29,23,35,26,35,102,49,49,40,47,18,31,96,,
940 110007343296,w192257,940 110009540544,Y1084,Medium Shade,2,54,69,55,23,33,40,23,117,42,44,48,37,55,101,44,45,38,26,35,58,,
940 110007343296,w192257,940 110009538761,2894,Medium Shade,9,56,38,25,15,37,55,36,112,64,67,39,39,54,23,52,33,45,28,53,72,,
940 110007343296,w192257,940 110012567418,y471,Medium Shade,9,29,40,38,61,27,26,40,45,84,111,94,29,63,69,74,49,31,54,65,75,,
940 110007343296,w192257,940 110012568034,2390,Medium Shade,5,21,30,37,15,26,33,24,111,27,28,48,51,28,28,25,62,36,57,50,20,,
940 110007343296,w192257,940 110009541611,2692,Medium Shade,21,42,26,24,43,22,38,49,25,61,27,42,45,52,34,34,59,41,15,121,89,,
940 110007343296,w192257,940 110009541005,w1581,Medium Shade,20,66,30,37,64,35,47,22,58,63,25,52,47,60,69,59,45,42,57,28,36,,
940 110007343296,w192257,940 110012567889,2421,Medium Shade,1,23,26,17,14,24,22,30,22,52,20,16,32,74,36,32,26,32,24,68,48,,
940 110007343296,w192257,940 110012568242,w1779,Medium Shade,4,27,61,29,39,55,32,41,205,82,21,41,50,71,97,52,31,23,42,44,68,,
940 110007343058,w192408,940 110009423305,y1018,Medium Shade,4,39,36,51,13,31,48,20,31,25,43,19,566,76,,17,44,73,71,,,,
940 110007343058,w192408,940 110009538683,2982,Medium Shade,1,15,22,37,43,43,32,49,61,51,33,137,140,,,39,23,35,68,,,,
940 110007343058,w192408,940 110009539776,w1562,Medium Shade,9,33,52,40,28,20,20,18,13,43,30,27,49,,,24,35,25,41,1,,,
940 110007343058,w192408,940 110009538773,W192534,Medium Shade,12,46,9,16,16,46,30,38,101,34,42,42,197,2,,46,21,48,206,,,,
940 110007343058,w192408,940 110009539512,y461,Medium Shade,16,41,21,37,11,18,15,28,31,40,14,22,55,,,36,106,90,175,,,,
940 110007343058,w192408,940 110012568063,2011,Medium Shade,,65,53,44,29,49,70,81,56,28,36,134,125,,,53,20,39,61,5,,,
940 110007343058,w192408,940 110019090313,2453,Medium Shade,,20,25,35,12,19,58,66,58,51,53,30,91,17,,22,26,31,54,1,,,
940 110007343058,w192408,940 110009538600,O45,Medium Shade,13,31,50,59,43,27,17,12,105,49,25,28,88,2,,30,27,110,62,1,,,
940 110007343058,w192408,940 110009539531,2720,Medium Shade,19,52,105,32,11,36,18,50,74,43,40,59,138,21,,21,66,28,33,,,,
940 110007343058,w192408,940 110019091113,2333,Medium Shade,2,22,7,32,19,41,43,32,86,67,34,15,95,16,,63,19,39,97,,,,
940 110007343058,w192408,940 110009539554,2426,Medium Shade,9,40,18,41,10,16,43,33,20,41,19,15,197,2,,39,44,31,93,4,,,
940 110007343058,w192408,940 110012567199,2442,Medium Shade,,24,38,58,49,28,33,72,40,26,25,32,92,12,,43,59,27,57,,,,
940 110007343058,w192408,940 110012567432,3739,Medium Shade,,,,,,,,,11,14,9,33,87,,,32,62,46,38,2,,,
940 110007343058,w192408,940 110019091096,3740,Medium Shade,1,13,39,27,10,29,30,28,40,134,29,21,86,20,,11,34,30,70,,,,
940 110007343058,w192408,940 110009539788,2896,Medium Shade,,26,43,28,359,28,32,2,55,42,46,62,53,,,27,10,33,44,,,,
940 110007343058,w192408,940 110009538658,w192549,Medium Shade,,14,28,37,30,16,13,24,43,20,25,18,42,20,,18,103,23,61,,,,
940 110007343058,w192408,940 110009539901,w787,Medium Shade,10,29,13,15,19,177,26,24,34,37,18,20,78,29,,27,38,45,102,,,,
940 110007343058,w192408,940 110019090804,w1682,Medium Shade,1,46,28,20,39,45,26,37,89,155,18,14,124,2,,39,38,44,49,,,,
940 110007343058,w192408,940 110009422295,3760,Medium Shade,1,13,36,28,9,23,19,28,109,36,31,54,128,25,,422,165,35,65,,,,
940 110007343058,w192408,940 110019090337,w233,Medium Shade,,24,17,26,17,26,6,18,25,21,57,35,118,7,,26,32,51,136,,,,
940 110007343058,w192408,940 110019090456,w192035,Medium Shade,,18,42,37,21,39,68,8,31,68,107,43,133,,,37,28,30,55,4,,,
940 110007343058,w192408,940 110019091425,w1704,Medium Shade,,26,27,156,26,16,55,46,48,37,27,27,125,9,,25,21,34,43,1,,,
940 110007343058,w192408,940 110019091126,w1524,Medium Shade,,53,54,12,19,23,20,32,35,37,20,43,160,1,,11,47,41,85,,,,
940 110007343058,w192408,940 110009539936,Y433,Medium Shade,21,32,20,33,14,36,19,25,19,51,116,16,53,,,13,32,30,47,,,,
940 110007343058,w192408,940 110012554582,y465,Medium Shade,8,34,36,25,16,33,26,14,94,52,34,90,111,10,,31,78,158,50,3,,,
940 110007343058,w192408,940 110019089967,2715,Medium Shade,11,38,38,25,37,57,27,26,71,29,28,44,226,5,,16,38,43,63,,,,
940 110007343058,w192408,940 110019091882,2424,Medium Shade,,9,26,28,14,40,22,1,57,27,19,36,140,79,,33,18,63,127,1,,,
940 110007343058,w192408,940 110012567369,w237,Medium Shade,11,28,38,19,15,21,53,31,62,44,51,29,105,,,60,99,44,108,,,,
940 110007343058,w192408,940 110009539428,2342,Medium Shade,17,56,25,61,23,32,57,33,69,73,23,35,410,34,,15,32,30,49,2,,,
940 110007343058,w192408,940 110012553681,2477,Medium Shade,6,30,31,39,30,34,217,25,22,28,17,35,93,58,,29,26,47,93,3,,,
940 110007343058,w192408,940 110019091482,w1631,Medium Shade,11,50,54,43,8,17,14,16,14,31,19,15,160,13,,38,196,463,79,,,,
940 110007343058,w192408,940 110019092812,2599,Medium Shade,1,11,35,63,27,19,26,36,32,12,63,23,76,,,24,12,17,56,,,,
940 110007343058,w192408,940 110012568023,2370,Medium Shade,10,24,21,35,22,20,162,281,34,34,21,49,63,1,,59,31,29,84,,,,
940 110007343058,w192408,940 110012553997,2566,Medium Shade,,10,17,25,18,7,37,6,9,31,3,25,106,118,,66,59,11,93,,,,
940 110007343058,w192408,940 110019092000,y499,Medium Shade,,27,19,33,15,28,19,14,64,14,41,20,161,8,,151,33,34,65,,,,
940 110007343058,w192408,940 110009541309,2611,Medium Shade,,14,46,19,20,60,6,44,64,35,35,32,163,16,,20,34,58,180,1,,,
940 110007343058,w192408,940 110009541581,2539,Medium Shade,13,46,87,33,67,19,36,92,61,380,218,28,178,,,46,20,37,73,4,,,
940 110007343058,w192408,940 110019089806,3752,Medium Shade,,16,28,41,45,11,40,14,23,21,81,25,43,13,,20,30,40,16,1,,,
940 110007343058,w192408,940 110012566817,2404,Medium Shade,28,47,43,32,35,54,38,50,95,44,52,18,123,30,,481,85,55,57,,,,
940 110007343058,w192408,940 110009540223,2538,Medium Shade,8,20,56,22,14,45,25,12,123,48,24,13,202,13,,39,39,85,56,4,,,
940 110007343058,w192408,940 110009541067,w192001,Medium Shade,16,29,51,67,31,217,144,30,31,19,23,20,105,,,33,35,43,30,1,,,
940 110007343058,w192408,940 110019092766,2491,Medium Shade,,,,,,,,,4,13,9,36,43,11,,17,18,35,28,2,,,
940 110007343058,w192408,940 110019090378,2926,Medium Shade,,14,9,35,14,28,51,21,39,33,81,62,505,16,,23,41,34,44,4,,,
940 110007343058,w192408,940 110009540382,2576,Medium Shade,6,47,35,45,22,33,29,51,59,120,41,19,43,14,,17,51,41,82,1,,,
940 110007343058,w192408,951 000016128364,w192569,Medium Shade,7,48,29,47,32,19,27,31,76,40,54,34,123,,,15,56,31,70,,,,
940 110007343058,w192408,940 110009540658,2564,Medium Shade,14,30,46,30,33,57,50,51,43,40,41,484,106,2,,52,32,35,19,,,,
940 110007343058,w192408,940 110009538792,w192551,Medium Shade,7,42,13,20,76,13,13,9,16,31,37,44,69,2,,409,25,27,39,,,,
940 110007343058,w192408,940 110009423311,2474,Medium Shade,2,11,39,45,24,18,23,21,21,34,15,23,62,4,,75,42,24,42,1,,,
940 110007343058,w192408,940 110019090769,2718,Medium Shade,1,17,85,42,54,22,19,32,72,31,33,22,58,,,117,37,53,49,3,,,
940 110007343058,w192408,940 110012567383,y1093,Medium Shade,6,47,64,34,84,40,35,66,75,38,41,17,83,18,,19,42,42,64,,,,
940 110007343058,w192408,940 110009540938,2430,Medium Shade,1,27,33,12,30,35,79,143,28,21,30,138,84,,,52,34,42,41,1,,,
940 110007343058,w192408,940 110009539956,2719,Medium Shade,14,23,80,23,23,20,17,40,36,32,7,14,68,,,24,24,19,87,,,,
940 110007343058,w192408,940 110012567670,y422,Medium Shade,18,32,55,21,33,40,28,24,89,35,20,30,112,36,,24,40,27,52,4,,,
940 110007343058,w192408,940 110009422310,w192083,Medium Shade,2,19,33,322,22,37,35,26,41,15,44,75,78,20,,22,52,31,148,,,,
940 110007343058,w192408,940 110009423033,w192107,Medium Shade,,5,4,12,81,18,22,5,20,689,92,67,58,21,,31,31,39,47,1,,,
940 110007343058,w192408,940 110009540986,2500,Medium Shade,,14,46,71,23,58,45,20,64,42,25,12,123,28,,101,56,26,48,,,,
940 110007343058,w192408,940 110009540715,2612,Medium Shade,,25,28,34,31,85,68,64,155,69,32,37,123,22,,24,32,24,125,,,,
940 110007343058,w192408,940 110009540242,w192165,Medium Shade,12,39,36,35,9,31,9,37,110,30,32,30,106,,,26,101,21,39,5,,,
940 110007343058,w192408,940 110019091579,w977,Medium Shade,6,21,31,50,39,31,29,99,37,29,45,41,366,9,,57,20,23,39,,,,
940 110007343058,w192408,940 110009540590,3766,Medium Shade,1,13,20,16,34,26,22,21,34,30,15,70,71,,,12,84,18,53,1,,,
940 110007343058,w192408,940 110019090700,3797,Medium Shade,11,32,23,35,41,166,72,23,32,43,38,40,52,5,,27,32,15,25,7,,,
940 110007343058,w192408,940 110012553857,w1602,Medium Shade,13,35,150,49,17,42,60,24,27,95,46,40,88,15,,24,37,36,31,,,,
940 110007343058,w192408,940 110019089984,2580,Medium Shade,2,14,30,26,23,45,49,41,80,168,83,41,83,25,,36,15,39,73,,,,
940 110007343058,w192408,940 110019091108,2532,Medium Shade,,24,44,21,29,20,29,57,44,40,32,45,79,9,,39,27,25,103,,,,
940 110007343058,w192408,940 110019090665,w1747,Medium Shade,1,16,48,39,40,30,121,17,35,57,37,12,38,17,,20,33,16,38,,,,
940 110007343058,w192408,940 110012553583,w1618,Medium Shade,,38,56,69,53,32,28,46,53,74,27,73,180,,,36,20,64,62,,,,
940 110007343058,w192408,940 110019091098,w192426,Medium Shade,27,50,30,21,17,23,37,16,18,62,21,39,44,,,30,17,24,60,,,,
940 110007343058,w192408,940 110012566414,2330,Medium Shade,,14,24,43,23,11,23,40,30,51,37,14,168,1,,15,8,17,26,1,,,
940 110007343058,w192408,940 110012566856,2449,Medium Shade,1,65,35,18,36,46,20,38,72,64,36,32,245,2,,29,51,45,119,,,,
940 110007343058,w192408,940 110009540843,3730,Medium Shade,4,35,26,38,28,39,49,67,41,64,56,13,51,5,,31,25,33,61,5,,,
940 110007343058,w192408,940 110009541384,2339,Medium Shade,19,18,30,25,26,27,46,62,43,49,33,28,370,,,30,37,33,89,4,,,
940 110007343058,w192408,940 110009538987,3723,Medium Shade,6,32,30,28,82,38,16,28,438,220,22,41,42,29,,29,26,49,80,,,,
940 110007343058,w192408,940 110009540744,3764,Medium Shade,9,36,19,12,36,16,18,25,82,31,25,48,44,,,49,22,14,25,,,,
940 110007343058,w192408,940 110009539959,w192501,Medium Shade,3,19,21,18,83,14,31,40,31,38,33,8,216,3,,50,24,24,33,,,,
940 110007343058,w192408,940 110009541554,2435,Medium Shade,1,11,20,13,34,27,37,18,14,26,39,34,121,2,,36,40,24,115,,,,
940 110007343058,w192408,940 110019088512,2525,Medium Shade,38,55,19,29,38,49,36,35,21,19,31,7,85,,,39,61,35,66,,,,
940 110007343058,w192408,940 110009538645,2387,Medium Shade,8,19,5,30,5,15,36,78,18,15,40,18,59,,,25,54,16,42,4,,,
940 110007343058,w192408,940 110009422834,2605,Medium Shade,19,35,44,13,23,38,30,26,25,18,15,39,73,7,,13,20,40,55,,,,
940 110007343058,w192408,940 110012566508,2403,Medium Shade,3,25,52,20,15,72,41,29,56,107,93,12,116,3,,34,40,74,57,1,,,
940 110007343058,w192408,940 110009541417,2308,Medium Shade,2,7,19,14,19,22,16,13,33,26,45,117,96,3,,43,38,16,68,5,,,
940 110007343058,w192408,940 110012568279,2487,Medium Shade,1,20,18,6,25,32,193,59,30,31,30,17,32,17,,38,14,45,68,,,,
940 110007343058,w192408,940 110009423063,w192381,Medium Shade,11,28,72,33,36,30,19,56,49,43,26,11,104,,,28,32,49,65,4,,,
940 110007343058,w192408,940 110009538626,w984,Medium Shade,18,32,53,20,23,12,34,40,29,38,50,37,44,1,,22,657,40,40,,,,
940 110007343058,w192408,940 110019088560,2588,Medium Shade,,27,40,19,142,22,30,71,97,77,34,56,88,24,,36,49,32,30,,,,
940 110007343058,w192408,940 110009539591,w796,Medium Shade,,7,19,18,28,18,32,22,51,15,19,348,204,18,,19,44,18,25,2,,,
940 110007343058,w192408,940 110009540065,3767,Medium Shade,,47,21,11,19,14,40,11,28,35,14,40,793,60,,83,41,43,68,4,,,
940 110007343058,w192408,940 110012566861,w949,Medium Shade,1,25,46,82,35,19,23,31,38,24,20,13,103,21,,14,29,40,54,,,,
940 110007343058,w192408,940 110009538492,w192361,Medium Shade,14,12,10,89,28,48,33,24,31,40,42,34,223,,,17,38,41,53,,,,
940 110007343058,w192408,940 110009540542,w987,Medium Shade,33,49,63,37,65,60,24,36,48,34,60,47,101,,,42,35,28,81,4,,,
940 110007343058,w192408,940 110012566440,3722,Medium Shade,11,76,67,32,72,42,30,84,74,36,144,409,115,8,,81,27,34,83,,,,
940 110007343058,w192408,940 110009541058,2368,Medium Shade,13,25,25,18,25,38,47,41,67,40,58,297,148,87,,43,37,34,62,5,,,
940 110007343058,w192408,940 110009531315,w192428,Medium Shade,7,43,23,24,7,9,11,14,28,63,33,74,152,,,18,39,54,38,1,,,
940 110007343058,w192408,940 110009423264,w192571,Medium Shade,25,35,32,12,29,47,31,33,25,59,57,15,91,14,,27,43,74,54,,,,
940 110007343058,w192408,940 110009538313,2992,Medium Shade,3,67,28,9,17,15,29,12,28,45,38,41,59,2,,18,45,16,29,,,,
940 110007343058,w192408,940 110012554097,2455,Medium Shade,16,27,20,19,31,47,29,19,62,57,31,31,77,9,,43,28,48,55,,,,
940 110007343058,w192408,940 110012566578,2996,Medium Shade,19,51,36,69,15,30,29,53,41,71,37,38,93,,,75,26,23,37,1,,,
940 110007343058,w192408,940 110009541400,2497,Medium Shade,4,43,51,42,18,64,21,41,39,53,48,33,220,5,,55,78,50,104,5,,,
940 110007343058,w192408,940 110012567493,w781,Medium Shade,,,,,,,,,5,16,7,17,116,,,40,19,37,107,1,,,
940 110007343058,w192408,940 110012567433,w9276,Medium Shade,17,44,26,21,49,113,39,44,23,50,63,13,56,147,,22,17,25,37,,,,
940 110007343058,w192408,940 110009540342,2414,Medium Shade,17,39,47,18,34,24,19,17,53,62,70,43,111,130,,22,39,16,137,,,,
940 110007343058,w192408,940 110009539869,2412,Medium Shade,10,52,11,37,73,135,19,11,39,68,33,42,111,6,,20,24,27,81,,,,
940 110007343058,w192408,940 110009538378,2516,Medium Shade,15,35,54,32,14,37,40,27,220,34,28,21,122,7,,44,47,46,76,,,,
940 110007343058,w192408,940 110019088459,w192346,Medium Shade,,38,20,80,58,38,13,34,27,32,25,15,38,25,,13,23,27,28,,,,
940 110007343058,w192408,940 110009541620,3768,Medium Shade,12,145,81,35,44,22,27,54,38,44,19,35,107,29,,45,23,141,158,,,,
940 110007343058,w192408,940 110009538665,2315,Medium Shade,15,88,48,25,50,35,22,16,67,40,11,34,137,5,,54,24,33,77,,,,
940 110007343058,w192408,940 110009538800,w192595,Medium Shade,12,51,22,9,77,39,34,14,24,63,40,135,115,,,35,21,25,56,,,,
940 110007343058,w192408,940 110012554600,2508,Medium Shade,6,27,17,23,13,24,20,17,20,36,77,19,102,1,,17,36,13,78,,,,
940 110007343058,w192408,940 110009420489,1473,Medium Shade,,12,42,12,147,37,19,14,16,49,35,41,101,,,40,48,23,45,,,,
940 110007343058,w192408,940 110009540683,2466,Medium Shade,5,12,20,39,68,17,30,18,26,413,165,115,31,,,9,25,19,23,,,,
940 110007343058,w192408,940 110009539436,3729,Medium Shade,1,23,50,126,19,10,21,13,99,36,42,63,42,,,16,82,61,52,1,,,
940 110007343058,w192408,940 110012565445,y1008,Medium Shade,11,30,33,32,61,23,44,58,41,53,137,9,46,,,26,23,28,42,,,,
940 110007343058,w192408,940 110012568226,w997,Medium Shade,1,42,39,31,95,33,54,74,56,98,44,64,101,6,,20,25,36,45,1,,,
940 110007343058,w192408,940 110012565637,w1625,Medium Shade,17,77,33,96,27,17,81,41,20,47,61,38,89,8,,30,49,28,61,1,,,
940 110007343058,w192408,940 110009539763,w9285,Medium Shade,20,38,7,19,30,20,24,24,18,80,15,8,85,12,,14,24,14,60,7,,,
940 110007343058,w192408,940 110009541617,2408,Medium Shade,11,31,10,57,26,22,30,16,73,31,41,24,91,23,,16,37,53,84,,,,
940 110007343058,w192408,940 110019090424,w282,Medium Shade,15,33,29,50,37,28,49,24,55,56,34,16,85,6,,28,33,467,90,,,,
940 110007343058,w192408,940 110012567347,4720,Medium Shade,,29,93,15,22,15,23,17,28,14,66,33,128,82,,15,15,15,60,1,,,
940 110007343058,w192408,940 110009540694,w192407,Medium Shade,5,21,86,73,10,11,15,16,22,49,6,23,51,6,,34,51,31,43,,,,
940 110007343058,w192408,940 110012568175,2476,Medium Shade,9,15,17,44,24,31,4,10,18,150,117,71,117,10,,23,44,37,59,,,,
940 110007343058,w192408,940 110012553833,2465,Medium Shade,7,35,43,6,52,33,56,32,132,51,39,43,140,6,,41,33,32,62,4,,,
940 110007343058,w192408,940 110009541128,W1775,Medium Shade,18,52,67,31,35,46,26,14,60,27,59,9,85,4,,25,46,41,53,,,,
940 110007343058,w192408,940 110012568054,2452,Medium Shade,13,49,11,18,34,35,57,53,31,55,48,112,82,4,,62,38,36,38,,,,
940 110007343058,w192408,940 110009423237,2585,Medium Shade,39,34,26,27,12,26,9,18,57,89,19,17,181,9,,29,23,18,61,,,,
940 110007343058,w192408,940 110009540324,2609,Medium Shade,2,27,15,19,12,11,26,37,199,51,24,22,104,,,33,35,20,73,5,,,
940 110007343058,w192408,940 110012567642,w9283,Medium Shade,3,198,248,21,14,30,53,33,32,15,21,60,113,,,17,29,58,87,2,,,
940 110007343058,w192408,940 110009539503,3800,Medium Shade,16,30,18,72,36,13,42,64,23,62,16,33,63,,,69,23,16,63,,,,
940 110007343058,w192408,940 110009539347,w192244,Medium Shade,4,27,29,50,35,31,37,29,97,30,60,17,119,40,,35,36,22,59,,,,
940 110007343058,w192408,940 110009541646,W192086,Medium Shade,9,53,60,19,20,34,27,29,20,42,23,90,124,,,37,38,29,87,,,,
940 110007343058,w192408,940 110009541583,2569,Medium Shade,2,37,60,23,74,31,28,41,90,54,122,117,98,4,,64,110,32,95,2,,,
940 110007343058,w192408,940 110012566812,y1030,Medium Shade,11,38,26,14,60,25,27,37,21,19,35,102,77,10,,23,36,70,96,4,,,
940 110007343058,w192408,940 110009538323,2499,Medium Shade,16,59,57,14,21,29,42,50,41,27,18,36,80,17,,56,55,96,58,,,,
940 110007343058,w192408,940 110019091548,y425,Medium Shade,,50,19,20,18,31,35,33,45,97,82,43,75,6,,23,65,28,49,,,,
940 110007343058,w192408,940 110009541432,w1788,Medium Shade,8,29,17,30,33,46,8,22,43,32,28,132,129,,,36,50,20,113,3,,,
940 110007343058,w192408,940 110009539598,2597,Medium Shade,52,73,51,28,45,37,33,43,92,31,45,182,133,30,,51,42,43,46,5,,,
940 110007343058,w192408,940 110009422264,2710,Medium Shade,1,12,16,13,31,11,28,10,29,39,29,55,45,,,44,31,106,39,,,,
940 110007343058,w192408,940 110009538769,y1002,Medium Shade,2,15,39,48,32,39,53,42,192,195,22,31,65,6,,44,36,26,64,1,,,
940 110007343058,w192408,940 110009540051,y1102,Medium Shade,6,50,52,30,36,36,47,85,22,46,54,120,135,5,,59,44,20,51,,,,
940 110007343058,w192408,940 110009538820,w9535,Medium Shade,4,77,27,18,6,28,32,76,24,46,36,9,44,11,,52,57,36,91,,,,
940 110007343058,w192408,940 110009538466,w253,Medium Shade,3,32,27,42,86,35,27,33,60,42,35,20,185,,,26,106,58,53,1,,,
940 110007343058,w192408,940 110012566552,2494,Medium Shade,17,23,35,16,62,25,22,16,127,24,36,40,51,50,,62,50,46,161,,,,
940 110007343058,w192408,940 110019088599,3738,Medium Shade,1,108,14,63,37,44,40,31,40,54,96,18,109,7,,10,28,50,90,,,,
940 110007343058,w192408,940 110019091964,y451,Medium Shade,38,34,38,45,58,39,29,32,26,45,48,40,48,,,25,51,37,58,2,,,
940 110007343058,w192408,940 110009423289,2341,Medium Shade,2,44,28,25,12,15,34,41,19,23,14,25,146,7,,53,67,52,155,4,,,
940 110007343058,w192408,940 110009541422,3734,Medium Shade,8,2,,,,,,,42,8,2,20,181,,,63,42,43,119,2,,,
940 110007343058,w192408,940 110019088592,2024,Medium Shade,3,13,25,18,28,20,52,34,64,37,53,70,234,7,,24,26,79,72,1,,,
940 110007343058,w192408,940 110012554604,w192295,Medium Shade,27,42,39,23,28,34,73,62,37,57,159,47,87,5,,25,22,20,114,,,,
940 110007343058,w192408,940 110009541500,2310,Medium Shade,3,22,65,29,34,22,93,43,87,48,48,46,142,114,,31,42,23,69,,,,
940 110007343058,w192408,940 110009540105,w192314,Medium Shade,21,57,33,56,36,61,39,45,22,26,14,45,116,14,,43,65,18,96,1,,,
940 110007343058,w192408,940 110009539845,2635,Medium Shade,8,23,83,70,27,45,34,88,34,24,38,19,124,26,,72,38,28,103,,,,
940 110007343058,w192408,940 110019089951,w192323,Medium Shade,,,,,,,,,23,7,23,34,44,3,,30,33,41,38,,,,
940 110007343058,w192408,940 110012565603,3721,Medium Shade,28,41,58,42,20,17,7,35,62,32,24,29,71,4,,19,49,16,37,3,,,
940 110007343058,w192408,940 110009541424,2677,Medium Shade,,12,12,24,14,4,40,20,31,14,14,19,62,,,28,25,55,76,,,,
940 110007343058,w192408,940 110012554739,w1745,Medium Shade,11,64,25,25,23,23,31,15,17,68,21,17,175,1,,73,52,29,48,3,,,
940 110007343058,w192408,940 110009539438,3761,Medium Shade,2,15,14,59,31,16,17,23,20,26,34,61,64,5,,23,27,27,52,,,,
940 110007343058,w192408,940 110019090422,3743,Medium Shade,14,24,30,23,119,55,30,291,24,27,39,12,32,3,,33,27,52,62,4,,,
940 110007343058,w192408,940 110019090664,w778,Medium Shade,15,38,39,30,34,33,59,41,56,40,240,33,70,11,,29,47,31,51,2,,,
940 110007343058,w192408,940 110009538519,2985,Medium Shade,10,31,25,21,5,44,9,12,26,51,57,19,109,,,29,36,59,85,,,,
940 110007343058,w192408,940 110012553723,w1527,Medium Shade,17,48,36,34,38,49,49,44,53,39,235,31,104,13,,36,44,39,101,,,,
940 110007343058,w192408,940 110019090724,2306,Medium Shade,,20,33,81,22,34,12,12,67,64,36,24,125,1,,422,34,63,24,3,,,
940 110007343058,w192408,940 110009539850,2977,Medium Shade,2,20,39,23,24,18,32,37,29,69,32,76,111,,,20,8,5,22,,,,
940 110007343058,w192408,940 110019092751,2457,Medium Shade,1,3,54,13,11,17,26,19,41,31,26,63,180,4,,91,27,69,92,,,,
940 110007343058,w192408,940 110009540230,w192575,Medium Shade,3,38,39,51,22,20,105,55,63,50,30,18,77,2,,29,46,30,49,1,,,
940 110007343058,w192408,940 110019092819,3757,Medium Shade,,20,36,27,72,10,44,31,51,33,59,21,104,3,,70,25,28,56,2,,,
940 110007343058,w192408,940 110009540482,2623,Medium Shade,2,33,38,41,90,25,43,52,31,45,12,25,66,17,,79,66,60,91,3,,,
940 110007343058,w192408,940 110012567015,2034,Medium Shade,1,8,19,26,23,20,19,53,55,41,21,251,580,4,,89,36,27,38,,,,
940 110007343058,w192408,940 110009540565,w1559,Medium Shade,9,31,55,19,16,20,33,32,50,37,9,46,95,28,,145,54,54,122,,,,
940 110007343058,w192408,940 110012554827,3718,Medium Shade,6,29,26,21,27,30,37,13,31,67,51,18,79,33,,19,31,39,106,,,,
940 110007343058,w192408,940 110019092824,w192394,Medium Shade,,27,26,17,46,58,33,16,16,21,65,16,64,,,17,29,57,20,,,,
940 110007343058,w192408,940 110009540872,y1052,Medium Shade,,17,29,14,27,26,24,26,20,24,42,22,56,18,,29,146,83,50,1,,,
940 110007343058,w192408,940 110009538678,w1619,Medium Shade,9,25,25,39,56,43,23,31,59,165,148,22,74,18,,36,63,48,43,,,,
940 110007343058,w192408,940 110009538634,3000,Medium Shade,1,7,19,38,13,18,30,20,96,31,38,89,41,5,,11,25,13,91,,,,
940 110007343058,w192408,940 110009422305,w192301,Medium Shade,,23,41,54,65,105,41,118,20,27,74,119,112,2,,30,26,60,93,,,,
940 110007343058,w192408,940 110009540741,w275,Medium Shade,5,296,13,25,24,45,54,27,54,50,81,64,129,137,,39,33,51,51,1,,,
940 110007343058,w192408,940 110009539892,W1578,Medium Shade,4,21,78,31,55,11,48,37,31,22,30,10,77,30,,105,50,38,40,5,,,
940 110007343058,w192408,940 110012565616,2446,Medium Shade,,14,31,31,69,27,59,35,37,51,337,14,73,3,,18,28,50,45,,,,
940 110007343058,w192408,940 110009541019,W192051,Medium Shade,3,21,41,27,17,22,24,65,73,37,6,40,84,33,,53,50,49,69,5,,,
940 110007343058,w192408,940 110012564959,3735,Medium Shade,,32,130,35,34,12,47,39,24,17,22,559,70,16,,91,37,63,82,2,,,
940 110007343058,w192408,940 110009538579,3755,Medium Shade,,,,,,,,,19,13,11,47,66,13,,34,24,42,54,3,,,
940 110007343058,w192408,940 110019088481,w192206,Medium Shade,,14,18,18,7,43,10,22,12,23,23,226,81,,,24,35,41,23,2,,,
940 110007343058,w192408,940 110019092820,w766,Medium Shade,,30,30,43,11,19,18,14,45,51,55,37,84,5,,47,33,48,60,,,,
940 110007343058,w192408,940 110009540164,3731,Medium Shade,21,29,39,5,133,53,91,36,52,25,37,78,24,,,29,39,76,69,1,,,
940 110007343058,w192408,940 110009540965,w1659,Medium Shade,2,59,132,35,15,32,25,14,19,29,44,22,85,4,,39,59,29,44,3,,,
940 110007343058,w192408,940 110009530580,2386,Medium Shade,24,39,29,28,37,16,49,74,36,35,18,42,119,18,,94,37,58,87,1,,,
940 110007343058,w192408,940 110019090786,4056,Medium Shade,1,16,23,26,23,45,22,84,59,64,55,12,31,9,,177,99,32,114,4,,,
940 110007343058,w192408,940 110009422288,5426,Medium Shade,11,19,14,69,56,14,23,11,28,25,16,35,132,,,20,21,40,36,,,,
940 110007343058,w192408,940 110009540824,2377,Medium Shade,9,10,27,17,46,20,15,21,16,22,32,14,59,,,41,42,28,69,2,,,
940 110007343058,w192408,940 110012565625,w793,Medium Shade,21,27,47,35,19,31,16,40,25,22,64,39,86,2,,15,54,50,22,,,,
940 110007343058,w192408,940 110009541056,2334,Medium Shade,12,60,56,28,42,51,27,48,47,51,64,24,96,12,,44,32,86,38,2,,,
940 110007343058,w192408,940 110009422162,2531,Medium Shade,1,14,53,76,101,47,32,17,24,37,9,21,130,12,,28,34,13,45,3,,,
940 110007343058,w192408,940 110019088457,w1541,Medium Shade,,371,21,70,35,32,32,13,18,17,45,10,43,31,,33,16,22,62,,,,
940 110007343058,w192408,940 110009541106,2039,Medium Shade,6,32,35,32,27,66,52,26,31,34,23,16,103,13,,41,41,38,38,2,,,
940 110007343058,w192408,940 110012565629,2311,Medium Shade,62,105,18,13,16,14,39,67,46,29,45,32,141,10,,79,65,48,74,4,,,
940 110007343058,w192408,940 110009421837,w1554,Medium Shade,12,33,39,69,26,9,24,9,18,57,53,23,40,2,,22,64,78,191,,,,
940 110007343058,w192408,940 110009541060,2349,Medium Shade,13,50,28,19,55,93,50,39,103,60,22,68,531,8,,19,26,19,84,,,,
940 110007343058,w192408,940 110009541300,2462,Medium Shade,,15,25,20,19,29,20,20,37,318,63,59,90,1,,26,13,36,86,,,,
940 110007343058,w192408,940 110009540130,2685,Medium Shade,16,63,38,29,39,43,65,25,55,113,43,106,87,15,,31,37,44,110,2,,,
940 110007343058,w192408,940 110009538657,w767,Medium Shade,68,114,28,20,21,51,15,29,28,43,24,6,175,,,27,23,49,85,,,,
940 110007343058,w192408,940 110019091288,w1540,Medium Shade,1,54,40,11,25,43,28,23,40,51,75,75,41,11,,36,31,48,76,,,,
940 110007343058,w192408,940 110012567096,w192033,Medium Shade,1,23,40,154,39,18,16,42,48,21,12,19,107,2,,15,43,42,131,2,,,
940 110007343058,w192408,940 110009422214,w1648,Medium Shade,48,89,23,30,48,28,32,44,113,40,19,28,200,26,,57,41,58,43,1,,,
940 110007343058,w192408,940 110012567777,W192402,Medium Shade,31,22,53,56,27,21,31,53,67,77,51,89,89,32,,13,31,26,53,3,,,
940 110007343058,w192408,940 110009539931,y1119,Medium Shade,,41,42,46,76,36,51,72,38,115,36,85,117,9,,31,44,26,106,,,,
940 110007343058,w192408,940 110009541492,2949,Medium Shade,10,20,29,29,30,18,29,19,13,29,34,15,165,74,,32,27,17,80,,,,
940 110007343058,w192408,940 110012567630,w1754,Medium Shade,8,32,35,35,79,45,36,74,58,44,68,34,102,5,,33,28,52,282,10,,,
940 110007343058,w192408,940 110009422261,w9560,Medium Shade,4,25,39,112,43,33,31,53,18,64,16,44,125,14,,43,20,72,86,1,,,
940 110007343058,w192408,940 110009540569,w743,Medium Shade,6,38,31,38,5,42,57,20,77,46,37,25,181,,,27,15,28,80,4,,,
940 110007343058,w192408,940 110009538703,2589,Medium Shade,5,34,17,14,15,33,10,17,22,30,43,21,93,,,36,334,72,63,,,,
940 110007343058,w192408,940 110009538980,w1680,Medium Shade,,25,37,31,27,28,8,56,67,46,42,137,57,13,,24,54,40,82,2,,,
940 110007343058,w192408,940 110009540595,2530,Medium Shade,1,56,62,44,28,33,32,24,95,30,83,24,94,2,,21,69,44,149,,,,
940 110007343058,w192408,940 110019090472,W1663,Medium Shade,,11,45,24,31,24,41,55,68,49,33,21,104,3,,25,14,37,85,,,,
940 110007343058,w192408,940 110009540573,2509,Medium Shade,23,31,33,10,23,9,26,28,14,16,28,9,79,,,41,34,32,58,,,,
940 110007343058,w192408,940 110019091847,y452,Medium Shade,,8,36,36,22,44,51,44,59,37,38,11,120,5,,28,23,53,41,2,,,
940 110007343058,w192408,940 110012567879,2994,Medium Shade,1,15,32,216,178,19,33,50,47,60,34,35,68,6,,39,32,37,111,5,,,
940 110007343058,w192408,940 110009538667,2378,Medium Shade,9,21,6,42,36,35,35,18,25,33,68,40,44,,,24,39,18,55,3,,,
940 110007343058,w192408,940 110012568355,w1658,Medium Shade,34,69,19,31,7,18,33,12,39,33,17,25,21,4,,23,16,20,57,,,,
940 110007343058,w192408,940 110009539528,w232,Medium Shade,2,24,60,51,14,22,45,53,36,53,44,16,105,,,33,23,25,64,,,,
940 110007343058,w192408,940 110012553990,2360,Medium Shade,1,24,69,12,6,28,25,43,20,30,9,34,81,1,,26,32,15,63,,,,
940 110007343058,w192408,940 110012568163,Y1100,Medium Shade,44,46,55,46,20,51,52,31,33,42,73,27,146,5,,27,505,209,113,,,,
940 110007343058,w192408,940 110012567544,2586,Medium Shade,,10,19,37,4,44,12,18,34,42,17,26,107,116,,20,24,80,44,1,,,
940 110007343058,w192408,940 110012554464,w9561,Medium Shade,14,31,41,33,36,25,22,39,89,81,35,20,133,,,29,27,47,67,,,,
940 110007343058,w192408,940 110009541329,y462,Medium Shade,9,83,18,46,28,35,44,36,32,22,89,17,68,28,,54,33,35,67,,,,
940 110007343058,w192408,940 110009540599,2514,Medium Shade,28,32,18,42,44,30,38,30,95,36,26,57,127,17,,34,71,114,75,2,,,
940 110007343058,w192408,940 110019091241,2367,Medium Shade,,20,25,39,123,32,28,62,54,21,48,29,141,5,,25,22,43,68,1,,,
940 110007343058,w192408,940 110009540544,Y1084,Medium Shade,1,35,23,27,55,15,24,97,40,62,52,14,81,,,22,17,20,96,1,,,
940 110007343058,w192408,940 110009538761,2894,Medium Shade,20,54,38,33,29,76,37,21,40,31,55,60,176,7,,23,64,43,77,2,,,
940 110007343058,w192408,940 110012567418,y471,Medium Shade,11,28,104,32,36,53,39,53,62,60,38,187,187,4,,22,44,40,83,1,,,
940 110007343058,w192408,940 110012568034,2390,Medium Shade,,9,32,29,15,36,32,18,167,32,44,24,103,12,,14,23,34,69,5,,,
940 110007343058,w192408,940 110009541611,2692,Medium Shade,35,34,54,34,23,17,48,60,30,32,30,28,149,9,,49,49,59,46,3,,,
940 110007343058,w192408,940 110009541005,w1581,Medium Shade,14,62,57,43,29,83,26,58,27,52,45,99,121,16,,37,48,58,124,,,,
940 110007343058,w192408,940 110012567889,2421,Medium Shade,1,9,14,29,15,203,46,26,50,17,20,69,33,6,,34,38,48,97,,,,
940 110007343058,w192408,940 110012568242,w1779,Medium Shade,2,31,50,21,45,54,50,48,70,69,78,42,65,14,,27,37,37,41,4,,,
940 110007343296,w192257,940 110009539462,2561,Medium Shade,6,18,35,30,16,26,37,15,23,23,78,30,22,29,41,,,,,,,,
940 110007343296,w192257,940 110009539751,y1021,Medium Shade,7,30,39,23,39,53,33,38,47,19,23,44,12,16,17,,,,,,,,
940 110007343296,w192257,940 110009539049,w192040,Medium Shade,14,40,35,23,32,27,21,20,25,31,22,6,9,8,6,,,,,,,,
940 110007343296,w192257,940 110012567780,w192115,Medium Shade,16,31,31,24,31,50,41,25,23,49,39,7,4,11,12,,,,,,,,
940 110007343296,w192257,940 110009538342,W1594,Medium Shade,9,46,46,27,32,26,24,18,42,58,87,32,8,6,6,,,,,,,,
940 110007343296,w192257,940 110019091210,y1075,Medium Shade,,25,23,36,38,49,74,10,31,26,15,4,7,12,7,,,,,,,,
940 110007343296,w192257,940 110009540276,w192123,Medium Shade,5,20,22,38,33,20,154,88,35,38,12,54,6,20,11,,,,,,,,
940 110007343296,w192257,940 110019091427,w192523,Medium Shade,,16,22,15,10,21,34,31,21,32,22,10,7,6,13,,,,,,,,
940 110007343296,w192257,940 110009540034,y1057,Medium Shade,8,55,36,51,47,34,42,25,58,79,46,5,14,11,12,,,,,,,,
940 110007343296,w192257,940 110009538669,w192272,Medium Shade,,52,24,30,29,25,35,22,120,45,67,37,22,10,8,,,,,,,,
940 110007343296,w192257,940 110009541163,2892,Medium Shade,10,34,45,24,39,25,38,23,117,80,37,16,7,7,4,,,,,,,,
940 110007343296,w192257,940 110009538983,w192443,Medium Shade,,23,50,37,31,19,28,29,85,38,21,3,4,,,,,,,,,,
940 110007343296,w192257,940 110019088638,2655,Medium Shade,12,57,27,25,19,61,31,39,29,96,331,10,7,12,16,,,,,,,,
940 110007343296,w192257,940 110019090704,w192029,Medium Shade,,49,32,29,36,29,28,18,28,60,57,11,15,25,21,,,,,,,,
940 110006914087,w192223,982 123812217553,2400,No Shade,10,44,63,31,41,41,453,48,52,36,52,125,24,29,61,40,30,31,18,33,19,3,
940 110006914087,w192223,940 110019088701,w192313,No Shade,9,29,60,32,33,46,45,28,22,67,21,17,33,21,27,42,46,25,32,95,46,2,
940 110006914087,w192223,940 110009540316,2033,No Shade,17,33,31,65,71,83,32,40,47,46,31,134,328,36,54,42,44,24,57,24,61,2,
940 110006914087,w192223,940 110009422824,y447,No Shade,10,50,36,42,52,63,49,65,41,89,22,32,19,48,60,50,28,20,26,51,62,2,
940 110006914087,w192223,940 110019092805,w1664,No Shade,1,20,17,30,47,16,14,43,88,43,63,13,29,45,16,22,104,64,26,12,95,5,
940 110006914087,w192223,940 110009539115,2583,No Shade,10,28,35,39,44,33,52,52,94,73,20,44,38,43,88,31,34,72,40,27,81,9,
940 110006914087,w192223,940 110009538750,2534,No Shade,16,59,26,53,45,63,86,78,91,57,41,14,38,53,33,70,55,49,33,35,51,18,
940 110006914087,w192223,940 110019091368,2637,No Shade,8,45,29,59,34,36,41,47,31,38,38,16,30,44,46,45,29,26,22,28,57,4,
940 110006914087,w192223,940 110012567072,2035,No Shade,23,31,31,46,21,11,39,78,36,64,27,16,72,64,22,37,52,21,42,31,47,2,
940 110006914087,w192223,940 110012566439,w192249,No Shade,10,38,26,30,80,54,40,127,101,27,40,57,49,56,27,40,48,42,30,32,38,14,
940 110006914087,w192223,940 110012568263,w1624,No Shade,11,27,23,82,25,52,67,43,52,42,23,61,38,30,24,48,49,20,31,23,83,6,
940 110006914087,w192223,940 110009539378,3798,No Shade,16,54,30,62,55,64,66,55,44,60,61,36,17,37,35,,,,,,,,
940 110006914087,w192223,940 110009539903,w192012,No Shade,12,47,34,30,48,28,39,70,25,33,25,37,114,122,39,23,29,22,22,23,34,2,
940 110006914087,w192223,940 110019090667,w1622,No Shade,11,45,50,43,32,33,21,43,19,64,42,16,36,211,18,54,93,85,129,56,71,9,
940 110006914087,w192223,940 110012567833,w281,No Shade,15,33,181,41,43,26,29,39,49,27,87,31,44,33,31,36,52,36,25,37,81,3,
940 110006914087,w192223,940 110012553844,2970,No Shade,9,45,18,27,27,37,50,73,31,35,20,28,17,14,46,51,46,49,72,77,42,5,
940 110006914087,w192223,940 110012566988,w1726,No Shade,4,32,58,37,40,35,31,104,41,31,38,52,42,26,48,44,36,11,69,21,68,12,
940 110006914087,w192223,940 110009540648,w744,No Shade,9,33,48,51,35,47,53,45,23,42,43,5,30,17,6,,,,,,,,
940 110006914087,w192223,940 110009423261,2633,No Shade,7,35,23,26,44,24,52,42,23,41,19,41,27,36,38,45,66,30,56,25,31,13,
940 110006914087,w192223,940 110009539369,2490,No Shade,9,64,79,35,45,54,58,54,67,40,126,81,29,45,98,33,70,62,26,39,51,14,
940 110006914087,w192223,940 110009539082,2479,No Shade,39,34,60,51,14,39,37,34,38,36,147,49,47,40,45,47,32,23,24,34,16,2,
940 110006914087,w192223,940 110009538428,w1612,No Shade,6,47,39,32,34,55,32,86,29,33,7,47,34,65,25,44,30,64,76,34,63,3,
940 110006914087,w192223,940 110009538608,w192160,No Shade,14,30,40,38,38,14,33,92,45,42,14,2,13,12,14,,,,,,,,
940 110006914087,w192223,940 110012554559,w9330,No Shade,10,37,19,,,,,,16,26,17,35,40,45,46,30,32,27,33,20,29,5,
940 110006914087,w192223,940 110012566899,w9537,No Shade,8,19,20,25,19,44,25,64,512,55,7,38,34,44,38,36,24,23,41,22,85,12,
940 110006914087,w192223,940 110009541497,2667,No Shade,56,60,40,37,68,47,26,51,33,79,49,26,35,26,40,38,56,69,44,16,43,7,
940 110006914087,w192223,940 110009540871,2528,No Shade,8,65,43,44,17,27,30,87,68,44,23,68,56,62,71,24,87,25,37,42,30,3,
940 110006914087,w192223,940 110009538619,3736,No Shade,6,40,14,13,136,49,52,53,64,34,57,26,29,18,44,24,21,25,77,35,32,7,
940 110006914087,w192223,940 110012565591,2684,No Shade,15,37,33,46,28,56,16,109,94,21,35,147,37,12,25,4,,,,,,,
940 110006914087,w192223,940 110009541538,w192278,No Shade,23,28,63,23,55,32,44,23,37,78,17,52,39,22,90,27,40,21,17,22,48,6,
940 110006914087,w192223,940 110009538666,w986,No Shade,14,20,23,19,36,60,23,71,23,26,12,20,31,40,52,26,40,24,21,107,20,18,
940 110006914087,w192223,940 110009540453,2371,No Shade,23,44,26,18,62,32,29,39,68,63,32,11,23,20,30,40,45,36,33,25,45,6,
940 110006914087,w192223,940 110009538631,2316,No Shade,5,42,29,25,64,63,32,83,46,35,25,32,44,17,39,22,41,37,33,81,52,5,
940 110006914087,w192223,940 110009423027,2542,No Shade,14,37,27,50,62,41,92,60,38,39,61,29,18,63,92,38,55,31,41,48,61,1,
940 110006914087,w192223,940 110009539843,2439,No Shade,12,53,60,41,47,41,36,47,80,60,24,79,51,52,66,34,62,63,53,52,64,7,
940 110006914087,w192223,940 110019089913,3715,No Shade,11,143,182,69,42,63,43,39,51,32,16,28,37,31,21,34,83,27,60,42,27,6,
940 110006914087,w192223,940 110009539785,y1077,No Shade,10,41,34,68,47,45,42,87,45,40,42,20,43,102,62,61,37,24,18,24,39,7,
940 110006914087,w192223,940 110009538648,w923,No Shade,5,54,49,53,27,31,24,70,80,85,37,30,31,74,119,35,73,35,47,48,42,59,
940 110006914087,w192223,940 110009540172,w9277,No Shade,6,60,26,51,42,35,30,64,25,77,21,12,24,22,15,,,,,,,,
940 110006914087,w192223,940 110009538450,w9279,No Shade,15,39,24,41,13,44,35,37,44,32,18,48,53,36,31,35,41,44,17,35,54,2,
940 110006914087,w192223,940 110012565638,w1549,No Shade,32,25,30,20,56,40,25,37,58,59,22,9,40,39,22,26,57,27,28,16,35,7,
940 110006914087,w192223,940 110012566852,2669,No Shade,13,46,27,33,41,37,40,49,57,21,31,8,9,8,3,,,,,,,,
940 110006914087,w192223,940 110009538656,w1597,No Shade,14,41,24,29,48,58,73,36,29,42,30,34,43,100,72,54,57,36,43,68,50,10,
940 110006914087,w192223,940 110009539851,w192094,No Shade,13,39,39,45,41,34,59,65,23,46,83,28,25,47,65,46,18,51,27,26,35,9,
940 110006914087,w192223,940 110012567439,3763,No Shade,8,46,65,48,27,21,23,62,34,74,48,15,26,30,52,35,78,52,32,24,40,5,
940 110006914087,w192223,940 110009540403,w192579,No Shade,13,37,26,43,34,32,19,22,54,35,51,79,25,43,107,28,25,52,35,36,32,11,
940 110006914087,w192223,940 110009539003,w768,No Shade,5,28,42,34,24,46,28,44,40,51,61,54,41,26,39,22,56,13,31,49,99,17,
940 110006914087,w192223,940 110009539138,2391,No Shade,24,47,30,25,26,29,40,42,55,109,37,46,23,38,19,39,16,38,38,42,25,4,
940 110006914087,w192223,940 110009538618,w1544,No Shade,5,22,20,19,37,33,45,27,32,76,8,8,20,39,33,47,21,75,55,65,31,5,
940 110006914087,w192223,940 110012554703,2343,No Shade,5,40,53,29,40,56,37,46,42,49,61,29,40,12,60,37,37,34,87,88,57,3,
940 110006914087,w192223,940 110009539357,w1707,No Shade,9,33,21,21,32,64,24,55,38,26,42,27,17,29,82,64,20,58,25,12,29,2,
940 110006914087,w192223,940 110009422169,2380,No Shade,10,43,12,26,25,14,19,90,45,32,126,10,3,6,12,,,,,,,,
940 110006914087,w192223,940 110019090739,2950,No Shade,10,32,61,93,45,32,38,57,27,32,42,45,41,33,68,40,78,49,51,22,71,10,
940 110006914087,w192223,940 110012554430,2644,No Shade,4,46,18,48,30,27,17,31,19,39,16,15,105,47,33,38,39,21,34,55,53,2,
940 110006914087,w192223,940 110009540303,2928,No Shade,15,46,28,95,33,46,48,39,27,46,32,36,20,28,53,29,44,25,30,103,53,3,
940 110006914087,w192223,940 110019090431,2344,No Shade,8,28,42,48,53,53,43,23,30,56,94,25,36,46,46,35,62,48,41,30,26,41,
940 110006914087,w192223,940 110009539429,y1074,No Shade,9,43,47,38,30,29,55,32,51,75,57,80,48,59,186,42,31,41,137,35,72,2,
940 110006914087,w192223,940 110012553725,w789,No Shade,15,38,41,62,52,22,24,36,108,36,14,12,25,18,36,25,46,32,43,29,53,6,
940 110006914087,w192223,940 110009540097,w192081,No Shade,13,26,47,39,24,18,40,49,90,26,95,26,47,44,46,27,42,21,15,41,70,11,
940 110006914087,w192223,940 110009538934,2714,No Shade,9,47,41,31,33,21,27,47,26,43,21,17,131,42,17,30,42,42,21,20,42,31,
940 110006914087,w192223,940 110009538594,2689,No Shade,10,46,23,33,29,37,56,33,15,22,32,14,52,56,55,39,71,66,38,16,10,6,
940 110006914087,w192223,940 110012553817,w1797,No Shade,8,45,25,46,26,20,25,50,12,36,30,45,41,17,67,101,22,18,28,71,30,4,
940 110006914087,w192223,940 110009539841,w287,No Shade,11,23,26,18,28,47,35,56,26,38,22,23,57,18,148,41,40,21,32,36,44,60,
940 110006914087,w192223,940 110019089989,2557,No Shade,21,39,21,36,33,36,23,45,44,73,279,105,87,32,105,35,31,27,18,42,97,1,
940 110006914087,w192223,940 110009541057,2953,No Shade,6,32,53,28,38,56,63,81,32,33,64,46,32,46,29,29,40,41,17,49,34,25,
940 110006914087,w192223,940 110009540770,w1751,No Shade,8,21,34,24,38,29,30,31,35,28,52,81,40,23,28,23,33,68,23,54,18,6,
940 110006914087,w192223,940 110009540560,w784,No Shade,10,33,28,48,69,46,77,84,108,53,64,21,69,79,55,29,63,30,22,80,66,3,
940 110006914087,w192223,940 110019090350,w192043,No Shade,11,27,13,40,34,95,25,28,42,29,48,54,51,35,32,35,36,24,42,38,38,9,
940 110006914087,w192223,940 110012553575,w192108,No Shade,8,36,36,38,44,24,27,45,31,51,10,12,7,13,33,,,,,,,,
940 110006914087,w192223,940 110009538497,2459,No Shade,10,23,17,22,56,31,37,49,24,41,38,22,32,22,27,25,22,45,52,23,42,8,
940 110006914087,w192223,940 110009423147,2680,No Shade,4,41,33,60,44,43,36,26,81,50,18,30,45,24,48,42,49,31,41,26,45,5,
940 110006914087,w192223,940 110019088662,2921,No Shade,6,47,38,20,22,32,25,81,18,140,43,7,6,6,16,,,,,,,,
940 110006914087,w192223,940 110009423180,2382,No Shade,16,41,26,50,52,67,68,41,44,51,101,105,67,35,108,36,106,95,12,71,38,2,
940 110006914087,w192223,940 110019088585,2496,No Shade,6,45,27,39,53,47,68,70,46,52,36,64,30,42,38,42,19,63,40,34,81,12,
940 110006914087,w192223,940 110019089959,2711,No Shade,31,33,46,120,87,43,60,88,47,48,79,39,39,54,50,55,44,42,94,18,37,4,
940 110006914087,w192223,940 110009539773,3741,No Shade,13,52,43,44,29,33,13,117,74,78,84,126,92,50,45,38,80,28,21,34,102,2,
940 110006914087,w192223,940 110012554102,y1028,No Shade,7,55,19,30,33,54,35,38,49,22,37,33,38,63,26,30,39,66,42,40,35,6,
940 110006914087,w192223,940 110019091247,2346,No Shade,5,17,24,19,21,13,51,54,27,36,61,52,28,87,88,84,30,41,57,40,30,2,
940 110006914087,w192223,940 110009541593,2533,No Shade,12,35,25,24,55,47,66,46,47,60,27,20,32,122,85,33,70,21,31,90,46,41,
940 110006914087,w192223,940 110009538728,w192503,No Shade,2,39,39,26,32,35,110,58,37,23,34,28,23,65,48,34,37,79,26,16,58,3,
940 110006914087,w192223,940 110012565516,w1673,No Shade,17,25,18,31,48,28,34,41,17,86,59,46,59,51,37,52,37,61,39,20,,,
940 110006914087,w192223,940 110009538415,w9559,No Shade,14,37,21,36,27,34,63,38,42,167,45,40,29,35,70,134,87,69,56,45,18,2,
940 110006914087,w192223,940 110019088447,w723,No Shade,8,25,18,47,37,57,178,108,35,75,41,35,56,42,69,37,71,51,97,52,88,2,
940 110006914087,w192223,940 110009538770,y470,No Shade,12,27,25,49,58,29,35,49,45,35,52,66,46,9,9,33,49,24,19,45,23,,
940 110006914087,w192223,940 110019090286,2591,No Shade,12,24,37,54,32,26,23,57,45,31,54,39,62,35,38,31,68,56,44,29,41,4,
940 110006914087,w192223,940 110019088419,w192215,No Shade,18,38,45,23,26,28,38,57,192,87,22,42,54,37,44,38,49,30,22,40,64,2,
940 110006914087,w192223,940 110012567361,2420,No Shade,6,40,13,30,35,26,28,35,37,97,21,53,26,28,25,25,26,30,14,16,21,19,
940 110006914087,w192223,940 110009422194,w1689,No Shade,8,45,28,39,24,53,15,32,41,27,9,114,31,56,29,11,44,20,51,36,35,2,
940 110006914087,w192223,940 110009540395,y443,No Shade,16,26,30,27,73,91,21,28,31,42,41,11,8,3,14,,,,,,,,
940 110006914087,w192223,940 110009540104,w192120,No Shade,15,41,18,40,41,41,92,52,43,78,29,35,13,87,105,30,71,28,66,43,66,7,
940 110006914087,w192223,940 110009539590,2939,No Shade,13,53,31,40,42,52,57,276,53,55,11,27,29,33,35,31,22,36,23,27,42,3,
940 110006914087,w192223,940 110019088542,3737,No Shade,6,30,55,36,21,16,20,32,29,35,65,71,33,51,40,59,64,27,17,51,103,9,
940 110006914087,w192223,940 110016191551,2707,No Shade,6,62,47,49,37,57,47,47,34,89,14,34,50,51,33,66,67,59,42,56,55,14,
940 110006914087,w192223,940 110009539352,y1005,No Shade,7,22,43,73,61,45,29,82,28,61,67,154,38,53,53,61,40,69,30,27,49,7,
940 110006914087,w192223,940 110009539563,y1060,No Shade,6,36,29,31,36,30,18,39,36,78,17,452,147,22,73,47,58,41,61,44,34,10,
940 110006914087,w192223,940 110019088430,2515,No Shade,11,26,57,43,28,29,35,34,28,32,10,19,29,32,64,54,33,3,,,,,
940 110006914087,w192223,940 110009539365,w1721,No Shade,16,36,26,23,50,24,20,62,36,46,7,12,15,31,9,,,,,,,,
940 110006914087,w192223,940 110012565593,w192587,No Shade,8,47,37,31,23,25,49,75,35,32,37,50,34,18,28,26,61,38,30,53,35,2,
940 110006914087,w192223,940 110012566524,w1547,No Shade,20,50,61,163,26,37,32,60,28,78,13,19,42,78,74,84,44,53,28,132,31,5,
940 110006914087,w192223,940 110009538776,w978,No Shade,10,22,45,23,32,62,24,56,23,67,207,75,218,28,37,22,32,168,45,25,20,2,
940 110006914087,w192223,940 110009539504,2696,No Shade,19,27,36,35,25,36,35,63,27,101,67,26,41,65,34,142,99,36,35,64,37,5,
940 110006914087,w192223,940 110012567023,2614,No Shade,12,31,37,42,72,48,33,126,82,25,14,33,20,38,48,26,44,28,35,28,33,15,
940 110006914087,w192223,940 110012554697,w939,No Shade,8,30,30,62,37,42,12,44,29,68,82,30,22,20,83,21,38,18,15,11,,,
940 110006914087,w192223,940 110019091207,2665,No Shade,9,69,34,35,21,43,21,46,29,30,50,17,65,24,137,36,48,18,20,99,20,2,
940 110006914087,w192223,940 110009541227,2361,No Shade,14,36,18,71,44,32,24,43,72,47,19,18,38,24,164,77,58,61,61,66,35,5,
940 110006914087,w192223,940 110019091248,3726,No Shade,3,18,37,27,29,17,22,24,14,29,119,11,13,14,29,47,22,24,12,66,64,11,
940 110006914087,w192223,940 110009541612,w192202,No Shade,11,25,28,27,55,42,60,64,29,61,32,17,47,36,25,28,41,33,36,16,51,19,
940 110006914087,w192223,940 110009541616,2549,No Shade,7,30,81,60,31,72,89,100,56,44,26,45,78,288,31,72,70,82,56,59,33,6,
940 110006914087,w192223,940 110009538339,2971,No Shade,8,36,36,30,25,42,19,45,31,66,24,40,25,26,61,41,46,24,21,79,33,1,
940 110006914087,w192223,940 110012565614,w263,No Shade,9,31,20,19,42,53,37,70,35,74,164,67,44,54,40,20,32,60,31,18,64,9,
940 110006914087,w192223,940 110019089945,y457,No Shade,7,48,82,62,34,31,56,43,25,23,26,25,31,29,23,15,43,79,41,32,18,2,
940 110006914087,w192223,940 110009540814,3742,No Shade,10,76,31,52,27,36,44,79,17,51,177,38,68,30,21,24,16,72,53,29,70,,
940 110006914087,w192223,940 110019088549,w290,No Shade,8,25,129,32,48,86,22,28,52,66,21,45,121,62,119,44,30,39,20,44,27,14,
940 110006914087,w192223,940 110009538664,w1556,No Shade,10,45,19,28,54,48,32,55,29,23,43,26,40,29,21,68,42,34,15,21,25,1,
940 110006914087,w192223,940 110012553757,w280,No Shade,20,19,37,29,30,40,38,140,54,57,63,153,80,61,48,45,75,39,91,21,62,6,
940 110006914087,w192223,940 110019090064,2975,No Shade,5,48,60,37,36,69,25,57,51,75,28,73,45,77,83,51,28,33,34,81,73,5,
940 110006914087,w192223,940 110009539736,w745,No Shade,15,50,42,54,40,51,38,113,46,72,95,40,65,111,38,35,36,42,40,26,98,16,
940 110006914087,w192223,940 110019090013,2540,No Shade,9,45,44,29,48,30,72,51,16,35,13,17,75,51,83,35,24,39,41,32,30,,
940 110006914087,w192223,940 110012566807,2678,No Shade,9,53,66,69,55,32,73,20,16,36,31,16,88,54,59,58,39,30,27,36,30,42,
940 110006914087,w192223,940 110012554680,Y498,No Shade,10,42,41,47,63,47,20,48,37,63,76,53,46,35,72,35,46,32,35,34,64,15,
940 110006914087,w192223,940 110009538609,2943,No Shade,24,46,77,43,30,35,41,36,83,107,50,21,32,60,73,22,63,42,34,66,59,47,
940 110006914087,w192223,940 110009540288,2320,No Shade,8,23,56,23,50,29,41,83,68,57,20,41,26,34,40,28,23,95,36,39,22,2,
940 110006914087,w192223,940 110012554100,w1698,No Shade,11,43,36,46,38,46,53,45,61,109,37,27,41,58,35,42,42,28,40,27,56,3,
940 110006914087,w192223,940 110019092789,2944,No Shade,14,37,33,36,51,14,22,50,63,25,28,63,32,28,28,16,27,78,18,9,70,,
940 110006914087,w192223,940 110012554293,y423,No Shade,13,38,28,45,47,50,11,54,23,38,15,24,28,36,50,67,46,33,22,37,29,10,
940 110006914087,w192223,940 110009541075,2942,No Shade,20,65,38,27,54,45,51,65,40,111,48,53,35,13,37,68,42,42,35,51,47,6,
940 110006914087,w192223,940 110012554149,2036,No Shade,15,37,38,72,134,62,35,49,32,81,18,45,32,27,88,29,12,27,14,28,35,3,
940 110006914087,w192223,940 110009538938,2582,No Shade,11,35,14,29,33,39,26,72,28,58,26,37,74,28,77,48,32,51,146,8,30,3,
940 110006914087,w192223,940 110009540753,2541,No Shade,10,15,25,32,19,39,67,38,48,31,105,272,35,65,36,97,30,25,22,18,32,10,
940 110006914087,w192223,940 110019091322,2340,No Shade,9,31,48,31,19,29,36,41,64,37,55,26,64,49,37,30,51,40,36,20,43,1,
940 110006914087,w192223,940 110009539281,2016,No Shade,25,29,67,29,36,52,24,46,46,31,44,69,42,81,89,26,32,20,24,60,47,3,
940 110006914087,w192223,940 110009540428,y1019,No Shade,9,53,20,51,35,43,44,76,139,34,37,60,28,27,71,103,29,39,43,14,34,7,
940 110006914087,w192223,940 110009540534,2697,No Shade,11,45,28,78,64,24,24,52,37,31,30,17,44,31,36,72,17,26,15,56,33,3,
940 110006914087,w192223,940 110019090722,w192530,No Shade,16,47,39,25,45,74,37,96,28,37,11,37,65,37,31,33,41,58,42,52,43,3,
940 110006914087,w192223,940 110019091208,w293,No Shade,10,56,44,117,64,34,16,91,33,65,19,34,50,28,27,37,70,56,19,56,33,10,
940 110006914087,w192223,940 110009539060,2700,No Shade,11,46,64,43,55,48,50,63,30,59,18,36,24,29,39,110,213,20,24,43,34,5,
940 110006914087,w192223,940 110009538759,w192334,No Shade,13,31,31,23,115,84,40,139,52,69,28,30,41,39,55,23,26,15,76,69,24,4,
940 110006914087,w192223,940 110009541605,w273,No Shade,21,60,54,22,35,46,30,55,44,45,74,39,59,34,25,42,110,29,84,76,22,1,
940 110006914087,w192223,940 110009422875,2029,No Shade,9,46,37,49,69,48,26,57,53,32,40,52,27,10,81,51,59,20,50,55,43,9,
940 110006914087,w192223,940 110009538976,2422,No Shade,11,37,63,40,59,77,39,45,28,27,47,33,39,41,17,42,33,51,29,70,39,1,
940 110006914087,w192223,940 110012554855,w764,No Shade,14,35,22,24,55,34,27,96,30,53,28,16,58,13,84,42,36,36,36,12,39,1,
940 110006914087,w192223,940 110009421855,2572,No Shade,16,35,35,29,22,59,104,50,43,42,20,54,27,86,29,19,28,59,87,49,21,5,
940 110006914087,w192223,940 110012566859,3711,No Shade,16,273,38,65,33,59,43,49,25,28,44,46,52,39,41,27,56,49,34,55,29,3,
940 110006914087,w192223,940 110012567032,2673,No Shade,7,40,34,10,,,,,10,7,8,45,23,71,78,35,44,35,68,51,61,12,
940 110006914087,w192223,940 110019091903,w9510,No Shade,12,28,60,24,35,28,64,40,44,61,53,35,77,58,54,27,76,33,28,27,40,16,
940 110006914087,w192223,940 110012553565,w192559,No Shade,9,52,40,45,42,64,39,40,16,44,40,123,108,66,63,41,31,32,55,52,101,3,
940 110006914087,w192223,940 110009538791,3792,No Shade,9,29,24,52,20,30,44,47,49,44,28,42,184,44,39,40,36,34,74,38,33,2,
940 110006914087,w192223,940 110009539086,w696,No Shade,8,40,22,53,17,63,26,47,36,39,22,69,29,42,53,45,34,50,75,43,48,1,
940 110006914087,w192223,940 110019091442,w797,No Shade,10,37,78,31,23,35,30,46,77,61,34,39,106,49,23,24,39,14,26,23,15,7,
940 110006914087,w192223,940 110009539564,w192186,No Shade,8,37,38,40,43,75,39,51,67,60,27,26,39,62,55,57,36,32,43,75,56,1,
940 110006914087,w192223,940 110009541144,w1690,No Shade,11,38,35,41,40,56,137,127,58,48,43,59,30,40,31,17,,,,,,,
940 110006914087,w192223,940 110012554425,2332,No Shade,11,35,36,47,47,44,31,46,38,40,9,17,38,12,72,44,32,26,162,31,27,10,
940 110006914087,w192223,940 110009539860,2981,No Shade,7,48,82,66,70,53,36,73,37,49,39,109,47,66,40,37,48,31,77,96,24,,
940 110006914087,w192223,940 110009540194,2997,No Shade,10,25,24,32,48,42,31,103,35,44,41,32,32,114,69,34,39,68,37,39,59,2,
940 110006914087,w192223,940 110009540716,2385,No Shade,8,43,24,62,33,35,41,40,35,39,72,115,13,43,40,47,29,25,27,39,35,6,
940 110006914087,w192223,940 110012565654,2618,No Shade,8,55,26,36,34,11,34,54,101,37,13,36,34,49,82,19,20,37,7,24,9,3,
940 110006914087,w192223,940 110009539817,2601,No Shade,10,41,42,44,57,35,42,76,62,51,47,18,49,21,18,36,70,33,53,110,113,1,
940 110006914087,w192223,940 110009539447,w192149,No Shade,10,35,27,39,22,50,61,53,28,69,83,45,42,86,60,70,42,33,24,59,61,4,
940 110006914087,w192223,940 110009540821,2352,No Shade,7,39,25,33,39,61,62,81,42,42,23,27,28,44,147,19,34,52,13,14,58,4,
940 110006914087,w192223,940 110009541010,w300,No Shade,15,37,32,36,42,39,31,79,44,39,12,17,45,25,55,15,132,287,43,21,27,2,
940 110006914087,w192223,940 110009422259,2527,No Shade,10,63,62,30,193,47,16,52,30,39,13,11,34,42,23,31,15,32,24,22,91,32,
940 110006914087,w192223,940 110012554759,2432,No Shade,6,36,43,69,54,53,25,61,51,69,15,19,6,16,9,,,,,,,,
940 110006914087,w192223,940 110009540874,w192057,No Shade,9,57,38,32,31,36,29,42,29,61,6,33,13,37,66,39,67,63,31,41,33,18,
940 110006914087,w192223,940 110019091076,2954,No Shade,10,46,42,26,38,31,19,76,45,36,80,8,4,5,10,,,,,,,,
940 110006914087,w192223,940 110019091831,w1671,No Shade,16,43,39,44,43,41,53,41,22,42,28,102,81,53,32,47,43,19,16,14,1,,
940 110006914087,w192223,940 110009541386,w192519,No Shade,6,72,24,38,40,38,44,71,34,49,15,24,34,23,73,145,47,23,191,72,55,42,
940 110006914087,w192223,940 110019091837,2536,No Shade,17,42,50,59,47,34,25,66,37,98,25,37,29,52,43,58,45,60,55,32,83,6,
940 110006914087,w192223,940 110012565646,3712,No Shade,13,52,42,73,27,25,21,48,25,44,10,76,25,66,28,44,30,37,71,61,34,4,
940 110006914087,w192223,940 110009422847,2645,No Shade,11,52,97,108,89,56,67,56,44,50,54,37,42,31,64,48,66,47,53,105,116,6,
940 110006914087,w192223,940 110012553572,w1638,No Shade,15,41,58,28,19,35,56,37,70,73,368,36,45,63,26,20,21,54,36,23,110,19,
940 110006914087,w192223,940 110012567497,w1653,No Shade,15,44,36,34,25,33,37,85,44,54,23,57,37,27,55,50,83,66,22,28,85,5,
940 110006914087,w192223,940 110012566754,2672,No Shade,4,20,39,26,113,37,39,41,35,26,37,10,6,35,21,,,,,,,,
940 110006914087,w192223,940 110009541579,2419,No Shade,23,48,37,71,71,35,42,81,66,42,22,42,39,26,50,38,64,25,41,45,46,4,
940 110006914087,w192223,940 110019090723,2388,No Shade,11,21,27,24,35,33,40,54,63,43,107,26,14,39,46,25,71,44,22,34,63,3,
940 110006914087,w192223,940 110009540984,2463,No Shade,14,29,39,26,10,50,36,21,31,48,28,16,37,29,36,24,41,28,32,67,90,4,
940 110006914087,w192223,940 110009423185,2972,No Shade,6,33,43,30,68,39,33,71,50,79,36,38,82,44,36,40,32,19,26,34,20,2,
940 110006914087,w192223,940 110012554665,w1538,No Shade,8,38,60,30,31,51,39,94,40,32,75,13,3,5,15,,,,,,,,
940 110006914087,w192223,940 110012567192,w1750,No Shade,12,56,63,51,31,24,13,29,61,48,16,30,14,40,28,17,33,26,26,32,48,5,
940 110006914087,w192223,940 110009540732,y476,No Shade,12,25,36,34,25,13,26,54,30,40,63,31,21,83,36,40,17,47,25,38,35,3,
940 110006914087,w192223,940 110009538695,2324,No Shade,14,75,31,43,32,34,53,100,80,46,18,40,39,30,89,41,43,26,33,21,33,33,
940 110006914087,w192223,940 110009530573,2643,No Shade,15,46,34,40,21,36,45,79,43,36,43,11,46,16,30,70,86,67,35,125,31,10,
940 110006914087,w192223,940 110009541760,w192005,No Shade,9,53,35,57,85,78,16,67,32,17,20,,12,2,12,,,,,,,,
940 110006914087,w192223,940 110009540226,2694,No Shade,6,29,28,42,49,40,50,61,65,19,29,72,77,34,85,46,28,20,51,96,31,3,
940 110006914087,w192223,940 110019091568,2329,No Shade,12,24,36,49,45,20,18,70,25,72,78,22,29,73,32,45,46,88,26,11,28,2,
940 110006914087,w192223,940 110009422827,w192009,No Shade,14,34,58,55,38,35,44,58,33,40,15,72,32,106,96,69,51,29,16,43,71,5,
940 110006914087,w192223,940 110012564878,w192255,No Shade,15,33,36,34,22,39,26,55,69,35,17,42,58,37,38,85,58,85,58,23,69,7,
940 110006914087,w192223,940 110012567013,w192003,No Shade,7,47,50,47,36,57,31,70,39,38,13,10,6,8,6,,,,,,,,
940 110006914087,w192223,940 110019091346,2632,No Shade,12,30,41,27,15,26,35,50,40,29,31,5,6,8,11,,,,,,,,
940 110006914087,w192223,940 110012567496,2647,No Shade,14,31,19,28,45,34,52,84,41,95,19,41,30,38,54,43,37,15,47,68,55,3,
940 110006914087,w192223,940 110012567575,2712,No Shade,10,76,17,46,53,126,55,30,34,42,25,44,32,50,43,34,34,15,57,90,25,5,
940 110006914087,w192223,940 110019091386,y427,No Shade,12,31,46,52,38,153,36,50,29,58,67,58,25,37,52,42,23,33,27,44,53,3,
940 110006914087,w192223,940 110009539487,w192286,No Shade,11,40,31,39,30,21,20,46,49,36,43,27,34,26,35,23,63,188,14,25,31,7,
940 110006914087,w192223,940 110009540610,y463,No Shade,12,34,50,16,21,26,37,33,28,25,18,9,1,7,12,,,,,,,,
940 110006914087,w192223,940 110009539482,w1656,No Shade,8,56,32,68,34,36,43,63,43,110,151,17,44,55,38,48,62,46,14,23,91,4,
940 110006914087,w192223,940 110009539709,2475,No Shade,11,34,85,42,63,41,25,33,64,168,71,42,34,50,40,146,38,38,33,74,60,6,
940 110006914087,w192223,940 110009539789,3716,No Shade,22,68,33,53,36,53,15,68,45,67,29,43,31,52,37,21,,,,,,,
940 110006914087,w192223,940 110009541085,y1088,No Shade,14,51,47,22,70,57,29,27,22,59,10,20,40,102,70,51,52,31,39,27,53,4,
940 110006914087,w192223,940 110009423327,w1791,No Shade,7,37,73,47,31,30,27,30,26,36,29,28,20,33,37,36,32,50,23,25,49,5,
940 110006914087,w192223,940 110012565619,w788,No Shade,11,29,38,38,42,86,41,45,33,37,50,62,10,45,62,26,35,29,33,46,106,3,
940 110006914087,w192223,940 110012566374,2040,No Shade,18,43,29,30,65,48,29,32,48,65,28,67,90,349,80,71,74,51,81,94,20,3,
940 110006914087,w192223,940 110012565504,w299,No Shade,7,36,24,30,28,64,32,65,57,89,34,79,29,37,69,49,37,29,58,35,34,8,
940 110006914087,w192223,940 110009423076,w192203,No Shade,16,38,36,17,77,38,48,32,20,45,14,60,46,34,39,38,53,67,22,32,49,3,
940 110006914087,w192223,940 110009539979,y435,No Shade,12,46,31,30,41,34,55,64,31,92,21,111,78,322,69,31,33,25,47,9,38,3,
940 110006914087,w192223,940 110009421854,2312,No Shade,11,35,47,39,47,198,21,44,28,83,38,35,30,45,33,43,42,22,33,20,31,1,
940 110006914087,w192223,940 110009423267,3745,No Shade,10,46,31,47,57,52,51,22,47,49,25,63,35,71,41,67,53,31,58,36,17,4,
940 110006914087,w192223,940 110012554069,2649,No Shade,8,20,54,91,41,36,46,50,59,25,63,50,87,53,78,27,64,27,78,25,22,2,
940 110006914087,w192223,940 110009421856,w192300,No Shade,14,28,61,29,63,21,13,47,50,49,72,74,37,23,71,44,37,19,23,48,122,18,
940 110006914087,w192223,940 110009422300,2575,No Shade,20,41,21,23,19,30,48,37,29,24,17,46,19,145,46,37,71,55,35,23,42,,
940 110006914087,w192223,940 110012567561,w192556,No Shade,10,36,67,37,52,34,23,54,47,44,51,24,43,91,34,41,30,31,40,66,45,3,
940 110006914087,w192223,940 110009540374,w192226,No Shade,13,45,63,26,40,40,38,82,32,84,11,16,36,29,33,43,11,31,15,17,48,1,
940 110006914087,w192223,940 110019091494,y1092,No Shade,14,43,37,68,43,76,36,77,47,33,36,47,46,43,117,28,38,56,28,44,33,4,
940 110006914087,w192223,940 110019088608,w956,No Shade,11,26,27,34,41,29,23,63,44,24,106,22,103,36,56,36,57,17,79,24,32,8,
940 110006914087,w192223,940 110019088588,2307,No Shade,6,20,68,124,37,32,24,50,28,95,36,14,84,98,46,26,38,27,53,39,72,3,
940 110006914087,w192223,940 110012554130,w192254,No Shade,4,54,34,42,44,46,38,53,43,43,16,49,146,269,54,52,49,34,25,54,54,2,
940 110006914087,w192223,940 110019089803,w1605,No Shade,5,42,28,38,27,27,63,30,45,29,13,132,110,46,33,23,46,41,36,19,30,16,
940 110006914087,w192223,940 110019091488,w1641,No Shade,7,36,57,43,42,37,39,59,45,53,82,14,45,13,80,34,20,69,82,90,25,5,
940 110006914087,w192223,940 110009422821,2405,No Shade,9,19,26,29,61,15,49,122,48,24,36,32,48,20,38,44,40,68,29,38,84,1,
940 110006914087,w192223,940 110012554841,2940,No Shade,18,61,43,42,88,36,36,50,33,63,40,27,115,60,186,239,111,37,38,40,47,,
940 110006914087,w192223,940 110009540904,w192320,No Shade,15,42,24,32,23,39,30,38,55,37,20,33,69,36,20,23,45,88,12,14,41,13,
940 110006914087,w192223,940 110009538672,2946,No Shade,13,32,37,28,28,12,16,81,40,22,34,88,42,20,76,34,48,35,15,25,13,3,
940 110006914087,w192223,940 110009541648,2406,No Shade,14,75,35,87,35,28,21,26,17,48,31,31,23,74,29,27,52,50,29,94,44,13,
940 110006914087,w192223,940 110009541265,2608,No Shade,20,50,36,36,46,32,19,41,22,110,27,113,28,56,45,51,79,34,27,31,39,5,
940 110006914087,w192223,940 110009538917,w1536,No Shade,12,40,22,48,46,32,64,62,56,58,9,4,18,31,11,,,,,,,,
940 110006914087,w192223,940 110019088452,2021,No Shade,11,40,40,31,29,21,21,57,22,38,28,16,30,28,45,61,39,24,19,28,34,2,
940 110006914087,w192223,940 110009421841,y1080,No Shade,15,77,24,42,65,72,32,40,51,41,72,69,58,64,54,52,47,30,45,50,83,27,
940 110006914087,w192223,940 110019091989,2660,No Shade,5,33,25,33,25,37,23,45,35,55,20,28,26,41,29,20,30,41,38,22,35,13,
940 110006914087,w192223,940 110009541522,w1713,No Shade,10,76,70,40,31,59,21,51,30,61,91,61,28,44,24,40,42,29,51,77,40,5,
940 110006914087,w192223,940 110009541499,2560,No Shade,16,37,341,28,51,49,45,44,22,49,35,24,32,49,53,30,30,28,26,114,28,2,
940 110006914087,w192223,940 110009421996,o26,No Shade,13,51,40,68,60,58,57,39,88,53,20,30,58,33,36,36,34,37,29,24,50,2,
940 110006914087,w192223,940 110009538382,2682,No Shade,14,67,33,28,46,79,53,105,52,89,27,84,57,66,34,65,60,68,36,23,67,52,
940 110006914087,w192223,940 110009539735,w192251,No Shade,13,30,48,37,68,52,27,53,40,43,34,54,40,47,65,39,26,14,54,40,27,31,
940 110006914087,w192223,940 110012553813,w1780,No Shade,9,27,17,18,29,26,24,64,64,65,36,17,30,57,33,25,34,77,63,23,69,3,
940 110006914087,w192223,940 110009538716,w1679,No Shade,20,35,40,56,43,31,28,54,56,58,14,19,45,34,41,28,15,31,24,14,57,7,
940 110006914087,w192223,940 110012566693,w1657,No Shade,5,26,45,39,33,45,39,56,59,46,30,13,32,38,95,73,22,31,29,43,,,
940 110006914087,w192223,940 110019088647,w1651,No Shade,10,55,46,35,20,36,23,49,40,31,52,24,52,25,113,54,45,46,14,50,74,,
940 110006914087,w192223,940 110019088485,2693,No Shade,16,63,67,47,31,28,36,70,31,34,31,69,48,64,42,60,32,104,68,50,44,36,
940 110006914087,w192223,940 110009540139,2945,No Shade,10,28,26,26,28,29,22,69,32,30,71,26,16,31,106,34,29,20,48,11,19,3,
940 110006914087,w192223,940 110012567583,w928,No Shade,9,31,29,23,33,33,28,45,23,69,24,36,56,18,43,26,47,29,29,36,29,4,
940 110011818156,w192385,940 110009421859,w790,High Shade,,,,,,,,,12,27,8,17,14,65,68,26,118,36,36,6,,,
940 110011818156,w192385,940 110009423044,2991,High Shade,6,32,18,69,24,21,17,73,31,9,44,17,36,60,121,37,52,105,32,22,,,
940 110011818156,w192385,940 110019090446,2987,High Shade,3,11,69,17,52,61,11,43,13,18,12,20,25,20,60,72,87,25,7,,,,
940 110011818156,w192385,940 110019088573,2393,High Shade,2,16,36,34,25,56,49,50,40,54,35,28,40,24,114,53,70,72,38,54,,,
940 110011818156,w192385,940 110012566936,2358,High Shade,28,30,51,30,40,8,35,31,42,66,69,19,40,67,67,37,40,61,55,54,,,
940 110011818156,w192385,940 110009540229,2960,High Shade,2,39,27,28,87,62,6,50,55,45,37,33,59,44,168,37,55,29,32,32,,,
940 110011818156,w192385,940 110019091199,w192410,High Shade,4,45,24,47,106,54,76,84,111,84,121,29,30,31,199,57,76,30,46,119,,,
940 110011818156,w192385,940 110012565403,w1737,High Shade,7,47,59,41,26,59,13,21,57,16,16,22,26,22,300,32,42,65,75,22,,,
940 110011818156,w192385,940 110009538417,w9331,High Shade,13,26,38,30,66,84,34,60,42,49,22,23,29,48,149,57,38,52,65,56,,,
940 110011818156,w192385,940 110009539441,2600,High Shade,7,19,13,30,27,22,40,13,25,25,49,154,27,51,152,21,93,47,67,30,,,
940 110011818156,w192385,940 110012568314,2301,High Shade,7,67,26,58,29,123,16,55,60,33,33,35,36,34,132,28,57,60,55,57,,,
940 110011818156,w192385,940 110019091079,2967,High Shade,8,47,30,57,26,39,39,44,22,31,43,22,50,67,96,40,101,37,43,30,,,
940 110011818156,w192385,940 110009540863,2709,High Shade,6,83,61,48,18,20,20,15,82,20,24,123,198,33,66,41,45,95,37,65,,,
940 110011818156,w192385,940 110019088702,2631,High Shade,14,39,30,26,34,42,15,37,61,61,58,121,43,18,120,37,130,76,54,49,,,
940 110011818156,w192385,940 110009423189,2686,High Shade,8,24,31,18,27,22,41,47,84,30,18,17,27,17,22,66,58,79,63,33,,,
940 110011818156,w192385,940 110009422277,w1741,High Shade,91,45,14,47,94,62,49,35,36,28,55,27,45,110,155,47,48,91,48,34,,,
940 110011818156,w192385,940 110009540159,w192170,High Shade,7,44,45,53,18,28,17,19,25,2,8,28,18,18,73,76,56,114,8,,,,
940 110011818156,w192385,940 110009539745,2535,High Shade,21,50,57,51,41,22,77,40,53,40,42,21,49,25,162,55,88,64,126,113,,,
940 110011818156,w192385,940 110009541187,y464,High Shade,11,20,15,15,50,24,39,32,82,45,31,23,31,45,169,47,44,47,42,79,,,
940 110011818156,w192385,940 110012553605,2302,High Shade,10,13,26,49,57,26,7,16,25,21,22,4,39,40,120,29,34,61,108,14,,,
940 110011818156,w192385,940 110012567558,w229,High Shade,2,10,26,45,38,37,112,50,29,66,110,21,42,48,94,69,46,143,136,57,,,
940 110011818156,w192385,940 110012554299,y1053,High Shade,5,24,23,53,20,43,14,30,16,15,33,26,106,59,150,38,64,74,28,50,,,
940 110011818156,w192385,940 110009540606,2990,High Shade,8,34,20,25,26,28,89,30,40,61,68,42,86,52,99,32,48,63,23,72,,,
940 110011818156,w192385,940 110009540937,2428,High Shade,1,29,63,45,49,44,5,35,51,71,60,17,33,43,144,71,52,51,29,43,,,
940 110011818156,w192385,940 110012568230,w192423,High Shade,5,75,71,42,26,36,17,45,23,53,28,28,34,228,162,48,64,39,67,23,,,
940 110011818156,w192385,940 110019089933,2364,High Shade,5,15,34,30,29,56,12,68,94,86,41,18,111,58,139,26,41,39,32,36,,,
940 110011818156,w192385,940 110009539746,w9563,High Shade,5,52,36,66,43,19,14,22,97,32,55,26,25,17,105,23,62,41,28,24,,,
940 110011818156,w192385,940 110009540041,w192163,High Shade,11,48,39,66,34,43,33,16,17,31,36,33,25,54,205,52,69,84,27,56,,,
940 110011818156,w192385,940 110012568040,w1749,High Shade,8,127,36,47,54,53,33,11,40,50,65,63,74,79,95,33,70,92,68,44,,,
940 110011818156,w192385,940 110009422175,2595,High Shade,4,13,53,28,18,15,14,29,37,39,31,17,66,68,172,27,67,55,87,16,,,
940 110011818156,w192385,940 110019090321,3746,High Shade,8,42,14,30,25,20,16,29,17,98,82,40,17,17,109,22,57,82,26,71,,,
940 110011818156,w192385,940 110009423109,w9281,High Shade,9,24,10,36,43,62,17,28,63,79,44,19,31,42,94,47,111,94,63,126,,,
940 110011818156,w192385,940 110012564941,3762,High Shade,11,27,35,19,33,46,11,36,29,46,56,42,84,18,179,39,66,94,67,28,,,
940 110011818156,w192385,940 110009540280,w841,High Shade,7,22,58,50,91,64,58,19,100,32,39,25,26,53,61,18,62,45,115,40,,,
940 110011818156,w192385,940 110019091174,y1115,High Shade,8,35,34,32,33,43,8,58,42,110,58,47,37,72,195,57,67,51,46,30,,,
940 110011818156,w192385,940 110019088438,W210,High Shade,4,26,35,37,39,20,16,110,19,33,36,42,81,58,137,42,93,65,29,108,,,
940 110011818156,w192385,940 110009541433,w1772,High Shade,4,39,35,15,38,45,46,44,15,32,25,35,21,84,154,15,27,31,45,6,,,
940 110011818156,w192385,940 110009538766,w192204,High Shade,12,31,36,26,49,70,22,38,25,40,22,39,55,36,142,59,71,46,84,60,,,
940 110011818156,w192385,940 110019091090,3756,High Shade,7,20,32,45,41,52,41,42,31,42,31,76,37,29,89,28,50,50,18,44,,,
940 110011818156,w192385,940 110009423265,2965,High Shade,3,22,14,12,29,37,76,11,18,21,43,29,30,66,64,36,89,63,13,35,,,
940 110011818156,w192385,940 110009538890,2550,High Shade,9,39,24,38,38,85,85,82,95,50,59,21,70,40,122,76,63,46,52,106,,,
940 110011818156,w192385,940 110012567214,2648,High Shade,1,28,26,49,28,29,41,76,53,26,33,23,56,42,131,34,48,75,33,15,,,
940 110011818156,w192385,940 110009421860,w192380,High Shade,10,38,17,67,34,22,79,61,23,34,43,11,32,23,211,57,50,33,15,57,,,
940 110011818156,w192385,940 110019092821,W1636,High Shade,2,40,41,35,20,62,17,35,84,51,71,25,40,29,88,43,136,66,24,27,,,
940 110011818156,w192385,940 110012567539,w1793,High Shade,8,27,25,26,38,31,13,12,39,61,72,74,89,55,253,43,98,101,44,162,,,
940 110011818156,w192385,940 110009539963,2993,High Shade,5,58,32,40,45,31,29,19,39,23,34,36,102,136,323,35,68,87,34,51,,,
940 110011818156,w192385,940 110009423238,2313,High Shade,12,49,62,97,88,27,35,13,42,31,46,32,48,26,109,19,53,54,34,8,,,
940 110011818156,w192385,940 110009422835,2510,High Shade,5,37,34,13,25,16,47,52,44,76,17,33,75,31,120,44,60,20,65,15,,,
940 110011818156,w192385,940 110009539147,2544,High Shade,9,22,26,28,53,26,43,19,53,58,30,29,42,62,156,39,52,51,31,41,,,
940 110011818156,w192385,940 110019090333,2441,High Shade,14,57,56,23,25,16,106,49,27,52,50,63,23,54,175,42,49,47,68,39,,,
940 110011818156,w192385,940 110009539426,w1531,High Shade,17,44,27,23,40,74,19,72,29,54,24,25,81,79,121,32,70,52,68,22,,,
940 110011818156,w192385,940 110009539560,w1570,High Shade,11,32,36,24,65,38,27,33,60,46,40,15,43,31,77,49,34,70,51,47,,,
940 110011818156,w192385,940 110009422307,2681,High Shade,,,,,,,,,20,16,11,23,26,37,57,32,44,99,63,30,,,
940 110011818156,w192385,940 110009539749,w1774,High Shade,21,57,24,45,22,10,34,20,20,39,39,23,29,61,132,33,51,65,25,77,,,
940 110011818156,w192385,940 110009540523,w192488,High Shade,9,28,45,41,18,29,18,42,48,31,47,109,47,53,77,43,49,32,30,64,,,
940 110011818156,w192385,940 110009538720,3728,High Shade,16,84,74,33,26,20,37,48,74,39,76,22,51,26,98,24,78,88,53,57,,,
940 110011818156,w192385,940 110009540645,2348,High Shade,13,26,79,34,18,6,67,55,32,30,67,24,130,32,165,50,97,59,48,14,,,
940 110011818156,w192385,940 110019090059,o75,High Shade,8,25,15,66,25,31,41,33,20,44,47,24,25,28,161,47,41,39,79,37,,,
940 110011818156,w192385,940 110012567653,3799,High Shade,8,35,18,36,26,55,38,29,38,29,111,19,35,28,111,57,50,70,36,21,,,
940 110011818156,w192385,940 110009423257,w192358,High Shade,14,35,34,48,56,39,23,99,82,124,61,35,71,143,140,24,60,57,57,33,,,
940 110011818156,w192385,940 110019091991,w192246,High Shade,13,62,34,27,25,19,58,89,44,133,55,21,53,20,180,37,90,106,22,50,,,
940 110011818156,w192385,940 110012553700,o40,High Shade,4,21,24,41,39,68,15,21,37,38,56,30,60,31,295,42,73,106,33,80,,,
940 110011818156,w192385,940 110019091545,3714,High Shade,21,47,50,12,29,66,16,103,73,77,84,97,25,23,142,38,74,55,58,84,,,
940 110011818156,w192385,940 110009422294,o77,High Shade,6,45,28,26,61,47,9,20,25,56,18,74,41,39,132,40,56,59,33,20,,,
940 110011818156,w192385,982 123539107431,2469,High Shade,22,31,21,76,43,11,47,35,34,36,45,73,44,22,44,16,47,66,49,24,,,
940 110011818156,w192385,940 110012568205,2891,High Shade,5,10,10,15,,9,14,5,12,38,19,54,131,48,93,32,31,46,73,31,,,
940 110011818156,w192385,940 110009541595,2925,High Shade,5,18,36,45,103,38,75,28,39,81,24,30,46,42,196,33,71,107,54,105,,,
940 110011818156,w192385,940 110019088500,y430,High Shade,13,25,69,23,27,17,56,12,20,22,61,31,24,43,93,46,73,87,75,47,,,
940 110011818156,w192385,940 110012567794,w9280,High Shade,6,29,17,90,27,10,17,33,45,87,26,66,24,52,106,28,74,69,63,31,,,
940 110011818156,w192385,940 110016191529,2899,High Shade,23,29,64,54,31,21,9,9,47,123,64,30,34,23,104,41,46,100,30,166,,,
940 110011818156,w192385,940 110009539432,2567,High Shade,9,51,19,27,39,26,23,19,53,33,29,13,28,46,174,33,49,33,37,126,,,
940 110011818156,w192385,940 110009541504,2338,High Shade,9,41,24,28,56,33,48,36,44,25,18,20,65,31,151,39,75,69,92,45,,,
940 110011818156,w192385,940 110009539497,2328,High Shade,9,16,43,20,34,34,23,12,47,31,83,46,19,48,137,14,125,87,39,16,,,
940 110011818156,w192385,940 110009540062,w1765,High Shade,11,9,15,38,57,33,219,43,29,36,13,35,21,26,82,28,37,39,29,34,,,
940 110011818156,w192385,940 110009541001,w795,High Shade,5,37,66,29,36,25,51,18,51,94,74,22,36,76,183,24,39,119,84,27,,,
940 110011818156,w192385,940 110009541455,2464,High Shade,9,14,13,44,41,30,8,22,31,25,77,22,25,42,76,25,47,69,22,20,,,
940 110011818156,w192385,940 110009539123,y486,High Shade,4,29,17,39,31,36,89,42,20,42,37,19,36,73,130,43,79,56,34,27,,,
940 110011818156,w192385,940 110009539500,2444,High Shade,5,16,20,59,74,36,41,42,86,21,37,27,76,75,138,73,132,64,84,131,,,
940 110011818156,w192385,940 110019091898,5399,High Shade,16,34,28,53,62,73,21,45,109,48,37,38,35,60,226,19,64,46,88,69,,,
940 110011818156,w192385,940 110019091269,w192143,High Shade,3,171,117,38,35,15,48,36,32,34,40,19,59,27,147,68,50,82,52,21,,,
940 110011818156,w192385,940 110009538772,2607,High Shade,16,32,33,24,32,8,27,15,18,38,70,91,25,60,138,30,55,60,44,33,,,
940 110011818156,w192385,940 110012566479,w757,High Shade,4,56,21,43,10,11,94,28,9,40,9,48,22,65,111,37,41,85,38,63,,,
940 110011818156,w192385,940 110009538570,w1506,High Shade,12,51,22,30,45,26,34,43,42,44,50,33,44,49,152,47,56,119,53,69,,,
940 110011818156,w192385,940 110009540889,2488,High Shade,4,16,32,40,38,149,50,31,52,78,68,21,62,29,208,53,55,46,81,70,,,
940 110011818156,w192385,940 110012554719,w1614,High Shade,13,58,44,26,35,42,24,20,65,72,49,74,59,41,123,13,67,48,105,29,,,
940 110011818156,w192385,940 110019092801,2922,High Shade,5,57,44,28,25,53,15,45,33,49,23,29,43,17,89,33,88,79,25,44,,,
940 110011818156,w192385,940 110019088618,2563,High Shade,6,26,109,39,37,35,23,34,38,38,67,18,17,19,84,37,59,105,32,31,,,
940 110011818156,w192385,940 110009539765,w1771,High Shade,15,46,61,44,68,89,14,35,48,72,71,22,17,77,127,50,37,58,105,33,,,
940 110011818156,w192385,940 110019091874,2933,High Shade,9,47,63,47,26,22,66,41,56,30,32,25,44,39,208,65,98,59,49,38,,,
940 110011818156,w192385,940 110019090507,2590,High Shade,10,40,64,25,37,23,17,26,25,39,16,38,52,63,118,16,59,66,56,47,,,
940 110011818156,w192385,940 110009538677,W192239,High Shade,20,24,32,39,35,104,58,56,57,74,68,41,30,33,150,53,64,61,36,83,,,
940 110011818156,w192385,940 110009541027,2930,High Shade,6,29,57,39,65,26,129,26,90,80,32,73,82,35,240,24,32,25,44,59,,,
940 110011818156,w192385,940 110012567125,2363,High Shade,11,12,17,67,14,18,14,16,89,43,36,56,46,57,75,38,66,51,99,50,,,
940 110011818156,w192385,940 110020787431,w1706,High Shade,9,62,37,29,31,22,19,22,39,24,72,26,30,18,87,29,40,101,40,142,,,
940 110011818156,w192385,940 110012567054,2411,High Shade,4,21,45,39,44,25,13,49,102,26,40,29,63,19,216,64,48,80,59,68,,,
940 110011818156,w192385,940 110009540879,w192135,High Shade,5,22,22,60,48,29,30,13,49,51,52,55,64,115,139,55,80,52,48,115,,,
940 110011818156,w192385,940 110012566916,2543,High Shade,6,23,17,52,44,48,22,40,115,63,23,26,34,32,134,40,38,58,35,33,,,
940 110011818156,w192385,940 110012553776,2571,High Shade,3,21,29,39,36,23,33,15,28,44,95,6,62,108,118,22,65,39,36,23,,,
940 110011818156,w192385,940 110009422880,2407,High Shade,6,13,12,23,30,56,38,50,37,35,68,29,29,52,183,68,87,88,100,21,,,
940 110011818156,w192385,940 110009541155,2399,High Shade,4,23,12,31,22,29,34,72,29,37,61,69,37,32,90,21,40,78,92,54,,,
940 110011818156,w192385,940 110012564910,2461,High Shade,12,25,20,20,78,28,44,18,31,30,51,44,17,26,53,17,57,49,50,31,,,
940 110011818156,w192385,940 110019088661,w791,High Shade,8,11,40,98,19,21,39,36,25,38,56,10,11,31,92,26,56,83,78,251,,,
940 110011818156,w192385,940 110012567424,2305,High Shade,9,40,43,60,20,36,16,38,20,40,27,62,21,91,129,115,60,69,38,24,,,
940 110011818156,w192385,940 110009541284,2323,High Shade,4,56,21,31,29,14,52,19,30,33,34,44,21,31,115,16,34,30,31,58,,,
940 110011818156,w192385,940 110009423155,w192406,High Shade,2,29,11,26,62,48,69,19,23,45,71,49,25,21,104,50,39,53,53,30,,,
940 110011818156,w192385,940 110012567049,2988,High Shade,5,45,23,31,41,27,63,29,91,32,29,28,27,105,161,23,61,47,50,15,,,
940 110011818156,w192385,940 110009539292,2958,High Shade,3,27,110,25,38,22,17,20,64,28,18,19,38,24,116,21,35,56,16,113,,,
940 110011818156,w192385,940 110009540852,3717,High Shade,20,29,50,35,36,57,31,75,53,25,79,50,50,59,185,20,43,89,42,60,,,
940 110011818156,w192385,940 110009538693,w993,High Shade,5,33,14,24,50,48,49,37,34,31,49,38,25,31,116,35,97,114,72,49,,,
940 110011818156,w192385,940 110009541193,w226,High Shade,14,79,90,40,36,47,34,55,66,57,51,16,78,57,172,56,70,93,53,49,,,
940 110011818156,w192385,940 110009540641,w765,High Shade,64,28,19,49,23,7,80,25,26,28,21,29,33,27,107,21,56,95,16,79,,,
940 110011818156,w192385,940 110009423023,y455,High Shade,5,42,34,48,82,20,100,27,90,45,36,41,36,79,161,62,36,64,16,53,,,
940 110011818156,w192385,940 110009539574,W1585,High Shade,7,33,38,43,58,31,62,86,58,45,24,15,40,91,196,50,70,105,50,23,,,
940 110011818156,w192385,940 110012566390,2467,High Shade,14,23,19,51,44,8,117,104,46,18,4,6,75,9,36,19,47,29,56,38,,,
940 110011818156,w192385,940 110009540400,w192325,High Shade,2,38,23,20,27,15,79,18,29,18,81,104,73,92,117,31,71,79,28,43,,,
940 110011818156,w192385,940 110012565375,3744,High Shade,13,26,17,45,30,27,29,12,37,33,35,21,38,35,153,40,49,61,62,59,,,
940 110011818156,w192385,940 110009540112,w192218,High Shade,34,69,22,70,52,47,36,43,74,64,45,38,39,27,174,60,42,126,33,63,,,
940 110011818156,w192385,940 110012567022,w937,High Shade,6,51,52,41,47,42,28,52,62,61,58,40,41,25,133,72,80,74,55,42,,,
940 110011818156,w192385,940 110012553675,w192153,High Shade,8,22,27,37,30,35,22,20,58,73,37,65,32,35,91,29,47,44,22,101,,,
940 110011818156,w192385,940 110012554588,2628,High Shade,7,24,15,40,33,15,36,35,56,96,46,19,28,45,56,44,34,25,12,31,,,
940 110011818156,w192385,940 110012565425,2703,High Shade,9,44,75,21,81,34,18,24,31,32,27,35,49,133,132,51,64,53,57,54,,,
940 110011818156,w192385,940 110019090105,2520,High Shade,4,21,36,24,20,28,17,67,22,68,19,22,29,42,243,41,49,75,90,45,,,
940 110011818156,w192385,940 110019091541,2893,High Shade,5,12,11,25,16,16,10,15,18,12,19,94,23,51,127,22,42,73,56,72,,,
940 110011818156,w192385,940 110012554845,W192256,High Shade,31,41,67,39,41,20,26,49,23,33,45,34,42,22,238,46,82,71,28,38,,,
940 110011818156,w192385,940 110019090374,2365,High Shade,7,66,44,35,49,37,16,63,74,72,34,34,63,45,208,38,59,86,94,179,,,
940 110011818156,w192385,940 110009541586,w192277,High Shade,6,17,16,29,40,41,24,35,15,32,41,24,17,20,47,29,96,101,12,15,,,
940 110011818156,w192385,940 110019091053,2671,High Shade,9,33,35,33,7,12,18,18,12,15,31,42,53,23,100,45,49,86,61,20,,,
940 110011818156,w192385,982 123812217444,w192236,High Shade,12,31,30,35,21,45,52,114,54,22,37,22,82,26,100,53,69,59,45,48,,,
940 110011818156,w192385,940 110012567887,2650,High Shade,6,91,67,42,29,28,95,27,41,49,20,23,37,66,142,56,96,64,28,66,,,
940 110011818156,w192385,940 110019090379,w1785,High Shade,8,55,30,41,55,7,17,14,28,25,18,25,31,22,106,33,33,109,36,20,,,
940 110011818156,w192385,940 110019089911,2038,High Shade,12,31,13,12,31,30,28,29,27,47,28,33,21,58,138,36,78,82,28,42,,,
940 110011818156,w192385,940 110009539063,w221,High Shade,4,59,37,42,25,60,41,74,119,94,79,38,45,40,97,43,57,77,87,76,,,
940 110011818156,w192385,940 110019091927,y493,High Shade,11,41,42,67,67,19,59,46,46,43,52,36,147,84,239,41,82,115,64,121,,,
940 110011818156,w192385,940 110009539600,o22,High Shade,13,22,22,55,58,32,106,124,71,35,64,12,41,55,80,43,126,139,32,20,,,
940 110011818156,w192385,940 110009541457,y449,High Shade,4,29,35,22,87,40,17,25,62,28,34,39,33,32,291,41,62,42,36,42,,,
940 110011818156,w192385,940 110009423145,w192150,High Shade,13,41,109,27,46,74,65,48,24,115,49,43,25,56,140,26,61,62,40,48,,,
940 110011818156,w192385,940 110009541731,o41,High Shade,1,21,36,42,24,6,17,62,89,23,16,15,48,54,130,37,35,88,56,22,,,
940 110011818156,w192385,940 110019089807,w773,High Shade,12,26,68,29,18,28,31,25,112,73,39,31,40,35,241,79,80,67,74,40,,,
940 110011818156,w192385,940 110009540892,2373,High Shade,15,14,24,24,43,40,55,28,38,34,24,48,32,44,141,114,73,54,113,31,,,
940 110011818156,w192385,940 110012566714,3750,High Shade,8,20,22,46,29,38,30,22,59,214,31,35,33,61,109,42,94,40,21,63,,,
940 110011818156,w192385,940 110009539732,2639,High Shade,12,60,23,36,16,27,36,57,21,21,28,48,36,78,191,34,86,76,64,91,,,
940 110011818156,w192385,940 110009540691,2018,High Shade,8,153,75,32,21,18,24,30,43,29,27,16,35,57,81,19,48,50,72,41,,,
940 110011818156,w192385,940 110009422291,2900,High Shade,6,32,65,24,10,53,32,26,102,40,25,11,38,24,161,35,40,54,66,11,,,
940 110011818156,w192385,940 110019090490,2627,High Shade,4,14,35,28,18,24,13,40,58,66,19,36,27,38,114,33,47,121,42,46,,,
940 110011818156,w192385,940 110009540880,w897,High Shade,4,27,36,34,70,86,76,31,43,40,33,22,50,43,164,45,88,39,68,24,,,
940 110011818156,w192385,940 110012565868,2952,High Shade,3,52,60,55,21,14,38,24,20,21,33,26,14,56,121,28,35,67,130,45,,,
940 110011818156,w192385,940 110009539582,2602,High Shade,6,38,22,69,32,83,70,63,68,27,46,16,33,63,128,23,43,65,98,32,,,
940 110011818156,w192385,940 110009541461,2621,High Shade,6,27,35,72,25,13,46,26,112,66,74,70,67,44,116,54,75,58,41,57,,,
940 110011818156,w192385,940 110009539701,w192055,High Shade,5,16,32,30,45,23,22,56,17,111,29,67,40,113,125,42,79,53,25,36,,,
940 110011818156,w192385,940 110009541618,2559,High Shade,5,35,36,40,31,38,30,36,62,21,28,15,90,67,119,46,66,64,31,38,,,
940 110011818156,w192385,940 110009539186,2625,High Shade,17,59,15,59,42,31,19,56,78,57,37,54,21,80,155,48,32,72,36,38,,,
940 110011818156,w192385,940 110009538652,2574,High Shade,5,27,28,13,91,90,40,52,90,24,46,19,45,44,90,33,45,78,22,46,,,
940 110011818156,w192385,940 110012566735,2934,High Shade,6,55,47,69,22,15,56,41,21,37,65,24,53,57,313,20,82,105,18,27,,,
940 110011818156,w192385,940 110012554672,y1024,High Shade,2,30,26,54,47,43,47,24,33,50,56,18,33,24,64,66,41,65,89,29,,,
940 110011818156,w192385,940 110019091360,2937,High Shade,24,20,19,39,30,40,20,39,28,44,66,46,38,82,133,43,80,51,10,117,,,
940 110011818156,w192385,940 110011991139,2653,High Shade,2,9,,,,,,,1,50,2,14,7,11,37,15,51,33,109,21,,,
940 110011818156,w192385,940 110009540731,2713,High Shade,13,59,118,53,22,33,57,24,70,93,104,49,62,17,141,45,74,33,20,51,,,
940 110011818156,w192385,940 110009541182,w192154,High Shade,9,20,30,32,27,24,104,79,80,39,64,43,58,77,78,53,44,44,86,47,,,
940 110011818156,w192385,940 110012567632,5361,High Shade,3,16,42,50,40,83,25,30,36,66,43,43,50,51,396,25,73,48,85,30,,,
940 110011818156,w192385,940 110009541089,2568,High Shade,20,47,57,45,35,15,45,22,32,30,35,204,30,49,126,53,75,51,33,82,,,
940 110011818156,w192385,940 110009540994,w192561,High Shade,7,37,29,21,84,110,100,47,52,64,73,71,32,58,138,65,86,73,37,65,,,
940 110011818156,w192385,940 110012567203,2537,High Shade,6,31,18,39,76,31,123,36,41,30,37,46,39,54,148,44,61,56,38,35,,,
940 110011818156,w192385,940 110009541435,2979,High Shade,12,44,55,36,95,17,30,36,39,57,68,22,16,33,153,76,44,28,25,96,,,
940 110011818156,w192385,940 110012553652,w9511,High Shade,13,29,76,27,34,84,7,37,37,76,61,32,31,39,125,30,55,66,88,29,,,
940 110011818156,w192385,940 110012554433,y474,High Shade,2,21,16,53,28,51,12,34,14,49,30,21,43,64,64,55,44,76,31,35,,,
940 110011818156,w192385,940 110009539288,w192212,High Shade,43,185,31,20,16,16,2,39,46,42,70,22,12,31,139,28,26,39,79,10,,,
940 110011818156,w192385,940 110019090030,2629,High Shade,4,63,32,55,48,73,24,39,26,50,13,111,105,36,140,30,66,48,87,27,,,
940 110011818156,w192385,940 110019091890,y460,High Shade,2,50,23,37,19,26,26,28,19,44,43,37,27,25,149,34,111,73,21,229,,,
940 110011818156,w192385,940 110009539164,2924,High Shade,7,17,44,26,32,13,60,67,63,92,79,54,191,49,182,44,99,82,150,44,,,
940 110011818156,w192385,940 110009540290,2327,High Shade,5,29,45,8,17,53,30,24,47,20,23,21,39,69,57,20,113,58,79,22,,,
940 110011818156,w192385,940 110009540162,2433,High Shade,4,20,11,53,22,4,17,42,45,37,20,90,57,96,164,33,56,85,67,68,,,
940 110011818156,w192385,940 110009541259,3758,High Shade,3,49,25,62,83,85,140,38,38,60,30,90,39,77,74,57,83,53,97,132,,,
940 110011818156,w192385,940 110012554553,w961,High Shade,15,70,58,43,39,26,118,102,72,88,82,25,125,70,119,47,90,101,45,44,,,
940 110011818156,w192385,940 110009530579,w967,High Shade,4,61,56,48,172,69,30,29,24,32,37,13,49,40,161,58,66,66,48,31,,,
940 110011818156,w192385,940 110009539267,y444,High Shade,8,18,28,20,13,9,47,25,16,108,37,19,26,25,65,26,22,50,45,17,,,
940 110011818156,w192385,940 110009539379,2646,High Shade,6,80,46,60,40,66,106,18,123,91,28,26,99,89,184,25,53,67,34,48,,,
940 110011818156,w192385,940 110009539523,2303,High Shade,13,39,69,13,12,8,36,13,19,36,22,36,23,84,110,28,51,42,41,50,,,
940 110011818156,w192385,940 110009540131,2640,High Shade,3,37,51,28,36,89,58,124,55,37,42,33,35,68,61,45,54,80,23,47,,,
940 110011818156,w192385,940 110009539215,w979,High Shade,8,29,23,38,44,62,62,25,55,38,102,94,26,102,101,35,63,30,50,40,,,
940 110011818156,w192385,940 110019091895,2394,High Shade,5,29,72,21,37,16,10,8,18,47,45,17,21,28,99,29,90,68,49,51,,,
940 110011818156,w192385,940 110019090103,w192008,High Shade,12,53,9,50,46,22,22,44,53,45,26,33,33,50,131,29,61,92,50,35,,,
940 110011818156,w192385,940 110012568291,y434,High Shade,9,27,10,61,15,23,21,27,35,65,36,28,65,44,137,51,84,97,72,65,,,
940 110011818156,w192385,940 110009539587,w192330,High Shade,4,31,33,42,32,45,183,49,40,55,85,28,48,42,125,87,62,69,78,32,,,
940 110011818156,w192385,940 110012553789,2610,High Shade,21,32,29,33,59,56,40,31,9,35,67,101,28,52,108,61,69,48,61,58,,,
940 110011818156,w192385,940 110019091049,2418,High Shade,7,33,69,42,25,49,32,61,22,25,31,25,50,28,147,93,55,95,20,29,,,
940 110011818156,w192385,940 110009540147,w1637,High Shade,18,21,12,21,25,19,13,26,62,35,25,22,39,30,194,56,60,48,50,76,,,
940 110011818156,w192385,940 110019091521,2350,High Shade,6,79,58,66,25,30,18,54,104,45,47,91,39,31,170,33,60,62,43,60,,,
940 110011818156,w192385,940 110012554501,2717,High Shade,8,87,61,37,22,34,29,20,30,90,27,27,37,55,87,27,45,100,29,64,,,
940 110011818156,w192385,940 110009422302,2616,High Shade,10,13,38,54,61,36,18,13,77,62,59,36,41,28,144,97,56,71,74,30,,,
940 110011818156,w192385,940 110009538502,w1763,High Shade,5,22,18,51,33,31,106,50,76,81,61,38,111,54,114,33,55,32,93,67,,,
940 110011818156,w192385,940 110012565444,w1512,High Shade,8,52,30,27,30,18,91,39,66,20,70,23,108,15,182,71,78,50,26,49,,,
940 110011818156,w192385,940 110009538623,2554,High Shade,6,35,28,56,30,16,14,61,25,18,13,14,94,89,78,65,100,77,46,51,,,
940 110011818156,w192385,940 110009539443,W1695,High Shade,11,76,13,60,23,30,54,107,66,94,38,29,34,37,220,45,94,82,73,41,,,
940 110011818156,w192385,940 110012566730,w192152,High Shade,7,46,221,26,58,50,62,42,37,83,25,27,36,32,179,46,71,76,88,65,,,
940 110011818156,w192385,940 110009538900,2659,High Shade,9,112,25,57,49,23,119,99,93,49,43,30,79,36,244,57,64,71,52,130,,,
940 110011818156,w192385,940 110009539846,y448,High Shade,,,,,,,,,8,11,6,80,43,33,61,52,78,73,48,109,,,
940 110011818156,w192385,940 110012564957,2622,High Shade,10,40,30,28,58,37,95,44,75,84,38,31,117,32,162,71,58,90,28,57,,,
940 110011818156,w192385,940 110012567143,w1640,High Shade,6,28,65,30,55,38,29,124,78,22,28,20,22,21,58,23,48,52,122,32,,,
940 110011818156,w192385,940 110009539995,w213,High Shade,12,104,26,64,47,129,21,72,93,58,73,56,60,66,223,47,75,91,109,45,,,
940 110011818156,w192385,940 110012566557,2688,High Shade,11,44,50,31,42,17,30,88,24,41,29,13,26,31,107,29,41,85,20,227,,,
940 110011818156,w192385,940 110009538743,2023,High Shade,12,33,28,17,18,27,25,38,59,18,41,15,34,21,97,55,52,86,32,35,,,
940 110011818156,w192385,940 110009539721,w9513,High Shade,7,40,24,34,50,14,50,53,52,19,87,33,46,31,131,30,44,98,93,26,,,
940 110011818156,w192385,940 110009539113,2423,High Shade,2,15,37,29,25,28,59,29,30,36,27,13,49,65,241,32,44,43,16,23,,,
940 110011818156,w192385,940 110009538774,2384,High Shade,,27,15,42,91,91,24,30,54,25,42,29,64,39,181,80,75,71,21,58,,,
940 110011818156,w192385,940 110019090459,2626,High Shade,5,57,33,15,38,27,39,67,42,70,92,31,45,27,113,41,68,61,67,35,,,
940 110011818156,w192385,940 110012565433,2674,High Shade,9,8,18,14,47,35,28,21,24,48,44,54,22,37,142,32,74,43,69,35,,,
940 110011818156,w192385,940 110009540630,2969,High Shade,21,14,25,16,40,44,29,31,30,51,45,51,8,22,115,43,54,74,25,3,,,
940 110011818156,w192385,940 110009538571,2395,High Shade,10,62,57,63,42,38,5,33,78,69,68,22,18,113,186,55,93,84,55,63,,,
940 110011818156,w192385,940 110019091513,w192087,High Shade,11,41,93,29,31,20,36,35,14,35,36,41,21,53,51,28,132,34,50,23,,,
940 110011818156,w192385,940 110012554843,w1552,High Shade,4,55,14,56,35,49,29,73,100,26,42,7,46,32,100,28,44,91,38,23,,,
940 110011818156,w192385,940 110009423166,2963,High Shade,8,22,37,37,42,43,37,100,97,27,47,43,44,73,118,40,63,64,37,45,,,
940 110011818156,w192385,940 110012568096,2620,High Shade,11,14,29,80,38,60,11,27,35,62,51,43,74,92,214,30,103,66,77,88,,,
940 110011818156,w192385,940 110019091355,2321,High Shade,10,27,64,32,12,19,26,45,42,23,69,18,32,79,125,38,69,34,47,71,,,
940 110011818156,w192385,940 110012564961,2335,High Shade,2,38,49,45,20,43,39,22,25,28,24,15,72,46,149,47,86,40,27,46,,,
940 110011818156,w192385,940 110012554714,w192377,High Shade,5,19,31,54,39,14,20,27,22,11,53,30,33,34,115,62,49,58,57,37,,,
940 110011818156,w192385,940 110009421864,o27,High Shade,15,79,80,42,66,23,16,14,40,24,39,25,57,89,150,33,59,68,81,47,,,
940 110011818156,w192385,940 110009423220,o24,High Shade,16,28,57,55,31,28,12,31,103,38,28,24,60,43,227,62,62,58,32,71,,,
940 110011818156,w192385,940 110009540190,1474,High Shade,11,42,25,30,17,78,23,42,37,36,39,41,47,83,111,65,64,140,39,54,,,
940 110011818156,w192385,940 110009541679,w1661,High Shade,9,26,40,24,35,53,41,34,46,25,22,42,22,46,122,36,71,54,38,139,,,
940 110011818156,w192385,940 110012554266,w1645,High Shade,3,36,14,41,32,49,14,27,69,37,97,12,53,90,159,54,44,57,28,27,,,
940 110011818156,w192385,940 110012566822,w192004,High Shade,7,50,50,40,70,19,10,16,72,45,19,23,19,37,100,18,41,36,73,44,,,
940 110011818156,w192385,940 110019091371,w1756,High Shade,3,82,36,35,33,52,44,26,35,21,40,58,19,30,106,55,61,59,25,49,,,
940 110011818156,w192385,940 110009538722,3753,High Shade,5,19,64,25,33,38,15,79,54,36,43,41,59,124,172,116,74,64,29,31,,,
940 110011818156,w192385,940 110009541521,2613,High Shade,13,80,36,35,35,37,61,61,30,38,52,18,108,46,135,31,78,38,63,68,,,
940 110011818156,w192385,940 110009423176,2451,High Shade,6,12,29,37,30,47,107,26,33,53,22,36,67,60,249,27,81,120,41,77,,,
940 110011818156,w192385,940 110012566863,y472,High Shade,8,17,29,54,14,27,14,18,69,25,65,46,134,75,146,34,93,103,80,98,,,
940 110011818156,w192385,940 110009541526,y428,High Shade,2,37,29,22,31,28,12,43,11,17,31,25,18,45,242,26,41,59,31,24,,,
940 110011818156,w192385,940 110009539726,w952,High Shade,3,72,32,20,32,23,33,20,31,58,14,35,55,134,94,39,72,71,89,41,,,
940 110011818156,w192385,940 110009541103,w192002,High Shade,12,38,38,18,23,49,65,23,28,33,70,43,52,83,118,33,92,86,72,25,,,
940 110011818156,w192385,940 110019088685,2931,High Shade,6,63,37,25,54,21,17,31,60,40,43,58,35,30,149,75,82,56,82,52,,,
940 110011818156,w192385,940 110012567392,w192006,High Shade,17,31,31,63,49,18,59,27,57,59,80,21,56,40,88,50,64,77,68,124,,,
940 110011818156,w192385,940 110019091854,w192180,High Shade,15,70,38,42,55,69,45,140,52,62,39,45,28,31,136,32,78,94,25,80,,,
940 110011818156,w192385,940 110019091342,y450,High Shade,5,62,31,20,24,56,18,20,56,29,51,35,29,44,182,22,82,115,102,50,,,
940 110011818156,w192385,940 110012567798,w1697,High Shade,6,50,27,66,45,95,67,51,104,43,40,9,48,141,69,55,65,35,22,112,,,
940 110008003692,w192258,940 110009539845,2635,Medium Shade,,41,28,34,4,17,34,14,56,28,22,4,24,,,9,51,1,,,,,
940 110008003692,w192258,940 110012554582,y465,Medium Shade,,33,29,31,33,45,20,2,10,9,33,12,33,,,1,16,5,,,,,
940 110008003692,w192258,940 110009423305,y1018,Medium Shade,,48,45,11,25,38,24,1,32,17,10,25,18,,,1,38,,,,,,
940 110008003692,w192258,940 110009540482,2623,Medium Shade,27,102,45,45,25,35,28,8,76,5,17,72,4,,,55,45,1,,,,,
940 110008003692,w192258,940 110009538683,2982,Medium Shade,9,25,58,35,11,30,29,16,18,24,14,124,4,,,,20,,,,,,
940 110008003692,w192258,940 110019091126,w1524,Medium Shade,7,48,45,47,24,20,65,82,62,9,15,34,11,,,17,59,,,,,,
940 110008003692,w192258,940 110009538773,W192534,Medium Shade,,21,30,19,10,6,36,8,39,12,50,75,22,,,,49,30,,,,,
940 110008003692,w192258,940 110009539776,w1562,Medium Shade,,30,38,13,15,8,33,36,35,3,6,3,2,,,1,26,1,,,,,
940 110008003692,w192258,940 110009422305,w192301,Medium Shade,10,56,31,44,14,66,50,1,11,6,1,14,15,,,4,62,2,,,,,
940 110008003692,w192258,940 110009539512,y461,Medium Shade,2,34,22,26,23,14,8,3,25,23,28,5,33,,,,54,4,,,,,
940 110008003692,w192258,940 110012568063,2011,Medium Shade,18,59,41,52,20,26,14,6,8,88,19,7,1,,,1,9,2,,,,,
940 110008003692,w192258,940 110019090313,2453,Medium Shade,5,20,17,18,82,29,6,29,15,25,7,22,7,,,3,51,50,,,,,
940 110008003692,w192258,940 110009539462,2561,Medium Shade,,20,33,34,22,24,9,8,18,20,9,64,2,,,,,,,,,,
940 110008003692,w192258,940 110009538600,O45,Medium Shade,,17,53,30,15,23,14,46,26,6,9,78,8,,,12,41,1,,,,,
940 110008003692,w192258,940 110009539531,2720,Medium Shade,,19,86,18,7,29,36,8,27,32,1,3,35,,,3,69,,,,,,
940 110008003692,w192258,940 110019091113,2333,Medium Shade,7,43,43,23,27,14,20,22,72,48,27,7,3,,,,24,4,,,,,
940 110008003692,w192258,940 110012568279,2487,Medium Shade,16,35,23,9,24,13,15,2,18,47,14,55,7,,,75,44,8,,,,,
940 110008003692,w192258,940 110009539554,2426,Medium Shade,1,72,31,42,31,43,23,3,22,41,11,5,16,,,29,64,,,,,,
940 110008003692,w192258,940 110009540542,w987,Medium Shade,4,49,42,49,41,21,19,40,62,25,60,12,8,,,41,31,,,,,,
940 110008003692,w192258,940 110012567199,2442,Medium Shade,14,32,15,40,24,23,22,4,45,22,14,21,32,,,12,87,5,,,,,
940 110008003692,w192258,940 110012565616,2446,Medium Shade,18,61,60,10,20,46,14,17,21,4,15,7,3,,,2,60,15,,,,,
940 110008003692,w192258,940 110009538378,2516,Medium Shade,,31,46,19,8,15,9,25,34,12,61,18,2,,,5,28,72,,,,,
940 110008003692,w192258,940 110009540938,2430,Medium Shade,13,34,34,17,60,22,33,43,50,26,4,214,7,,,21,50,,,,,,
940 110008003692,w192258,940 110012567432,3739,Medium Shade,,,,,,,,,11,9,1,7,12,,,4,24,24,,,,,
940 110008003692,w192258,940 110019091096,3740,Medium Shade,9,40,33,29,11,38,7,38,29,9,8,10,,,,6,53,6,,,,,
940 110008003692,w192258,940 110009539788,2896,Medium Shade,14,36,24,24,44,27,76,3,43,21,32,15,6,,,32,109,7,,,,,
940 110008003692,w192258,940 110009538678,w1619,Medium Shade,,23,18,106,89,28,21,14,49,14,1,3,10,,,,15,43,,,,,
940 110008003692,w192258,940 110009540694,w192407,Medium Shade,,9,49,29,16,31,9,2,9,35,3,136,,,,,64,120,,,,,
940 110008003692,w192258,940 110009538658,w192549,Medium Shade,6,22,29,30,29,27,24,22,88,4,6,24,63,,,3,23,6,,,,,
940 110008003692,w192258,940 110012566414,2330,Medium Shade,18,13,47,32,27,35,25,25,24,46,11,187,14,,,5,14,4,,,,,
940 110008003692,w192258,940 110009539901,w787,Medium Shade,,21,38,32,28,61,12,46,23,20,31,6,25,,,,6,86,,,,,
940 110008003692,w192258,940 110019091108,2532,Medium Shade,4,39,28,20,57,75,41,4,37,16,2,9,12,,,3,30,1,,,,,
940 110008003692,w192258,940 110012567544,2586,Medium Shade,15,12,26,31,16,16,26,8,8,,7,17,7,,,,64,10,,,,,
940 110008003692,w192258,940 110019090804,w1682,Medium Shade,15,50,35,55,28,11,22,1,25,26,7,6,5,,,2,49,131,,,,,
940 110008003692,w192258,940 110009422295,3760,Medium Shade,7,36,34,38,29,43,43,2,38,29,4,25,,,,3,48,1,,,,,
940 110008003692,w192258,940 110009539751,y1021,Medium Shade,,10,28,21,14,19,17,5,49,24,13,5,1,,,,,,,,,,
940 110008003692,w192258,940 110019090769,2718,Medium Shade,8,16,53,32,7,75,26,19,27,16,26,77,3,,,,12,3,,,,,
940 110008003692,w192258,940 110019090337,w233,Medium Shade,7,42,11,10,15,5,13,26,25,39,16,1,11,,,1,26,34,,,,,
940 110008003692,w192258,940 110009539049,w192040,Medium Shade,,23,40,41,21,16,87,12,31,4,2,46,1,,,,,,,,,,
940 110008003692,w192258,940 110009540965,w1659,Medium Shade,4,39,58,72,63,12,10,1,3,19,17,72,9,,,1,20,2,,,,,
940 110008003692,w192258,940 110012568023,2370,Medium Shade,1,29,24,74,14,29,23,7,25,52,8,6,15,,,1,32,32,,,,,
940 110008003692,w192258,940 110019090456,w192035,Medium Shade,39,47,43,29,17,20,38,5,73,57,10,24,10,,,,43,14,,,,,
940 110008003692,w192258,940 110019091425,w1704,Medium Shade,11,24,44,61,22,20,41,2,18,67,4,35,11,,,7,44,,,,,,
940 110008003692,w192258,940 110009540223,2538,Medium Shade,55,121,23,25,11,43,7,,6,9,4,5,24,,,,14,9,,,,,
940 110008003692,w192258,940 110012568242,w1779,Medium Shade,28,57,38,30,28,15,33,64,27,10,3,56,6,,,,24,138,,,,,
940 110008003692,w192258,940 110009540130,2685,Medium Shade,,20,44,60,16,64,123,40,12,8,4,9,11,,,,40,49,,,,,
940 110008003692,w192258,940 110009422834,2605,Medium Shade,,37,50,20,18,20,33,29,30,22,8,13,54,,,1,12,,,,,,
940 110008003692,w192258,940 110009539936,Y433,Medium Shade,1,23,38,20,8,5,18,22,40,7,14,46,7,,,3,56,30,,,,,
940 110008003692,w192258,940 110019089967,2715,Medium Shade,4,51,20,30,33,72,20,31,14,44,13,10,2,,,3,62,,,,,,
940 110008003692,w192258,940 110009540565,w1559,Medium Shade,,9,25,42,7,8,42,13,27,21,8,9,11,,,2,33,6,,,,,
940 110008003692,w192258,940 110009541646,W192086,Medium Shade,,24,26,28,48,28,7,21,51,32,6,35,6,,,,45,,,,,,
940 110008003692,w192258,940 110019091288,w1540,Medium Shade,15,88,41,32,37,16,34,102,28,27,11,87,13,,,10,40,3,,,,,
940 110008003692,w192258,940 110019091882,2424,Medium Shade,10,23,25,10,14,32,22,14,5,42,,12,9,,,,39,10,,,,,
940 110008003692,w192258,940 110009422264,2710,Medium Shade,5,22,23,38,29,10,16,,38,16,50,41,23,,,2,91,11,,,,,
940 110008003692,w192258,940 110009539503,3800,Medium Shade,1,12,29,85,67,13,35,13,29,52,9,,25,,,,37,,,,,,
940 110008003692,w192258,940 110012567369,w237,Medium Shade,5,27,39,11,44,42,24,12,27,49,14,81,3,,,2,105,1,,,,,
940 110008003692,w192258,940 110019092751,2457,Medium Shade,11,19,18,11,31,38,28,3,15,32,4,34,8,,,11,114,35,,,,,
940 110008003692,w192258,940 110009539428,2342,Medium Shade,,30,25,24,25,35,35,36,10,56,50,67,12,,,,12,12,,,,,
940 110008003692,w192258,940 110012553681,2477,Medium Shade,,10,38,13,28,30,13,7,23,22,3,159,10,,,3,46,8,,,,,
940 110008003692,w192258,940 110009539436,3729,Medium Shade,12,47,34,71,32,15,17,81,29,9,12,95,5,,,2,64,1,,,,,
940 110008003692,w192258,940 110009538820,w9535,Medium Shade,25,206,27,35,39,75,15,44,28,12,5,16,1,,,5,44,36,,,,,
940 110008003692,w192258,940 110012566552,2494,Medium Shade,3,15,17,11,50,52,36,5,64,31,,26,1,,,,85,8,,,,,
940 110008003692,w192258,940 110019091482,w1631,Medium Shade,,38,48,113,30,16,37,24,7,12,17,3,4,,,9,83,5,,,,,
940 110008003692,w192258,940 110019092812,2599,Medium Shade,6,20,24,85,33,23,9,8,4,16,4,8,,,,,30,1,,,,,
940 110008003692,w192258,940 110012567630,w1754,Medium Shade,,30,37,24,23,37,15,11,66,27,1,9,1,,,31,69,8,,,,,
940 110008003692,w192258,940 110009423264,w192571,Medium Shade,,19,23,15,34,11,5,52,20,74,9,4,15,,,1,8,2,,,,,
940 110008003692,w192258,940 110012553997,2566,Medium Shade,1,13,9,28,11,6,17,24,83,6,6,8,68,,,2,7,,,,,,
940 110008003692,w192258,940 110019092000,y499,Medium Shade,11,44,20,15,47,43,20,5,11,45,18,,4,,,2,81,68,,,,,
940 110008003692,w192258,940 110009541309,2611,Medium Shade,10,47,54,31,12,40,15,2,14,9,11,85,2,,,3,27,6,,,,,
940 110008003692,w192258,940 110009541581,2539,Medium Shade,,37,40,46,19,23,53,1,31,19,3,8,20,,,4,32,7,,,,,
940 110008003692,w192258,940 110019089806,3752,Medium Shade,12,36,29,52,44,13,17,65,16,10,9,10,11,,,,81,43,,,,,
940 110008003692,w192258,940 110012566817,2404,Medium Shade,,50,70,52,30,29,26,114,25,24,8,38,,,,,45,45,,,,,
940 110008003692,w192258,940 110009540242,w192165,Medium Shade,1,32,37,23,18,55,4,58,34,11,18,5,19,,,10,72,107,,,,,
940 110008003692,w192258,940 110019092824,w192394,Medium Shade,3,82,29,57,66,27,27,7,41,69,15,4,7,,,,34,6,,,,,
940 110008003692,w192258,940 110012564959,3735,Medium Shade,14,47,33,28,36,37,14,1,92,23,38,14,2,,,2,54,4,,,,,
940 110008003692,w192258,940 110009541067,w192001,Medium Shade,,26,51,27,28,47,53,3,20,21,,70,8,,,2,73,,,,,,
940 110008003692,w192258,940 110019092766,2491,Medium Shade,,,,,,,,,14,10,,9,24,,,3,33,26,,,,,
940 110008003692,w192258,940 110019090378,2926,Medium Shade,41,50,29,62,29,37,43,10,31,6,4,103,3,,,8,23,2,,,,,
940 110008003692,w192258,940 110009540382,2576,Medium Shade,,57,50,41,33,6,19,15,30,26,3,291,42,,,7,2,5,,,,,
940 110008003692,w192258,951 000016128364,w192569,Medium Shade,5,36,51,16,34,13,19,10,57,11,,17,21,,,,57,3,,,,,
940 110008003692,w192258,940 110012568355,w1658,Medium Shade,4,20,19,78,23,1,46,5,36,5,,18,19,,,6,94,29,,,,,
940 110008003692,w192258,940 110009540658,2564,Medium Shade,,20,31,19,40,20,29,37,24,13,4,10,33,,,1,55,16,,,,,
940 110008003692,w192258,940 110009538792,w192551,Medium Shade,,12,16,15,45,19,11,5,11,35,9,87,79,,,7,53,51,,,,,
940 110008003692,w192258,940 110009423311,2474,Medium Shade,20,24,26,96,21,23,16,83,61,23,15,192,4,,,4,42,31,,,,,
940 110008003692,w192258,940 110012567780,w192115,Medium Shade,2,25,33,23,29,35,44,13,31,10,1,9,,,,,,,,,,,
940 110008003692,w192258,940 110009423063,w192381,Medium Shade,,17,22,49,25,34,8,32,32,12,26,19,2,,,2,42,4,,,,,
940 110008003692,w192258,940 110019090422,3743,Medium Shade,,17,30,21,19,34,13,73,49,8,11,65,6,,,1,119,5,,,,,
940 110008003692,w192258,940 110012567383,y1093,Medium Shade,,27,77,54,23,90,62,65,75,41,6,6,,,,48,22,12,,,,,
940 110008003692,w192258,940 110009540065,3767,Medium Shade,8,45,51,28,16,79,37,10,58,11,42,31,2,,,1,8,3,,,,,
940 110008003692,w192258,940 110009538703,2589,Medium Shade,,28,38,17,13,48,13,16,64,46,12,33,1,,,75,36,1,,,,,
940 110008003692,w192258,940 110019088599,3738,Medium Shade,123,197,49,39,19,35,36,77,45,2,24,128,10,,,,31,,,,,,
940 110008003692,w192258,940 110009539869,2412,Medium Shade,2,20,26,33,71,46,2,4,31,67,,11,35,,,1,59,,,,,,
940 110008003692,w192258,940 110009538645,2387,Medium Shade,,10,28,13,19,10,10,14,58,6,6,24,3,,,4,30,70,,,,,
940 110008003692,w192258,940 110019090472,W1663,Medium Shade,7,35,44,24,39,24,23,81,56,24,15,190,5,,,,136,46,,,,,
940 110008003692,w192258,940 110012567347,4720,Medium Shade,10,34,41,28,9,9,5,103,47,15,42,88,1,,,2,40,,,,,,
940 110008003692,w192258,940 110009539956,2719,Medium Shade,,6,59,28,15,11,12,1,29,50,81,50,41,,,,46,6,,,,,
940 110008003692,w192258,940 110012554097,2455,Medium Shade,2,48,57,28,27,16,20,147,7,8,3,53,6,,,1,33,2,,,,,
940 110008003692,w192258,940 110012567670,y422,Medium Shade,2,22,40,25,56,27,15,17,56,33,5,10,3,,,1,15,2,,,,,
940 110008003692,w192258,940 110009422310,w192083,Medium Shade,18,28,36,41,51,26,8,11,35,22,4,15,33,,,7,63,5,,,,,
940 110008003692,w192258,940 110019089984,2580,Medium Shade,6,68,45,12,37,37,8,33,43,3,,6,,,,1,220,,,,,,
940 110008003692,w192258,940 110009538342,W1594,Medium Shade,1,28,19,38,45,17,10,37,34,13,21,20,6,,,,,,,,,,
940 110008003692,w192258,940 110009423033,w192107,Medium Shade,24,17,19,2,6,8,11,8,28,23,,24,16,,,9,16,3,,,,,
940 110008003692,w192258,940 110009540986,2500,Medium Shade,14,43,36,108,48,37,64,33,25,89,18,22,37,,,,28,,,,,,
940 110008003692,w192258,940 110009423289,2341,Medium Shade,36,147,50,34,12,46,10,37,35,19,15,11,24,,,32,92,24,,,,,
940 110008003692,w192258,940 110009540715,2612,Medium Shade,2,107,35,55,80,50,34,8,122,39,38,37,24,,,82,18,,,,,,
940 110008003692,w192258,940 110019088457,w1541,Medium Shade,17,65,89,8,9,16,23,63,23,34,43,2,1,,,2,59,1,,,,,
940 110008003692,w192258,940 110019091579,w977,Medium Shade,1,37,20,48,11,33,22,49,31,10,17,20,3,,,5,47,50,,,,,
940 110008003692,w192258,940 110009540590,3766,Medium Shade,14,32,26,54,41,20,9,72,28,35,21,82,8,,,2,38,,,,,,
940 110008003692,w192258,940 110012554600,2508,Medium Shade,2,28,37,80,18,29,6,6,21,23,,4,16,,,19,13,32,,,,,
940 110008003692,w192258,940 110019090700,3797,Medium Shade,4,34,43,41,19,35,108,27,77,53,9,21,34,,,9,27,84,,,,,
940 110008003692,w192258,940 110012553857,w1602,Medium Shade,,36,113,22,33,18,36,6,33,44,18,9,14,,,1,28,7,,,,,
940 110008003692,w192258,940 110019090665,w1747,Medium Shade,,65,46,49,48,21,28,23,31,32,6,13,18,,,1,24,16,,,,,
940 110008003692,w192258,940 110012553583,w1618,Medium Shade,16,25,43,40,43,35,4,9,43,5,10,18,6,,,38,67,5,,,,,
940 110008003692,w192258,940 110019091098,w192426,Medium Shade,6,30,56,47,20,17,22,14,25,39,7,98,39,,,26,23,,,,,,
940 110008003692,w192258,940 110009422261,w9560,Medium Shade,5,48,51,38,19,45,19,76,65,28,,9,9,,,1,15,57,,,,,
940 110008003692,w192258,940 110012567015,2034,Medium Shade,3,23,20,28,23,19,20,5,34,2,18,54,5,,,17,65,31,,,,,
940 110008003692,w192258,940 110012566856,2449,Medium Shade,9,96,59,45,23,26,13,12,31,15,35,18,38,,,19,22,2,,,,,
940 110008003692,w192258,940 110009540843,3730,Medium Shade,19,29,28,105,85,83,36,3,44,39,2,81,18,,,1,39,1,,,,,
940 110008003692,w192258,940 110012568226,w997,Medium Shade,14,51,28,30,74,37,26,31,36,29,45,6,25,,,1,88,1,,,,,
940 110008003692,w192258,940 110009541384,2339,Medium Shade,,31,41,51,14,32,21,21,88,2,2,10,3,,,1,85,,,,,,
940 110008003692,w192258,940 110009538323,2499,Medium Shade,1,58,50,44,22,7,13,4,40,17,56,4,15,,,7,66,28,,,,,
940 110008003692,w192258,940 110019088459,w192346,Medium Shade,9,42,16,19,30,57,15,11,37,10,2,16,35,,,6,7,6,,,,,
940 110008003692,w192258,940 110009538987,3723,Medium Shade,,18,57,37,22,14,6,32,48,15,43,23,20,,,5,43,16,,,,,
940 110008003692,w192258,940 110009540744,3764,Medium Shade,2,13,14,25,43,67,59,2,11,22,12,58,23,,,11,77,20,,,,,
940 110008003692,w192258,940 110009539959,w192501,Medium Shade,12,41,47,21,52,6,21,11,29,11,10,10,3,,,,11,2,,,,,
940 110008003692,w192258,940 110009541554,2435,Medium Shade,6,52,55,15,9,43,11,1,39,30,9,24,4,,,2,9,16,,,,,
940 110008003692,w192258,940 110009538667,2378,Medium Shade,3,18,22,30,42,10,15,20,72,63,,37,24,,,3,21,2,,,,,
940 110008003692,w192258,940 110009541019,W192051,Medium Shade,21,27,41,48,38,28,36,25,17,4,11,1,2,,,,14,12,,,,,
940 110008003692,w192258,940 110019088512,2525,Medium Shade,5,27,26,27,40,16,34,2,64,10,16,50,10,,,,84,33,,,,,
940 110008003692,w192258,940 110009540872,y1052,Medium Shade,16,43,38,19,15,29,8,7,41,123,5,6,12,,,,35,5,,,,,
940 110008003692,w192258,940 110012567418,y471,Medium Shade,,29,47,31,21,41,13,3,28,35,27,13,,,,6,33,,,,,,
940 110008003692,w192258,940 110012567777,W192402,Medium Shade,2,41,43,34,28,36,24,7,22,42,27,4,10,,,1,10,6,,,,,
940 110008003692,w192258,940 110009541492,2949,Medium Shade,1,12,40,25,12,27,17,16,39,11,5,3,2,,,10,44,2,,,,,
940 110008003692,w192258,940 110009539763,w9285,Medium Shade,,33,26,8,48,25,9,1,18,63,2,5,42,,,,79,29,,,,,
940 110008003692,w192258,940 110012566508,2403,Medium Shade,40,42,22,101,23,37,140,89,20,29,1,11,48,,,3,81,1,,,,,
940 110008003692,w192258,940 110009541417,2308,Medium Shade,5,41,29,14,28,7,13,128,10,22,8,3,17,,,,71,7,,,,,
940 110008003692,w192258,940 110009538626,w984,Medium Shade,,40,21,19,17,3,32,2,13,20,5,3,,,,1,27,5,,,,,
940 110008003692,w192258,940 110019088560,2588,Medium Shade,16,49,50,77,36,33,57,77,42,26,6,23,38,,,5,20,6,,,,,
940 110008003692,w192258,940 110009539591,w796,Medium Shade,4,13,39,27,23,27,82,50,22,9,18,1,5,,,,4,,,,,,
940 110008003692,w192258,940 110009540569,w743,Medium Shade,,39,29,37,30,17,58,17,17,20,6,4,15,,,30,10,2,,,,,
940 110008003692,w192258,940 110009540741,w275,Medium Shade,1,52,29,25,34,43,23,3,26,3,7,26,4,,,10,51,28,,,,,
940 110008003692,w192258,940 110012566861,w949,Medium Shade,13,30,44,60,69,23,28,7,21,18,23,5,1,,,,24,3,,,,,
940 110008003692,w192258,940 110009538492,w192361,Medium Shade,2,6,19,31,21,19,11,16,60,58,7,4,8,,,10,60,4,,,,,
940 110008003692,w192258,940 110009540573,2509,Medium Shade,25,11,23,9,45,10,22,2,20,12,9,72,32,,,,43,45,,,,,
940 110008003692,w192258,940 110012566440,3722,Medium Shade,1,46,84,50,32,38,55,97,47,19,25,8,29,,,8,42,38,,,,,
940 110008003692,w192258,940 110009541058,2368,Medium Shade,2,25,39,23,19,17,29,24,42,13,7,31,1,,,18,55,16,,,,,
940 110008003692,w192258,940 110009531315,w192428,Medium Shade,2,12,29,23,2,9,15,1,18,13,9,35,22,,,1,26,3,,,,,
940 110008003692,w192258,940 110009423237,2585,Medium Shade,3,27,40,59,19,16,19,3,6,36,1,18,11,,,9,21,46,,,,,
940 110008003692,w192258,940 110019091210,y1075,Medium Shade,1,27,40,18,37,38,18,4,34,12,2,1,11,,,,,,,,,,
940 110008003692,w192258,940 110009541432,w1788,Medium Shade,,31,24,48,35,13,9,3,13,89,10,13,19,,,4,32,62,,,,,
940 110008003692,w192258,940 110012567642,w9283,Medium Shade,12,50,44,102,69,45,51,37,18,68,14,29,53,,,2,68,9,,,,,
940 110008003692,w192258,940 110012554604,w192295,Medium Shade,5,19,73,71,45,32,25,3,21,58,8,97,23,,,1,47,2,,,,,
940 110008003692,w192258,940 110009538313,2992,Medium Shade,12,46,27,11,14,48,11,28,31,14,171,93,8,,,,35,18,,,,,
940 110008003692,w192258,940 110012554739,w1745,Medium Shade,,31,36,29,7,70,14,1,24,10,11,8,16,,,12,49,16,,,,,
940 110008003692,w192258,940 110009530580,2386,Medium Shade,5,47,57,20,17,32,33,12,22,43,16,6,,,,5,126,4,,,,,
940 110008003692,w192258,940 110009540276,w192123,Medium Shade,,17,18,26,7,34,35,2,33,16,8,77,4,,,,,,,,,,
940 110008003692,w192258,940 110019090724,2306,Medium Shade,11,23,29,55,33,34,16,19,92,30,17,54,26,,,7,68,2,,,,,
940 110008003692,w192258,940 110009540824,2377,Medium Shade,25,15,14,16,11,46,5,7,17,16,,38,14,,,26,74,33,,,,,
940 110008003692,w192258,940 110009540034,y1057,Medium Shade,1,28,30,29,15,40,21,91,59,37,3,15,6,,,,,,,,,,
940 110008003692,w192258,940 110009541500,2310,Medium Shade,5,14,47,18,17,32,26,13,62,12,15,101,8,,,9,113,169,,,,,
940 110008003692,w192258,940 110012566578,2996,Medium Shade,1,17,56,84,15,36,13,9,60,34,9,245,18,,,1,32,,,,,,
940 110008003692,w192258,940 110019088592,2024,Medium Shade,19,31,32,12,8,7,14,77,30,34,3,22,13,,,42,38,6,,,,,
940 110008003692,w192258,940 110019091964,y451,Medium Shade,10,26,38,81,29,24,22,16,64,37,9,5,24,,,3,22,7,,,,,
940 110008003692,w192258,940 110009541400,2497,Medium Shade,22,38,51,38,21,26,25,52,22,15,7,28,8,,,1,64,1,,,,,
940 110008003692,w192258,940 110012567493,w781,Medium Shade,,,,,,,,,6,4,4,5,20,,,3,40,,,,,,
940 110008003692,w192258,940 110012567433,w9276,Medium Shade,1,49,47,34,14,47,20,32,31,20,38,104,2,,,43,16,3,,,,,
940 110008003692,w192258,940 110019090664,w778,Medium Shade,2,18,28,38,36,30,18,64,52,23,27,1,5,,,,20,,,,,,
940 110008003692,w192258,940 110009540342,2414,Medium Shade,,35,21,53,24,39,41,70,42,19,4,10,29,,,,37,3,,,,,
940 110008003692,w192258,940 110012567889,2421,Medium Shade,4,26,25,60,6,17,36,1,9,4,11,8,,,,12,91,,,,,,
940 110008003692,w192258,940 110009538634,3000,Medium Shade,10,20,26,36,37,10,18,32,14,45,20,128,24,,,1,57,17,,,,,
940 110008003692,w192258,940 110012565445,y1008,Medium Shade,,20,30,33,30,6,20,10,23,37,19,28,6,,,27,14,1,,,,,
940 110008003692,w192258,940 110012566812,y1030,Medium Shade,4,10,25,27,34,17,11,5,59,15,18,41,23,,,,66,1,,,,,
940 110008003692,w192258,940 110009541620,3768,Medium Shade,2,87,56,47,53,67,23,93,68,43,18,19,32,,,3,205,105,,,,,
940 110008003692,w192258,940 110009538665,2315,Medium Shade,,33,30,21,62,27,18,14,55,55,5,4,13,,,12,21,5,,,,,
940 110008003692,w192258,940 110012568034,2390,Medium Shade,3,25,32,36,71,19,56,2,32,75,68,32,5,,,,52,23,,,,,
940 110008003692,w192258,940 110009539598,2597,Medium Shade,,46,41,26,24,28,14,11,43,14,36,8,3,,,4,42,5,,,,,
940 110008003692,w192258,940 110009538800,w192595,Medium Shade,8,13,30,19,22,13,8,14,61,5,92,29,18,,,,31,131,,,,,
940 110008003692,w192258,940 110009420489,1473,Medium Shade,5,42,50,20,66,33,8,18,50,7,,159,,,,,65,17,,,,,
940 110008003692,w192258,940 110009540683,2466,Medium Shade,,10,29,33,42,37,56,2,37,24,4,3,1,,,33,21,17,,,,,
940 110008003692,w192258,940 110009538769,y1002,Medium Shade,22,33,23,40,19,24,23,19,23,22,3,8,5,,,5,9,22,,,,,
940 110008003692,w192258,940 110012565637,w1625,Medium Shade,3,16,43,23,61,18,87,,46,24,9,4,2,,,10,10,2,,,,,
940 110008003692,w192258,940 110009541617,2408,Medium Shade,2,22,36,42,28,30,58,3,29,73,16,4,29,,,33,47,8,,,,,
940 110008003692,w192258,940 110009541300,2462,Medium Shade,8,35,28,31,14,7,39,25,31,47,19,48,12,,,8,49,21,,,,,
940 110008003692,w192258,940 110012567356,W192374,Medium Shade,1,59,26,24,11,31,58,15,25,19,14,59,12,,,,,,,,,,
940 110008003692,w192258,940 110019090424,w282,Medium Shade,1,14,87,53,63,59,28,23,51,14,5,11,28,,,1,59,2,,,,,
940 110008003692,w192258,940 110019091427,w192523,Medium Shade,16,43,21,11,13,16,26,3,13,4,32,59,1,,,,,,,,,,
940 110008003692,w192258,940 110012554827,3718,Medium Shade,,15,23,24,29,31,48,18,37,63,71,1,25,,,2,41,140,,,,,
940 110008003692,w192258,940 110012568175,2476,Medium Shade,1,9,13,14,13,36,20,3,22,27,8,58,39,,,,43,27,,,,,
940 110008003692,w192258,940 110012553833,2465,Medium Shade,3,27,35,31,31,42,11,35,62,21,9,11,14,,,75,19,6,,,,,
940 110008003692,w192258,940 110009541128,W1775,Medium Shade,,53,27,28,15,18,45,78,20,142,36,3,9,,,,40,53,,,,,
940 110008003692,w192258,940 110019091548,y425,Medium Shade,5,35,28,19,10,8,39,1,48,9,6,32,22,,,3,25,39,,,,,
940 110008003692,w192258,940 110012568054,2452,Medium Shade,1,18,31,14,9,17,41,1,38,29,20,19,12,,,48,23,7,,,,,
940 110008003692,w192258,940 110009540324,2609,Medium Shade,1,37,33,15,37,21,26,61,37,48,11,37,9,,,3,64,37,,,,,
940 110008003692,w192258,940 110009539892,W1578,Medium Shade,16,17,66,34,37,33,22,46,71,12,11,38,1,,,,60,10,,,,,
940 110008003692,w192258,940 110009539347,w192244,Medium Shade,,6,18,96,23,10,23,,7,19,,6,4,,,3,73,56,,,,,
940 110008003692,w192258,940 110009538519,2985,Medium Shade,,21,23,32,7,46,20,16,15,11,50,6,1,,,3,20,2,,,,,
940 110008003692,w192258,940 110009541583,2569,Medium Shade,16,33,47,75,31,30,111,109,47,37,5,28,26,,,24,91,54,,,,,
940 110008003692,w192258,940 110012567879,2994,Medium Shade,23,36,21,32,45,12,4,2,35,32,2,27,15,,,53,19,1,,,,,
940 110008003692,w192258,940 110012553990,2360,Medium Shade,8,53,36,22,9,10,22,28,24,16,18,4,2,,,1,21,2,,,,,
940 110008003692,w192258,940 110009539438,3761,Medium Shade,3,8,17,28,37,7,5,6,20,5,5,29,15,,,4,54,,,,,,
940 110008003692,w192258,940 110009540105,w192314,Medium Shade,,29,36,45,25,26,36,13,89,21,96,9,4,,,9,76,119,,,,,
940 110008003692,w192258,940 110009540051,y1102,Medium Shade,2,10,28,30,40,46,26,19,42,2,5,23,3,,,5,26,84,,,,,
940 110008003692,w192258,940 110009538466,w253,Medium Shade,14,35,28,38,35,49,26,9,15,17,2,17,18,,,40,33,16,,,,,
940 110008003692,w192258,940 110009541422,3734,Medium Shade,,,,,,,,,23,7,,30,5,,,,52,49,,,,,
940 110008003692,w192258,940 110019092820,w766,Medium Shade,17,35,60,28,23,41,36,42,33,22,38,108,23,,,2,39,,,,,,
940 110008003692,w192258,940 110012568163,Y1100,Medium Shade,6,35,78,30,12,56,71,6,48,7,66,69,,,,,39,22,,,,,
940 110008003692,w192258,940 110019089951,w192323,Medium Shade,,,,,,,,,23,6,3,59,33,,,3,73,,,,,,
940 110008003692,w192258,940 110009540230,w192575,Medium Shade,2,23,44,77,25,18,25,16,30,16,9,25,6,,,,15,3,,,,,
940 110008003692,w192258,940 110009541329,y462,Medium Shade,,31,35,54,35,31,10,,73,32,33,9,2,,,14,60,,,,,,
940 110008003692,w192258,940 110012565603,3721,Medium Shade,14,16,57,22,43,15,12,14,25,53,47,12,57,,,1,47,3,,,,,
940 110008003692,w192258,940 110009541424,2677,Medium Shade,15,11,33,17,19,39,27,,37,27,5,7,54,,,,15,,,,,,
940 110008003692,w192258,940 110009538669,w192272,Medium Shade,11,54,12,41,28,23,13,45,46,35,10,4,,,,,,,,,,,
940 110008003692,w192258,940 110012567096,w192033,Medium Shade,6,74,19,39,19,14,36,124,97,36,6,26,29,,,,11,12,,,,,
940 110008003692,w192258,940 110009539528,w232,Medium Shade,1,54,63,62,21,55,57,21,16,48,13,5,28,,,9,32,,,,,,
940 110008003692,w192258,940 110012553723,w1527,Medium Shade,,37,56,23,23,31,43,13,41,2,8,48,19,,,84,42,16,,,,,
940 110008003692,w192258,940 110009541163,2892,Medium Shade,1,30,33,43,23,21,35,33,35,6,1,,7,,,,,,,,,,
940 110008003692,w192258,940 110009538983,w192443,Medium Shade,8,63,30,67,55,44,13,2,23,22,3,4,3,,,,,,,,,,
940 110008003692,w192258,940 110009539850,2977,Medium Shade,8,34,49,61,50,28,19,13,39,78,,35,2,,,,6,,,,,,
940 110008003692,w192258,940 110009541005,w1581,Medium Shade,1,34,48,48,17,25,27,31,23,26,12,30,23,,,57,64,34,,,,,
940 110008003692,w192258,940 110009538980,w1680,Medium Shade,9,40,34,50,23,27,12,27,27,20,5,9,18,,,,105,1,,,,,
940 110008003692,w192258,940 110019092819,3757,Medium Shade,4,23,53,53,30,51,35,68,42,30,34,113,8,,,23,79,128,,,,,
940 110008003692,w192258,940 110019091241,2367,Medium Shade,7,29,43,31,77,36,25,33,15,50,1,52,1,,,2,35,8,,,,,
940 110008003692,w192258,940 110009422214,w1648,Medium Shade,12,45,45,16,18,36,28,36,37,18,8,7,2,,,14,19,29,,,,,
940 110008003692,w192258,940 110012565629,2311,Medium Shade,,63,35,30,44,28,20,52,18,22,4,96,22,,,12,19,143,,,,,
940 110008003692,w192258,940 110019088638,2655,Medium Shade,1,37,32,25,31,26,24,3,22,41,5,12,1,,,,,,,,,,
940 110008003692,w192258,940 110009538579,3755,Medium Shade,,,,,,,,,7,1,7,17,,,,5,53,14,,,,,
940 110008003692,w192258,940 110019088481,w192206,Medium Shade,8,49,44,63,23,37,23,4,22,55,,37,4,,,12,77,17,,,,,
940 110008003692,w192258,940 110009541056,2334,Medium Shade,,45,33,39,46,24,77,20,35,7,25,142,9,,,19,30,3,,,,,
940 110008003692,w192258,940 110009539931,y1119,Medium Shade,21,119,31,47,39,90,39,12,51,79,10,11,5,,,27,91,9,,,,,
940 110008003692,w192258,940 110009541611,2692,Medium Shade,1,19,36,35,14,64,14,11,84,17,42,55,1,,,70,17,5,,,,,
940 110008003692,w192258,940 110009540164,3731,Medium Shade,,18,23,20,22,21,33,13,13,15,9,10,16,,,12,11,3,,,,,
940 110008003692,w192258,940 110009538761,2894,Medium Shade,,37,43,23,16,23,39,4,17,13,107,57,40,,,1,20,12,,,,,
940 110008003692,w192258,940 110009541060,2349,Medium Shade,3,33,38,10,39,35,25,79,42,10,11,56,12,,,1,25,21,,,,,
940 110008003692,w192258,940 110019090786,4056,Medium Shade,33,59,86,49,24,51,29,24,24,158,16,86,46,,,3,85,48,,,,,
940 110008003692,w192258,940 110009422288,5426,Medium Shade,,9,32,44,21,5,12,,5,7,6,20,28,,,17,35,5,,,,,
940 110008003692,w192258,940 110012565625,w793,Medium Shade,13,29,51,32,16,16,16,24,34,18,,31,5,,,1,74,17,,,,,
940 110008003692,w192258,940 110009422162,2531,Medium Shade,37,81,48,58,76,46,32,6,48,88,5,29,15,,,,3,5,,,,,
940 110008003692,w192258,940 110009541106,2039,Medium Shade,1,37,28,79,18,109,31,38,33,16,6,48,11,,,20,33,32,,,,,
940 110008003692,w192258,940 110019090704,w192029,Medium Shade,11,82,38,53,28,98,43,139,17,13,4,4,,,,,,,,,,,
940 110008003692,w192258,940 110009540595,2530,Medium Shade,24,69,27,75,29,57,30,120,21,21,4,39,52,,,4,31,,,,,,
940 110008003692,w192258,940 110009421837,w1554,Medium Shade,2,38,25,26,29,8,53,10,27,17,2,44,32,,,70,27,5,,,,,
940 110008003692,w192258,940 110009538657,w767,Medium Shade,8,42,48,37,26,35,21,13,37,10,17,4,22,,,1,89,26,,,,,
940 110008003692,w192258,940 110012554464,w9561,Medium Shade,,51,30,35,23,14,28,8,38,11,13,25,11,,,,56,6,,,,,
940 110008003692,w192258,940 110009540599,2514,Medium Shade,3,22,50,19,40,18,18,37,16,7,6,41,9,,,12,56,10,,,,,
940 110008003692,w192258,940 110019091847,y452,Medium Shade,5,43,44,32,9,34,32,22,28,55,10,7,,,,4,53,34,,,,,
940 110008003692,w192258,940 110009540544,Y1084,Medium Shade,17,43,34,54,38,49,7,18,72,34,10,41,6,,,,41,,,,,,
940 110012305918,o38,982 123812217553,2400,No Shade,8,26,33,37,16,65,129,113,70,38,22,67,,,,48,28,93,27,33,35,83,
940 110012305918,o38,940 110019088701,w192313,No Shade,6,12,37,77,33,39,58,42,54,36,21,36,,,,41,67,52,56,64,53,68,
940 110012305918,o38,940 110009540316,2033,No Shade,10,48,31,77,31,81,97,83,68,61,19,40,,,,50,31,18,47,59,50,59,
940 110012305918,o38,940 110009422824,y447,No Shade,20,40,24,32,69,63,29,182,67,74,27,22,,,,94,46,39,26,76,32,14,
940 110012305918,o38,940 110019092805,w1664,No Shade,2,25,20,16,67,57,29,59,48,204,76,12,,,,29,22,33,54,18,24,27,
940 110012305918,o38,940 110009539115,2583,No Shade,18,45,50,42,19,90,70,61,38,35,33,31,,,,70,35,43,34,40,41,34,
940 110012305918,o38,940 110009538750,2534,No Shade,8,46,64,52,35,95,285,45,50,45,19,42,,,,41,61,159,70,71,46,42,
940 110012305918,o38,940 110019091368,2637,No Shade,7,27,37,59,53,23,95,57,28,15,31,50,,,,31,64,42,34,34,36,65,
940 110012305918,o38,940 110012567072,2035,No Shade,23,22,32,31,49,32,100,99,34,34,11,25,,,,23,32,13,25,31,48,50,
940 110012305918,o38,940 110012566439,w192249,No Shade,13,55,34,39,105,44,86,56,35,32,83,33,,,,21,21,44,52,36,37,1,
940 110012305918,o38,940 110012568263,w1624,No Shade,8,56,58,33,29,35,78,98,47,43,5,33,,,,28,36,19,61,40,110,100,
940 110012305918,o38,940 110009539378,3798,No Shade,13,53,45,65,41,37,46,105,50,68,39,64,,,,,,,,,,,
940 110012305918,o38,940 110009539903,w192012,No Shade,18,58,29,22,48,42,48,57,73,34,37,36,,,,22,41,48,37,21,32,19,
940 110012305918,o38,940 110019090667,w1622,No Shade,6,18,17,22,33,23,61,57,45,30,9,34,,,,82,24,9,24,22,69,16,
940 110012305918,o38,940 110012567833,w281,No Shade,9,27,20,21,16,81,41,98,57,134,75,17,,,,29,30,71,43,50,92,45,
940 110012305918,o38,940 110012553844,2970,No Shade,4,40,50,38,18,60,58,50,42,53,25,19,,,,31,31,26,156,144,97,57,
940 110012305918,o38,940 110012566988,w1726,No Shade,7,45,32,53,16,100,112,58,53,48,4,34,,,,67,39,16,23,47,30,56,
940 110012305918,o38,940 110009540648,w744,No Shade,8,33,41,47,52,87,58,56,35,36,39,6,,,,,,,,,,,
940 110012305918,o38,940 110009423261,2633,No Shade,13,41,46,26,27,41,51,38,29,39,43,16,,,,76,49,65,45,55,23,7,
940 110012305918,o38,940 110009539369,2490,No Shade,13,53,35,83,27,80,26,103,62,69,52,75,,,,58,40,44,44,36,79,35,
940 110012305918,o38,940 110009539082,2479,No Shade,46,223,66,70,61,33,33,77,102,31,16,88,,,,40,61,33,44,27,33,89,
940 110012305918,o38,940 110009538428,w1612,No Shade,8,67,35,70,71,116,51,95,180,31,21,40,,,,57,24,48,67,27,46,47,
940 110012305918,o38,940 110009538608,w192160,No Shade,5,25,22,23,27,48,57,76,23,46,16,6,,,,,,,,,,,
940 110012305918,o38,940 110012554559,w9330,No Shade,16,56,16,,,,,,10,12,4,20,,,,63,29,38,32,26,27,29,
940 110012305918,o38,940 110012566899,w9537,No Shade,2,27,23,29,7,17,25,106,53,261,31,11,,,,90,35,32,38,29,40,11,
940 110012305918,o38,940 110009541497,2667,No Shade,87,72,62,34,64,98,61,61,43,56,28,50,,,,52,40,43,38,39,142,38,
940 110012305918,o38,940 110009540871,2528,No Shade,6,48,64,54,54,78,74,63,38,87,34,42,,,,114,53,19,43,31,27,32,
940 110012305918,o38,940 110009538619,3736,No Shade,7,45,25,18,108,16,66,38,62,33,28,11,,,,38,31,97,41,15,50,9,
940 110012305918,o38,940 110012565591,2684,No Shade,11,57,60,16,31,105,41,65,39,71,9,41,,,,10,,,,,,,
940 110012305918,o38,940 110009541538,w192278,No Shade,12,29,50,22,40,42,35,49,40,32,6,57,,,,40,50,38,36,29,50,80,
940 110012305918,o38,940 110009538666,w986,No Shade,14,22,39,18,43,28,89,50,17,37,16,14,,,,14,57,63,59,109,62,26,
940 110012305918,o38,940 110009540453,2371,No Shade,5,51,32,16,35,69,54,55,42,69,52,14,,,,32,22,31,49,26,127,94,
940 110012305918,o38,940 110009538631,2316,No Shade,13,35,40,49,57,71,49,129,52,67,33,47,,,,49,24,44,44,24,32,24,
940 110012305918,o38,940 110009423027,2542,No Shade,14,53,33,44,50,58,73,87,74,40,37,27,,,,52,121,50,43,35,72,31,
940 110012305918,o38,940 110009539843,2439,No Shade,4,69,88,38,64,63,72,44,58,38,36,29,,,,32,51,45,62,63,52,67,
940 110012305918,o38,940 110019089913,3715,No Shade,9,37,34,40,27,35,51,70,48,53,14,55,,,,47,22,78,222,150,46,79,
940 110012305918,o38,940 110009539785,y1077,No Shade,8,48,38,56,33,103,71,39,45,49,19,36,,,,43,36,19,37,40,25,38,
940 110012305918,o38,940 110009538648,w923,No Shade,6,39,42,15,26,92,86,24,55,43,19,22,,,,51,38,32,69,25,32,30,
940 110012305918,o38,940 110009540172,w9277,No Shade,6,59,47,59,34,37,88,77,46,28,38,32,,,,,,,,,,,
940 110012305918,o38,940 110009538450,w9279,No Shade,16,35,62,53,24,51,44,52,56,52,15,7,,,,32,38,26,86,43,30,42,
940 110012305918,o38,940 110012565638,w1549,No Shade,47,38,58,59,27,50,80,43,38,31,32,11,,,,41,12,31,48,40,35,39,
940 110012305918,o38,940 110012566852,2669,No Shade,5,55,34,41,28,53,60,39,35,28,6,4,,,,,,,,,,,
940 110012305918,o38,940 110009538656,w1597,No Shade,5,36,36,38,31,56,20,209,43,58,25,23,,,,68,64,58,43,80,84,14,
940 110012305918,o38,940 110009539851,w192094,No Shade,13,26,34,47,34,113,84,55,43,23,19,17,,,,84,59,37,35,52,113,42,
940 110012305918,o38,940 110012567439,3763,No Shade,17,26,27,20,50,39,33,37,27,21,29,74,,,,32,104,59,37,26,32,17,
940 110012305918,o38,940 110009540403,w192579,No Shade,7,31,23,26,10,54,45,42,22,105,23,24,,,,26,36,25,36,27,90,7,
940 110012305918,o38,940 110009539003,w768,No Shade,8,54,30,45,37,60,54,27,65,93,38,74,,,,33,15,39,39,16,23,28,
940 110012305918,o38,940 110009539138,2391,No Shade,19,46,34,50,37,18,59,42,36,22,43,40,,,,36,411,192,35,34,23,21,
940 110012305918,o38,940 110009538618,w1544,No Shade,20,12,24,13,11,32,54,38,40,29,29,11,,,,28,29,19,50,312,47,61,
940 110012305918,o38,940 110012554703,2343,No Shade,13,27,54,81,37,54,54,109,44,29,16,56,,,,91,18,30,109,168,35,24,
940 110012305918,o38,940 110009539357,w1707,No Shade,17,62,42,24,19,55,36,30,58,40,8,48,,,,27,34,25,51,26,43,31,
940 110012305918,o38,940 110009422169,2380,No Shade,6,17,28,28,22,31,50,51,29,36,65,2,,,,,,,,,,,
940 110012305918,o38,940 110019090739,2950,No Shade,9,43,34,34,60,27,85,31,93,44,41,15,,,,31,51,61,77,32,45,40,
940 110012305918,o38,940 110012554430,2644,No Shade,13,46,10,63,36,46,67,99,47,19,9,12,,,,40,51,39,70,54,54,97,
940 110012305918,o38,940 110009540303,2928,No Shade,9,52,42,74,30,59,34,128,84,72,22,44,,,,53,18,27,44,36,24,32,
940 110012305918,o38,940 110019090431,2344,No Shade,6,35,31,28,33,81,126,60,52,41,335,24,,,,46,36,26,39,31,105,36,
940 110012305918,o38,940 110009539429,y1074,No Shade,22,16,49,36,17,48,140,130,36,51,28,35,,,,66,29,41,68,28,46,46,
940 110012305918,o38,940 110012553725,w789,No Shade,13,41,68,41,41,27,72,33,55,39,21,31,,,,62,62,33,33,15,31,10,
940 110012305918,o38,940 110009540097,w192081,No Shade,6,32,33,31,25,67,74,47,18,30,21,34,,,,30,31,113,14,29,44,58,
940 110012305918,o38,940 110009538934,2714,No Shade,8,38,34,43,29,93,78,46,37,131,19,26,,,,37,28,34,35,23,19,14,
940 110012305918,o38,940 110009538594,2689,No Shade,14,47,34,10,21,48,24,40,24,29,99,35,,,,77,49,31,75,32,49,16,
940 110012305918,o38,940 110012553817,w1797,No Shade,2,54,26,69,23,43,62,51,21,51,4,102,,,,26,29,24,24,85,28,25,
940 110012305918,o38,940 110009539841,w287,No Shade,3,57,64,22,11,40,96,36,49,45,15,44,,,,42,30,35,28,19,43,40,
940 110012305918,o38,940 110019089989,2557,No Shade,6,49,46,26,26,62,124,167,57,51,64,146,,,,54,84,41,31,30,15,24,
940 110012305918,o38,940 110009541057,2953,No Shade,9,30,65,52,66,28,56,63,42,34,118,37,,,,42,23,29,45,17,26,61,
940 110012305918,o38,940 110009540770,w1751,No Shade,2,32,57,27,22,48,72,53,37,27,94,68,,,,29,33,37,35,18,24,32,
940 110012305918,o38,940 110009540560,w784,No Shade,12,25,22,36,28,36,52,65,12,21,11,14,,,,33,23,43,11,25,20,32,
940 110012305918,o38,940 110019090350,w192043,No Shade,4,26,58,52,13,30,63,20,29,52,21,21,,,,69,26,191,50,32,36,78,
940 110012305918,o38,940 110012553575,w192108,No Shade,9,32,36,44,34,42,44,37,49,27,21,10,,,,,,,,,,,
940 110012305918,o38,940 110009538497,2459,No Shade,13,23,24,19,51,90,56,66,64,49,31,26,,,,28,19,16,89,31,29,40,
940 110012305918,o38,940 110009423147,2680,No Shade,9,47,37,60,19,60,37,103,96,95,89,8,,,,42,53,47,40,42,50,51,
940 110012305918,o38,940 110019088662,2921,No Shade,12,36,32,37,37,57,83,36,23,98,54,13,,,,,,,,,,,
940 110012305918,o38,940 110009423180,2382,No Shade,18,49,51,84,62,71,109,150,62,55,31,77,,,,38,64,40,57,50,46,85,
940 110012305918,o38,940 110019088585,2496,No Shade,10,30,22,30,30,46,78,51,81,45,148,26,,,,72,38,84,62,29,64,61,
940 110012305918,o38,940 110019089959,2711,No Shade,12,47,115,67,50,79,81,83,57,47,29,60,,,,29,23,57,40,45,35,27,
940 110012305918,o38,940 110009539773,3741,No Shade,11,86,24,43,38,55,123,195,65,31,10,82,,,,60,32,49,69,77,46,31,
940 110012305918,o38,940 110012554102,y1028,No Shade,20,43,48,31,14,36,32,31,96,49,41,47,,,,53,43,39,65,105,25,62,
940 110012305918,o38,940 110019091247,2346,No Shade,10,37,33,29,57,32,30,44,72,29,71,26,,,,111,61,20,21,25,60,47,
940 110012305918,o38,940 110009541593,2533,No Shade,8,60,45,52,38,57,96,173,97,89,70,22,,,,47,70,41,34,39,56,50,
940 110012305918,o38,940 110009538728,w192503,No Shade,2,55,71,53,37,54,66,98,46,32,27,23,,,,26,57,27,50,21,69,43,
940 110012305918,o38,940 110012565516,w1673,No Shade,11,45,62,46,63,93,52,70,44,39,37,35,,,,52,37,37,17,68,,,
940 110012305918,o38,940 110009538415,w9559,No Shade,6,43,44,32,50,46,38,23,37,124,26,15,,,,25,37,31,50,48,100,20,
940 110012305918,o38,940 110019088447,w723,No Shade,11,53,82,27,39,118,53,83,36,56,47,19,,,,36,37,74,95,94,50,84,
940 110012305918,o38,940 110009538770,y470,No Shade,17,26,22,40,27,26,47,43,37,49,32,228,,,,26,55,37,17,64,18,7,
940 110012305918,o38,940 110019090286,2591,No Shade,11,36,31,31,21,44,90,138,57,63,33,61,,,,41,228,167,37,50,134,132,
940 110012305918,o38,940 110019088419,w192215,No Shade,16,42,34,38,25,61,75,45,56,48,55,18,,,,44,26,31,43,58,75,82,
940 110012305918,o38,940 110012567361,2420,No Shade,9,38,40,21,24,44,38,41,48,71,21,18,,,,27,27,143,25,61,48,18,
940 110012305918,o38,940 110009422194,w1689,No Shade,16,25,21,27,28,94,47,95,52,86,35,79,,,,44,46,24,51,23,45,26,
940 110012305918,o38,940 110009540395,y443,No Shade,11,27,31,23,48,30,76,60,27,22,35,4,,,,,,,,,,,
940 110012305918,o38,940 110009540104,w192120,No Shade,11,26,32,47,41,92,230,39,41,33,17,50,,,,40,42,40,42,61,144,38,
940 110012305918,o38,940 110009539590,2939,No Shade,9,41,21,46,33,25,118,90,27,61,51,34,,,,31,19,45,74,36,31,22,
940 110012305918,o38,940 110019088542,3737,No Shade,6,26,23,28,13,48,69,144,36,33,30,103,,,,18,26,46,21,23,28,16,
940 110012305918,o38,940 110016191551,2707,No Shade,10,180,37,56,31,55,77,78,66,58,18,23,,,,70,38,44,46,65,59,80,
940 110012305918,o38,940 110009539352,y1005,No Shade,14,43,36,47,22,69,77,45,58,45,25,14,,,,61,45,35,34,36,49,12,
940 110012305918,o38,940 110009539563,y1060,No Shade,7,30,32,43,21,39,75,122,36,17,10,83,,,,45,42,125,85,20,41,48,
940 110012305918,o38,940 110019088430,2515,No Shade,11,21,133,22,20,56,35,82,34,25,32,16,,,,41,7,,,,,,
940 110012305918,o38,940 110009539365,w1721,No Shade,18,41,21,33,43,36,50,71,132,15,43,13,,,,,,,,,,,
940 110012305918,o38,940 110012565593,w192587,No Shade,9,32,30,61,19,31,40,78,31,20,11,16,,,,33,253,40,52,53,30,93,
940 110012305918,o38,940 110012566524,w1547,No Shade,17,47,15,45,58,89,44,96,46,110,27,32,,,,37,36,32,55,43,27,36,
940 110012305918,o38,940 110009538776,w978,No Shade,11,19,38,36,23,69,47,24,38,36,14,43,,,,24,22,18,44,31,27,17,
940 110012305918,o38,940 110009539504,2696,No Shade,16,37,33,26,51,82,85,84,42,46,20,40,,,,84,61,51,66,54,41,51,
940 110012305918,o38,940 110012567023,2614,No Shade,5,39,67,46,36,46,53,111,45,53,11,76,,,,47,28,43,24,51,43,62,
940 110012305918,o38,940 110012554697,w939,No Shade,4,44,23,44,32,49,44,152,36,33,16,45,,,,25,30,28,28,31,,,
940 110012305918,o38,940 110019091207,2665,No Shade,14,50,29,35,21,66,93,26,19,51,25,21,,,,38,16,32,33,35,45,42,
940 110012305918,o38,940 110009541227,2361,No Shade,12,28,43,94,60,47,45,77,37,36,19,37,,,,58,33,60,40,23,20,21,
940 110012305918,o38,940 110019091248,3726,No Shade,5,15,31,28,23,21,47,86,40,49,83,19,,,,35,20,118,25,41,17,21,
940 110012305918,o38,940 110009541612,w192202,No Shade,30,39,44,54,33,44,59,129,24,30,24,43,,,,16,28,51,41,30,48,75,
940 110012305918,o38,940 110009541616,2549,No Shade,18,37,48,48,34,62,93,41,69,51,30,34,,,,32,28,44,44,42,67,21,
940 110012305918,o38,940 110009538339,2971,No Shade,11,47,76,35,48,55,74,50,33,31,30,32,,,,32,54,29,34,23,27,19,
940 110012305918,o38,940 110012565614,w263,No Shade,8,45,31,35,46,59,38,80,59,53,191,35,,,,31,40,45,60,29,21,76,
940 110012305918,o38,940 110019089945,y457,No Shade,12,36,51,48,12,58,47,98,56,82,29,7,,,,70,50,101,46,73,64,2,
940 110012305918,o38,940 110009540814,3742,No Shade,22,23,39,32,15,47,37,96,16,75,66,22,,,,24,30,31,14,51,56,18,
940 110012305918,o38,940 110019088549,w290,No Shade,9,31,55,23,61,62,57,40,60,39,49,34,,,,47,37,28,21,201,38,32,
940 110012305918,o38,940 110009538664,w1556,No Shade,7,24,39,38,60,49,46,33,27,29,117,22,,,,41,64,27,35,36,14,16,
940 110012305918,o38,940 110012553757,w280,No Shade,8,37,43,43,32,81,62,58,44,58,38,27,,,,62,25,31,82,24,65,27,
940 110012305918,o38,940 110019090064,2975,No Shade,7,48,52,13,27,46,126,67,57,62,80,22,,,,33,37,50,63,99,75,62,
940 110012305918,o38,940 110009539736,w745,No Shade,9,48,62,54,18,38,73,168,62,57,62,30,,,,104,44,42,36,43,45,39,
940 110012305918,o38,940 110019090013,2540,No Shade,11,34,41,47,20,46,51,31,50,53,19,17,,,,47,202,47,71,61,57,,
940 110012305918,o38,940 110012566807,2678,No Shade,7,40,109,112,38,102,65,155,58,50,24,42,,,,45,40,43,114,47,60,50,
940 110012305918,o38,940 110012554680,Y498,No Shade,8,40,46,50,37,90,68,66,31,73,77,11,,,,54,6,53,46,42,21,49,
940 110012305918,o38,940 110009538609,2943,No Shade,19,37,46,82,51,102,71,55,46,49,40,54,,,,42,63,20,39,24,69,7,
940 110012305918,o38,940 110009540288,2320,No Shade,10,25,55,47,46,12,101,54,47,33,11,61,,,,33,44,50,20,28,41,21,
940 110012305918,o38,940 110012554100,w1698,No Shade,9,33,62,52,85,57,61,47,55,53,46,23,,,,173,42,30,28,41,31,65,
940 110012305918,o38,940 110019092789,2944,No Shade,9,28,71,23,59,61,68,35,39,22,34,23,,,,28,18,13,26,11,20,5,
940 110012305918,o38,940 110012554293,y423,No Shade,14,33,40,32,21,39,136,31,64,31,26,10,,,,67,22,77,38,56,111,70,
940 110012305918,o38,940 110009541075,2942,No Shade,6,48,32,52,39,787,85,29,83,69,43,72,,,,57,44,46,29,46,25,22,
940 110012305918,o38,940 110012554149,2036,No Shade,19,40,46,42,105,119,46,58,24,54,45,61,,,,56,19,35,38,29,50,38,
940 110012305918,o38,940 110009538938,2582,No Shade,25,25,28,51,20,23,97,79,36,40,20,76,,,,41,24,82,99,45,58,44,
940 110012305918,o38,940 110009540753,2541,No Shade,1,21,11,37,21,36,57,30,21,92,30,33,,,,18,34,16,7,29,27,18,
940 110012305918,o38,940 110019091322,2340,No Shade,8,25,37,57,21,56,48,52,21,66,22,33,,,,15,31,84,75,17,64,14,
940 110012305918,o38,940 110009539281,2016,No Shade,15,34,64,31,17,76,97,52,75,32,25,21,,,,42,25,109,44,37,70,39,
940 110012305918,o38,940 110009540428,y1019,No Shade,10,46,27,29,34,109,108,52,66,66,55,45,,,,51,53,73,73,56,28,1,
940 110012305918,o38,940 110009540534,2697,No Shade,7,47,189,88,26,31,56,55,41,34,84,10,,,,44,19,106,19,27,38,48,
940 110012305918,o38,940 110019090722,w192530,No Shade,4,45,34,59,34,101,104,87,75,62,15,34,,,,28,47,28,37,17,61,107,
940 110012305918,o38,940 110019091208,w293,No Shade,7,30,41,134,18,45,42,44,79,44,41,15,,,,24,77,40,46,33,115,71,
940 110012305918,o38,940 110009539060,2700,No Shade,15,54,46,41,36,104,134,70,49,69,55,18,,,,50,43,25,22,59,16,27,
940 110012305918,o38,940 110009538759,w192334,No Shade,15,25,50,22,146,152,66,53,51,43,76,29,,,,19,67,24,46,32,46,22,
940 110012305918,o38,940 110009541605,w273,No Shade,6,62,31,35,80,24,66,92,29,57,17,59,,,,38,21,43,57,85,27,82,
940 110012305918,o38,940 110009422875,2029,No Shade,5,33,34,76,26,36,38,89,38,29,29,6,,,,31,33,41,41,31,25,26,
940 110012305918,o38,940 110009538976,2422,No Shade,14,42,52,69,240,99,64,83,40,63,10,34,,,,35,54,36,48,29,36,1,
940 110012305918,o38,940 110012554855,w764,No Shade,7,21,37,32,34,65,50,39,68,22,22,17,,,,44,28,150,51,36,31,64,
940 110012305918,o38,940 110009421855,2572,No Shade,11,48,41,32,55,41,57,49,56,50,29,19,,,,26,34,37,64,67,34,29,
940 110012305918,o38,940 110012566859,3711,No Shade,15,199,63,50,27,103,76,83,38,47,30,37,,,,36,43,17,39,47,63,57,
940 110012305918,o38,940 110012567032,2673,No Shade,12,51,26,14,,,,,19,28,16,26,,,,54,16,60,47,18,50,20,
940 110012305918,o38,940 110019091903,w9510,No Shade,5,49,114,103,20,48,89,109,59,60,65,43,,,,66,68,39,29,62,48,78,
940 110012305918,o38,940 110012553565,w192559,No Shade,9,70,22,55,24,72,40,116,86,39,46,18,,,,35,24,54,52,37,54,32,
940 110012305918,o38,940 110009538791,3792,No Shade,12,37,30,24,12,40,68,35,49,50,129,20,,,,67,40,33,58,55,54,155,
940 110012305918,o38,940 110009539086,w696,No Shade,15,54,58,39,44,105,337,39,51,38,30,50,,,,67,51,29,88,65,40,30,
940 110012305918,o38,940 110019091442,w797,No Shade,8,42,62,42,16,74,74,118,61,40,54,29,,,,36,41,73,15,61,33,33,
940 110012305918,o38,940 110009539564,w192186,No Shade,18,26,53,13,45,85,75,55,54,37,26,128,,,,51,26,44,32,47,27,17,
940 110012305918,o38,940 110009541144,w1690,No Shade,22,15,76,61,55,66,132,97,25,103,115,31,,,,48,,,,,,,
940 110012305918,o38,940 110012554425,2332,No Shade,8,34,26,48,41,30,51,58,62,33,55,9,,,,39,57,137,72,162,37,47,
940 110012305918,o38,940 110009539860,2981,No Shade,10,62,78,279,27,53,102,50,103,68,48,78,,,,73,62,37,42,48,92,,
940 110012305918,o38,940 110009540194,2997,No Shade,10,38,38,57,24,44,48,73,58,38,23,46,,,,42,35,53,39,55,68,20,
940 110012305918,o38,940 110009540716,2385,No Shade,11,44,38,34,83,43,63,37,31,55,144,82,,,,20,29,19,34,31,20,155,
940 110012305918,o38,940 110012565654,2618,No Shade,6,25,41,30,23,75,79,121,33,51,50,24,,,,26,18,31,34,26,56,33,
940 110012305918,o38,940 110009539817,2601,No Shade,11,44,52,50,94,50,103,41,43,35,34,40,,,,30,19,32,70,49,40,5,
940 110012305918,o38,940 110009539447,w192149,No Shade,14,50,46,63,31,29,73,64,78,69,13,28,,,,53,43,42,101,27,61,90,
940 110012305918,o38,940 110009540821,2352,No Shade,11,15,65,61,44,39,31,27,54,27,47,19,,,,39,32,15,43,22,83,16,
940 110012305918,o38,940 110009541010,w300,No Shade,9,40,33,37,13,25,47,45,58,30,13,27,,,,22,37,52,19,54,31,44,
940 110012305918,o38,940 110009422259,2527,No Shade,10,25,32,41,99,53,43,43,72,16,30,30,,,,25,12,25,19,27,22,23,
940 110012305918,o38,940 110012554759,2432,No Shade,10,41,40,52,18,87,68,102,50,27,18,1,,,,,,,,,,,
940 110012305918,o38,940 110009540874,w192057,No Shade,11,47,45,33,49,69,95,54,43,37,40,27,,,,40,139,46,38,31,40,37,
940 110012305918,o38,940 110019091076,2954,No Shade,8,98,41,31,65,23,55,72,19,18,43,10,,,,,,,,,,,
940 110012305918,o38,940 110019091831,w1671,No Shade,13,48,33,29,83,47,76,68,53,46,27,40,,,,35,32,39,22,5,3,,
940 110012305918,o38,940 110009541386,w192519,No Shade,8,38,35,24,56,43,61,59,59,25,25,15,,,,58,77,39,72,49,61,28,
940 110012305918,o38,940 110019091837,2536,No Shade,10,38,60,49,85,82,65,128,85,65,21,19,,,,28,32,41,78,59,78,30,
940 110012305918,o38,940 110012565646,3712,No Shade,10,39,60,32,38,96,56,51,78,89,25,68,,,,17,24,93,64,73,44,41,
940 110012305918,o38,940 110009422847,2645,No Shade,11,46,61,68,38,86,96,88,65,51,50,33,,,,55,47,23,61,91,101,24,
940 110012305918,o38,940 110012553572,w1638,No Shade,12,44,28,32,50,37,79,96,56,132,63,15,,,,53,10,24,26,22,28,12,
940 110012305918,o38,940 110012567497,w1653,No Shade,5,29,44,42,84,28,37,56,22,51,97,13,,,,180,194,75,24,45,31,57,
940 110012305918,o38,940 110012566754,2672,No Shade,7,44,39,32,56,44,62,61,26,36,56,5,,,,,,,,,,,
940 110012305918,o38,940 110009541579,2419,No Shade,11,69,29,31,31,143,50,78,191,42,16,29,,,,56,28,33,72,41,26,35,
940 110012305918,o38,940 110019090723,2388,No Shade,12,48,58,49,37,133,42,87,53,33,50,27,,,,19,83,200,36,21,20,27,
940 110012305918,o38,940 110009540984,2463,No Shade,2,32,34,57,29,108,215,53,20,23,32,14,,,,59,52,47,19,43,37,72,
940 110012305918,o38,940 110009423185,2972,No Shade,10,43,55,42,19,76,60,26,46,69,33,104,,,,36,28,28,30,17,34,43,
940 110012305918,o38,940 110012554665,w1538,No Shade,15,37,30,161,380,104,125,72,35,69,83,4,,,,,,,,,,,
940 110012305918,o38,940 110012567192,w1750,No Shade,6,51,108,59,59,107,68,23,57,71,74,25,,,,20,41,14,55,21,59,51,
940 110012305918,o38,940 110009540732,y476,No Shade,5,25,47,28,16,17,44,20,53,43,19,216,,,,29,30,78,29,93,44,19,
940 110012305918,o38,940 110009538695,2324,No Shade,7,39,41,33,28,44,43,166,41,119,34,75,,,,49,30,59,29,42,34,20,
940 110012305918,o38,940 110009530573,2643,No Shade,12,29,145,43,62,48,63,53,52,77,75,39,,,,55,34,19,54,17,62,4,
940 110012305918,o38,940 110009541760,w192005,No Shade,6,30,53,43,95,67,53,90,30,36,20,,,,,,,,,,,,
940 110012305918,o38,940 110009540226,2694,No Shade,10,44,47,32,35,36,36,83,27,19,7,24,,,,23,10,16,23,76,51,16,
940 110012305918,o38,940 110019091568,2329,No Shade,10,48,29,89,34,19,47,33,88,33,124,51,,,,28,39,33,11,20,28,63,
940 110012305918,o38,940 110009422827,w192009,No Shade,6,32,42,33,52,45,24,28,47,30,96,61,,,,34,38,62,15,22,131,32,
940 110012305918,o38,940 110012564878,w192255,No Shade,5,33,30,14,44,29,37,39,314,50,40,12,,,,27,51,33,53,25,86,32,
940 110012305918,o38,940 110012567013,w192003,No Shade,12,32,40,23,35,28,37,41,60,43,53,5,,,,,,,,,,,
940 110012305918,o38,940 110019091346,2632,No Shade,11,22,21,40,24,16,95,29,13,24,34,5,,,,,,,,,,,
940 110012305918,o38,940 110012567496,2647,No Shade,7,41,46,59,40,55,57,96,61,53,10,99,,,,19,56,24,42,29,18,29,
940 110012305918,o38,940 110012567575,2712,No Shade,14,43,33,49,51,58,102,128,55,37,12,15,,,,36,16,51,86,39,92,36,
940 110012305918,o38,940 110019091386,y427,No Shade,8,38,42,86,29,167,56,103,52,31,5,74,,,,57,51,37,28,69,78,66,
940 110012305918,o38,940 110009539487,w192286,No Shade,18,37,39,59,42,27,52,176,33,77,39,41,,,,23,114,82,30,21,37,30,
940 110012305918,o38,940 110009540610,y463,No Shade,9,28,22,17,19,47,182,39,30,41,18,,,,,,,,,,,,
940 110012305918,o38,940 110009539482,w1656,No Shade,11,42,70,13,40,65,74,75,42,70,28,26,,,,25,21,165,38,30,25,34,
940 110012305918,o38,940 110009539709,2475,No Shade,15,63,32,110,60,80,105,115,43,22,24,8,,,,31,43,79,85,58,32,26,
940 110012305918,o38,940 110009539789,3716,No Shade,13,59,40,71,61,181,37,125,47,102,78,29,,,,26,,,,,,,
940 110012305918,o38,940 110009541085,y1088,No Shade,11,35,53,33,40,27,51,44,35,43,39,10,,,,48,96,35,23,37,69,85,
940 110012305918,o38,940 110009423327,w1791,No Shade,14,41,81,44,40,79,54,73,41,34,29,40,,,,28,27,29,26,34,80,84,
940 110012305918,o38,940 110012565619,w788,No Shade,13,32,24,48,22,98,49,51,33,29,58,56,,,,42,35,41,47,36,53,69,
940 110012305918,o38,940 110012566374,2040,No Shade,8,51,19,20,42,90,75,175,57,29,26,24,,,,55,74,43,60,28,44,25,
940 110012305918,o38,940 110012565504,w299,No Shade,7,44,55,53,32,105,20,43,85,99,101,61,,,,47,25,24,34,28,33,33,
940 110012305918,o38,940 110009423076,w192203,No Shade,25,38,40,26,97,35,94,133,52,85,24,72,,,,64,24,91,55,32,25,9,
940 110012305918,o38,940 110009539979,y435,No Shade,15,54,36,42,34,34,51,129,43,60,75,33,,,,45,28,18,55,40,65,109,
940 110012305918,o38,940 110009421854,2312,No Shade,10,65,31,44,25,79,21,64,52,37,99,14,,,,49,23,23,21,17,71,36,
940 110012305918,o38,940 110009423267,3745,No Shade,19,34,44,55,59,18,65,51,38,47,40,54,,,,44,24,15,66,38,37,7,
940 110012305918,o38,940 110012554069,2649,No Shade,7,33,57,24,31,40,31,82,39,72,15,22,,,,16,61,38,31,20,26,50,
940 110012305918,o38,940 110009421856,w192300,No Shade,7,37,16,30,19,65,55,93,52,22,75,54,,,,37,42,28,21,29,31,49,
940 110012305918,o38,940 110009422300,2575,No Shade,24,29,53,21,29,74,66,108,23,25,26,12,,,,27,16,40,19,14,66,44,
940 110012305918,o38,940 110012567561,w192556,No Shade,17,46,26,50,32,43,29,86,47,90,70,7,,,,103,35,44,31,47,67,6,
940 110012305918,o38,940 110009540374,w192226,No Shade,8,38,56,73,54,52,74,117,74,128,103,62,,,,35,18,44,22,22,39,31,
940 110012305918,o38,940 110019091494,y1092,No Shade,11,45,80,46,56,57,76,122,146,95,40,33,,,,60,54,20,38,70,34,70,
940 110012305918,o38,940 110019088608,w956,No Shade,7,53,45,39,34,70,89,41,97,35,71,88,,,,46,22,22,56,33,68,41,
940 110012305918,o38,940 110019088588,2307,No Shade,9,32,29,94,13,18,64,64,35,45,40,58,,,,29,18,50,22,28,28,128,
940 110012305918,o38,940 110012554130,w192254,No Shade,13,44,28,37,31,129,74,117,50,25,9,98,,,,29,35,23,55,31,73,61,
940 110012305918,o38,940 110019089803,w1605,No Shade,7,35,39,43,37,49,53,79,55,40,29,257,,,,37,11,39,42,35,13,21,
940 110012305918,o38,940 110019091488,w1641,No Shade,8,30,43,40,45,74,75,38,64,57,53,16,,,,74,27,24,41,16,34,11,
940 110012305918,o38,940 110009422821,2405,No Shade,6,26,44,32,80,62,76,42,57,72,19,45,,,,60,36,65,31,45,8,3,
940 110012305918,o38,940 110012554841,2940,No Shade,18,54,44,30,52,33,117,58,48,62,47,27,,,,45,54,50,24,25,56,34,
940 110012305918,o38,940 110009540904,w192320,No Shade,8,33,33,17,15,66,41,52,34,32,10,44,,,,30,31,6,21,36,37,13,
940 110012305918,o38,940 110009538672,2946,No Shade,16,29,20,38,18,34,32,30,25,11,45,12,,,,25,31,174,25,34,46,28,
940 110012305918,o38,940 110009541648,2406,No Shade,20,31,52,129,45,43,30,118,37,16,10,48,,,,55,25,41,70,44,58,38,
940 110012305918,o38,940 110009541265,2608,No Shade,22,46,35,29,59,51,123,68,92,67,149,11,,,,66,53,75,70,31,19,19,
940 110012305918,o38,940 110009538917,w1536,No Shade,16,48,33,18,49,49,81,20,31,24,21,9,,,,,,,,,,,
940 110012305918,o38,940 110019088452,2021,No Shade,17,37,55,51,36,53,58,87,66,58,82,31,,,,97,57,24,32,81,64,45,
940 110012305918,o38,940 110009421841,y1080,No Shade,19,97,44,41,34,113,80,53,100,58,60,37,,,,47,40,31,33,61,47,49,
940 110012305918,o38,940 110019091989,2660,No Shade,13,57,43,50,58,31,45,70,80,46,16,10,,,,38,32,59,21,15,19,56,
940 110012305918,o38,940 110009541522,w1713,No Shade,13,214,25,56,42,47,90,45,51,40,48,58,,,,56,24,59,23,34,24,44,
940 110012305918,o38,940 110009541499,2560,No Shade,13,30,111,29,29,50,51,48,40,29,35,15,,,,28,31,33,42,227,117,33,
940 110012305918,o38,940 110009421996,o26,No Shade,13,49,59,29,133,57,66,69,51,29,104,18,,,,12,30,24,47,24,23,36,
940 110012305918,o38,940 110009538382,2682,No Shade,26,57,76,45,37,133,48,45,67,94,45,26,,,,39,49,27,42,30,26,44,
940 110012305918,o38,940 110009539735,w192251,No Shade,4,24,46,45,39,36,50,73,27,55,83,25,,,,47,54,54,61,19,100,49,
940 110012305918,o38,940 110012553813,w1780,No Shade,12,26,27,21,55,74,37,26,73,28,52,49,,,,34,26,54,75,25,27,35,
940 110012305918,o38,940 110009538716,w1679,No Shade,16,41,40,29,36,84,75,69,35,32,16,19,,,,18,23,21,31,22,25,10,
940 110012305918,o38,940 110012566693,w1657,No Shade,8,39,38,40,26,70,37,79,62,33,59,11,,,,36,26,28,57,79,,,
940 110012305918,o38,940 110019088647,w1651,No Shade,6,38,29,55,28,69,46,37,30,41,75,26,,,,55,84,36,38,38,68,5,
940 110012305918,o38,940 110019088485,2693,No Shade,12,48,43,48,14,42,69,44,55,33,14,105,,,,34,19,55,55,31,55,102,
940 110012305918,o38,940 110009540139,2945,No Shade,16,23,23,15,50,56,56,29,27,21,49,30,,,,34,48,39,15,33,11,8,
940 110012305918,o38,940 110012567583,w928,No Shade,11,34,25,37,23,41,40,51,51,53,23,34,,,,37,33,43,35,41,111,64,
940 110012305980,w192014,940 110009423257,w192358,High Shade,2,22,14,52,58,103,61,35,38,58,40,17,54,84,95,35,30,49,151,82,3,,
940 110012305980,w192014,940 110009541193,w226,High Shade,4,34,38,60,58,78,69,58,69,96,83,37,90,73,31,55,23,32,19,57,9,,
940 110012305980,w192014,940 110019091049,2418,High Shade,2,40,38,57,34,44,15,53,20,22,41,32,41,191,30,43,26,40,73,33,29,,
940 110012305980,w192014,940 110012565425,2703,High Shade,5,27,58,33,23,45,32,43,50,79,49,30,112,58,44,31,51,101,46,85,10,,
940 110012305980,w192014,940 110019088500,y430,High Shade,3,20,21,59,34,60,13,44,34,53,46,42,59,101,73,38,68,69,70,75,9,,
940 110012305980,w192014,940 110019091898,5399,High Shade,,34,41,69,11,15,14,47,35,59,32,68,103,122,79,18,23,30,49,44,7,,
940 110012305980,w192014,940 110012554843,w1552,High Shade,6,21,16,13,45,28,36,31,69,31,32,213,89,58,53,32,32,49,68,39,41,,
940 110012305980,w192014,940 110009539963,2993,High Shade,1,25,50,25,37,37,39,47,94,72,34,37,69,186,88,47,32,31,61,78,23,,
940 110012305980,w192014,940 110009541457,y449,High Shade,7,23,81,38,31,33,67,63,46,56,82,21,75,67,39,26,39,21,33,55,11,,
940 110012305980,w192014,940 110009541618,2559,High Shade,31,40,17,46,53,10,45,24,63,21,83,38,115,156,72,46,27,93,37,68,10,,
940 110012305980,w192014,940 110012566730,w192152,High Shade,,52,150,27,18,49,23,66,74,117,25,129,85,69,84,42,49,26,43,41,8,,
940 110012305980,w192014,940 110012554375,2351,High Shade,2,8,7,20,24,22,32,27,86,36,52,21,7,27,27,,,,,,,,
940 110012305980,w192014,940 110009539113,2423,High Shade,24,45,22,23,19,19,19,40,41,40,57,93,43,90,61,32,52,58,119,43,11,,
940 110012305980,w192014,940 110019091079,2967,High Shade,1,27,48,86,30,25,18,40,34,42,79,141,85,107,33,52,37,22,44,45,10,,
940 110012305980,w192014,940 110009538570,w1506,High Shade,5,13,27,33,27,52,41,55,48,26,30,17,74,115,72,26,24,29,37,71,10,,
940 110012305980,w192014,940 110012565403,w1737,High Shade,45,68,31,18,22,26,45,16,51,32,13,57,86,116,66,29,30,57,38,218,2,,
940 110012305980,w192014,940 110009539147,2544,High Shade,1,4,26,30,25,53,18,27,41,43,79,147,117,98,86,87,56,56,21,37,82,,
940 110012305980,w192014,940 110009423155,w192406,High Shade,2,17,31,15,22,14,14,13,49,66,167,25,51,29,25,15,48,32,56,30,7,,
940 110012305980,w192014,940 110009540863,2709,High Shade,,15,34,11,60,32,74,29,38,45,82,75,135,69,63,27,33,19,224,81,1,,
940 110012305980,w192014,940 110009423238,2313,High Shade,1,30,66,45,56,27,12,28,45,74,54,36,60,65,70,37,38,37,16,27,7,,
940 110012305980,w192014,940 110019090446,2987,High Shade,35,75,27,53,29,19,24,22,62,38,30,56,60,102,92,38,44,30,21,,,,
940 110012305980,w192014,940 110019088702,2631,High Shade,2,34,17,28,38,19,52,67,42,104,33,37,77,133,65,61,84,59,68,93,7,,
940 110012305980,w192014,940 110009541435,2979,High Shade,3,28,25,213,52,31,31,37,107,45,77,37,31,93,90,50,50,40,29,32,88,,
940 110012305980,w192014,940 110009539500,2444,High Shade,25,63,6,35,30,38,38,59,42,50,56,18,85,96,78,41,38,45,178,58,9,,
940 110012305980,w192014,940 110012567887,2650,High Shade,2,39,50,27,55,40,19,41,37,52,52,46,72,131,79,72,42,47,71,77,23,,
940 110012305980,w192014,940 110009539560,w1570,High Shade,2,11,23,33,15,22,15,44,50,38,38,74,81,43,49,120,17,31,73,51,64,,
940 110012305980,w192014,940 110009541504,2338,High Shade,1,27,18,11,41,8,8,29,34,17,85,36,43,79,34,18,33,39,59,68,11,,
940 110012305980,w192014,982 123812217444,w192236,High Shade,2,21,21,44,31,49,38,42,66,65,65,160,120,62,185,31,53,67,50,124,22,,
940 110012305980,w192014,940 110009540523,w192488,High Shade,,29,75,44,79,25,87,39,44,70,51,11,59,58,42,44,28,27,112,27,8,,
940 110012305980,w192014,940 110019091174,y1115,High Shade,,21,44,78,15,22,22,29,41,57,41,120,181,58,79,83,44,31,42,34,13,,
940 110012305980,w192014,940 110009540889,2488,High Shade,33,52,23,30,25,24,27,47,118,31,35,25,101,98,100,49,52,37,30,76,8,,
940 110012305980,w192014,940 110012568096,2620,High Shade,4,32,9,20,63,34,103,59,33,63,59,40,100,134,33,23,66,34,42,114,12,,
940 110012305980,w192014,940 110012565375,3744,High Shade,8,18,27,37,32,44,12,47,42,38,27,63,67,61,161,38,41,38,26,43,12,,
940 110012305980,w192014,940 110019090030,2629,High Shade,23,41,51,14,25,21,69,29,50,29,42,6,127,134,120,35,28,34,34,68,11,,
940 110012305980,w192014,940 110009539432,2567,High Shade,1,34,45,31,58,37,57,16,21,22,91,43,61,53,44,29,42,24,25,49,6,,
940 110012305980,w192014,940 110009538743,2023,High Shade,2,15,40,36,31,71,60,44,46,92,37,50,95,60,43,65,52,53,52,37,5,,
940 110012305980,w192014,940 110009539215,w979,High Shade,2,13,28,57,44,47,21,60,34,54,101,26,55,83,35,34,20,31,73,84,2,,
940 110012305980,w192014,940 110019091053,2671,High Shade,,32,36,24,31,10,29,37,25,41,27,40,74,56,38,30,8,72,25,65,7,,
940 110012305980,w192014,940 110019091360,2937,High Shade,1,19,20,18,69,47,50,30,54,42,46,87,57,73,35,65,85,25,158,80,8,,
940 110012305980,w192014,940 110009539441,2600,High Shade,3,10,23,40,41,31,47,25,35,34,72,17,70,84,69,26,53,27,77,79,3,,
940 110012305980,w192014,940 110012567125,2363,High Shade,4,12,13,22,26,65,29,12,40,51,41,41,39,46,35,23,86,57,39,76,25,,
940 110012305980,w192014,940 110012564910,2461,High Shade,4,14,16,24,21,46,29,29,141,39,67,68,50,92,65,52,57,29,151,31,60,,
940 110012305980,w192014,940 110009421860,w192380,High Shade,,9,39,34,62,29,32,49,18,38,82,66,67,56,39,37,25,17,42,28,3,,
940 110012305980,w192014,940 110009541284,2323,High Shade,37,62,32,8,48,82,25,19,46,53,96,73,69,93,53,54,59,53,82,42,7,,
940 110012305980,w192014,940 110012554845,W192256,High Shade,10,29,28,26,76,226,65,27,42,44,34,37,52,102,81,24,28,64,36,59,24,,
940 110012305980,w192014,940 110009538772,2607,High Shade,3,18,31,48,44,47,54,36,25,29,21,43,48,56,68,37,47,36,19,88,16,,
940 110012305980,w192014,940 110009538722,3753,High Shade,16,30,72,69,28,45,66,37,48,49,35,45,69,62,53,35,49,48,110,45,8,,
940 110012305980,w192014,940 110012568314,2301,High Shade,,20,34,20,80,,17,21,63,60,44,24,51,101,96,32,30,21,59,36,21,,
940 110012305980,w192014,940 110019091445,2664,High Shade,110,121,37,22,35,60,25,56,40,14,40,27,14,11,6,,,,,,,,
940 110012305980,w192014,940 110009539765,w1771,High Shade,2,7,45,36,12,30,42,15,42,25,52,26,127,96,56,43,73,38,49,65,4,,
940 110012305980,w192014,940 110019090379,w1785,High Shade,1,27,39,40,52,104,45,35,40,28,29,25,30,54,70,22,27,104,44,61,7,,
940 110012305980,w192014,940 110009539292,2958,High Shade,,45,80,22,20,25,17,21,38,80,18,26,63,52,36,71,26,47,27,36,7,,
940 110012305980,w192014,940 110012566479,w757,High Shade,1,12,19,20,27,49,15,27,26,41,41,50,97,106,148,53,51,85,72,42,4,,
940 110012305980,w192014,940 110009539267,y444,High Shade,16,97,29,32,37,57,31,13,20,17,35,36,40,32,59,54,44,23,28,38,5,,
940 110012305980,w192014,940 110020787431,w1706,High Shade,,4,15,21,11,27,69,35,83,51,24,28,33,87,70,24,43,80,89,32,10,,
940 110012305980,w192014,940 110009541731,o41,High Shade,20,23,9,12,51,30,34,39,45,156,103,30,141,101,59,34,34,55,51,53,4,,
940 110012305980,w192014,940 110012567539,w1793,High Shade,2,16,27,37,22,31,44,44,58,51,21,28,131,70,67,32,40,65,89,57,8,,
940 110012305980,w192014,940 110009538623,2554,High Shade,1,3,20,49,31,81,77,46,83,89,44,84,107,173,68,74,73,54,37,71,6,,
940 110012305980,w192014,940 110009540641,w765,High Shade,1,6,21,10,56,28,21,17,21,31,32,18,53,55,50,23,23,16,40,88,3,,
940 110012305980,w192014,940 110019088618,2563,High Shade,30,75,40,57,33,43,20,18,61,32,29,36,38,130,125,28,39,41,36,36,11,,
940 110012305980,w192014,940 110019092801,2922,High Shade,2,34,67,43,48,40,27,64,73,50,36,43,49,102,38,38,31,38,24,74,7,,
940 110012305980,w192014,940 110009538571,2395,High Shade,8,20,33,27,9,40,58,15,56,61,28,47,79,90,73,27,81,70,24,56,3,,
940 110012305980,w192014,940 110009423176,2451,High Shade,,4,19,25,15,38,22,20,25,68,32,43,193,107,70,71,58,62,44,39,69,,
940 110012305980,w192014,940 110019091342,y450,High Shade,,89,72,39,75,23,18,50,62,83,58,31,77,164,84,30,41,57,62,41,2,,
940 110012305980,w192014,940 110009540159,w192170,High Shade,1,46,37,22,75,20,36,10,9,11,8,21,42,48,59,62,44,52,10,,,,
940 110012305980,w192014,940 110009538653,2658,High Shade,28,53,21,27,52,63,41,19,30,35,24,16,26,10,11,,,,,,,,
940 110012305980,w192014,940 110019091269,w192143,High Shade,7,26,51,49,42,48,49,35,45,38,66,65,80,75,112,32,47,73,38,61,31,,
940 110012305980,w192014,940 110019089807,w773,High Shade,7,57,82,73,27,48,54,44,34,77,66,61,66,73,31,38,46,102,71,169,11,,
940 110012305980,w192014,940 110009539288,w192212,High Shade,,139,57,33,26,13,18,21,23,29,19,19,34,77,79,48,30,34,98,30,11,,
940 110012305980,w192014,940 110009538693,w993,High Shade,3,12,32,49,25,52,63,30,44,69,90,92,90,101,57,53,50,75,43,38,5,,
940 110012305980,w192014,940 110009423023,y455,High Shade,4,23,24,84,40,13,31,12,40,31,32,84,62,36,83,60,49,41,109,23,9,,
940 110012305980,w192014,940 110009540147,w1637,High Shade,1,15,24,21,33,38,23,53,75,35,71,19,139,91,51,35,63,27,44,20,4,,
940 110012305980,w192014,940 110009539164,2924,High Shade,3,23,41,10,45,19,16,49,20,39,82,64,80,51,67,47,68,42,50,34,6,,
940 110012305980,w192014,940 110019091513,w192087,High Shade,1,24,59,51,32,61,16,95,61,37,43,73,68,108,39,59,49,34,54,35,7,,
940 110012305980,w192014,940 110012554299,y1053,High Shade,5,13,17,30,23,27,88,38,33,54,26,86,125,107,54,42,39,65,38,126,8,,
940 110012305980,w192014,940 110019091090,3756,High Shade,5,19,27,29,13,8,55,62,37,69,12,34,66,98,49,28,17,56,42,45,132,,
940 110012305980,w192014,940 110012554266,w1645,High Shade,21,29,40,47,43,8,91,26,51,33,56,69,83,63,99,35,53,55,41,50,5,,
940 110012305980,w192014,940 110009422291,2900,High Shade,99,62,62,60,12,17,24,28,66,56,48,106,91,51,34,28,26,50,163,31,9,,
940 110012305980,w192014,940 110009540606,2990,High Shade,4,8,11,28,44,36,15,34,34,54,38,75,65,70,76,49,36,48,33,75,4,,
940 110012305980,w192014,940 110019089911,2038,High Shade,41,48,21,17,36,39,21,23,63,45,82,68,45,128,49,40,33,63,86,71,5,,
940 110012305980,w192014,940 110012566557,2688,High Shade,,56,33,50,55,77,39,82,42,61,47,35,50,92,42,27,53,64,41,52,7,,
940 110012305980,w192014,940 110009423265,2965,High Shade,1,4,52,49,19,12,22,24,53,110,37,47,44,68,29,39,42,46,32,43,5,,
940 110012305980,w192014,940 110009539063,w221,High Shade,61,91,41,88,58,27,68,54,28,49,50,141,115,100,68,43,44,31,86,48,7,,
940 110012305980,w192014,940 110009540630,2969,High Shade,11,41,21,25,34,49,15,26,78,45,23,45,89,73,58,15,47,57,33,29,18,,
940 110012305980,w192014,940 110009540994,w192561,High Shade,5,15,16,13,1,19,16,19,84,46,54,158,138,98,42,87,22,124,52,58,4,,
940 110012305980,w192014,940 110009423189,2686,High Shade,3,13,28,27,11,44,17,41,46,62,30,23,93,57,42,40,39,72,94,73,4,,
940 110012305980,w192014,940 110009539600,o22,High Shade,7,10,20,62,59,18,27,29,41,46,49,46,83,73,80,34,40,47,63,48,5,,
940 110012305980,w192014,940 110019091521,2350,High Shade,8,30,10,43,53,40,52,59,23,48,34,62,39,92,53,33,36,22,21,203,7,,
940 110012305980,w192014,940 110009421864,o27,High Shade,1,27,50,28,57,75,35,32,68,55,37,42,100,76,49,42,49,38,65,38,6,,
940 110012305980,w192014,940 110009541103,w192002,High Shade,2,19,58,16,25,24,43,25,99,92,44,94,52,82,76,25,74,41,48,71,9,,
940 110012305980,w192014,940 110019090103,w192008,High Shade,4,22,35,47,62,18,62,14,44,60,29,42,68,119,44,46,56,50,61,53,57,,
940 110012305980,w192014,940 110012566714,3750,High Shade,2,14,37,30,16,34,29,64,61,43,50,77,83,77,54,26,41,64,38,38,32,,
940 110012305980,w192014,940 110019088685,2931,High Shade,3,45,51,19,41,39,46,110,35,45,44,20,34,97,26,34,26,21,58,176,5,,
940 110012305980,w192014,940 110009540162,2433,High Shade,3,9,32,24,40,21,46,31,24,26,53,96,98,88,50,51,47,30,19,43,35,,
940 110012305980,w192014,940 110012565433,2674,High Shade,1,12,43,21,14,21,42,35,31,38,44,29,61,61,113,29,81,89,31,52,4,,
940 110012305980,w192014,940 110009540062,w1765,High Shade,2,15,20,14,21,58,33,26,22,20,29,46,54,74,46,38,34,40,50,123,3,,
940 110012305980,w192014,940 110012554675,2570,High Shade,32,68,71,17,28,31,44,29,26,39,16,8,14,12,9,,,,,,,,
940 110012305980,w192014,940 110019088661,w791,High Shade,1,18,11,17,35,27,21,34,37,26,20,91,48,45,71,40,17,40,37,48,3,,
940 110012305980,w192014,940 110012568040,w1749,High Shade,2,38,33,93,24,61,63,15,39,45,53,74,84,85,135,34,70,81,40,84,12,,
940 110012305980,w192014,940 110009541461,2621,High Shade,3,59,44,23,31,73,20,41,36,52,53,53,77,67,39,27,47,78,68,61,23,,
940 110012305980,w192014,940 110009539523,2303,High Shade,4,55,47,30,36,29,33,26,61,32,59,49,79,74,41,50,80,60,55,42,6,,
940 110012305980,w192014,940 110012567558,w229,High Shade,24,53,17,36,56,30,38,52,53,59,85,100,84,91,46,89,60,62,83,99,4,,
940 110012305980,w192014,940 110009423166,2963,High Shade,5,18,24,20,34,43,71,43,43,25,83,38,33,56,40,34,33,31,52,57,22,,
940 110012305980,w192014,940 110009422302,2616,High Shade,4,14,24,34,27,40,89,29,86,106,52,32,71,145,31,88,57,73,80,103,57,,
940 110012305980,w192014,940 110009538502,w1763,High Shade,35,44,13,14,35,75,21,53,94,32,51,34,60,46,67,41,38,42,98,91,37,,
940 110012305980,w192014,940 110009540229,2960,High Shade,3,11,19,16,43,,14,41,64,41,31,20,78,107,31,12,36,33,75,39,8,,
940 110012305980,w192014,940 110012566822,w192004,High Shade,1,42,34,57,54,34,38,30,30,34,48,32,56,52,23,69,58,31,67,47,6,,
940 110012305980,w192014,940 110016191529,2899,High Shade,8,41,87,24,15,55,24,32,39,39,46,52,70,67,157,29,50,48,139,43,2,,
940 110012305980,w192014,940 110019091371,w1756,High Shade,2,31,29,19,28,24,16,56,64,58,112,80,40,133,51,54,37,70,54,80,6,,
940 110012305980,w192014,940 110012567214,2648,High Shade,33,54,9,64,51,18,23,43,40,47,64,48,54,44,48,28,44,44,54,41,27,,
940 110012305980,w192014,940 110012554433,y474,High Shade,20,33,22,31,25,40,58,31,41,37,50,32,78,78,28,45,25,33,110,84,12,,
940 110012305980,w192014,940 110019090507,2590,High Shade,3,31,43,27,34,13,34,59,34,54,49,22,46,134,26,32,38,38,77,57,32,,
940 110012305980,w192014,940 110009541155,2399,High Shade,4,24,18,11,28,16,42,39,50,41,42,81,83,28,38,75,45,59,61,33,8,,
940 110012305980,w192014,940 110012567203,2537,High Shade,1,11,11,24,34,21,18,35,45,19,80,32,98,84,76,19,58,80,108,38,27,,
940 110012305980,w192014,940 110012553700,o40,High Shade,2,5,53,45,54,17,83,37,43,57,21,57,68,71,90,49,46,57,46,65,8,,
940 110012305980,w192014,940 110009540691,2018,High Shade,3,24,36,18,32,22,19,27,109,49,40,28,71,63,56,39,52,72,102,54,5,,
940 110012305980,w192014,940 110012568291,y434,High Shade,3,12,8,19,75,22,61,30,39,29,63,38,113,76,107,38,46,33,51,94,17,,
940 110012305980,w192014,940 110009541259,3758,High Shade,,3,6,19,28,22,22,82,30,197,44,41,29,87,68,22,46,38,53,77,21,,
940 110012305980,w192014,940 110012566863,y472,High Shade,2,10,16,15,40,59,39,27,55,141,40,50,100,91,59,49,46,42,64,48,9,,
940 110012305980,w192014,940 110019091890,y460,High Shade,34,42,36,28,70,63,55,39,51,66,71,45,60,103,49,41,58,39,128,104,19,,
940 110012305980,w192014,940 110009540290,2327,High Shade,25,45,34,26,19,22,34,20,23,50,32,146,74,48,33,54,82,35,48,26,20,,
940 110012305980,w192014,940 110009541521,2613,High Shade,1,20,37,41,58,37,37,34,74,90,62,136,352,117,66,42,53,73,71,169,46,,
940 110012305980,w192014,940 110009422175,2595,High Shade,39,80,21,41,47,42,32,38,87,60,40,42,123,133,99,44,41,59,77,28,7,,
940 110012305980,w192014,940 110009539749,w1774,High Shade,1,17,49,27,26,24,67,27,44,31,58,13,34,42,29,67,23,36,30,20,8,,
940 110012305980,w192014,940 110012568205,2891,High Shade,,12,11,5,17,38,19,5,12,28,18,84,30,100,85,17,66,32,120,115,15,,
940 110012305980,w192014,940 110019091991,w192246,High Shade,3,67,29,37,77,28,22,65,25,26,22,21,91,61,56,49,51,58,44,59,11,,
940 110012305980,w192014,940 110009539497,2328,High Shade,6,26,8,44,24,42,85,26,63,61,51,66,47,97,46,48,42,36,84,47,3,,
940 110012305980,w192014,940 110009539574,W1585,High Shade,,25,16,73,54,53,20,50,16,82,41,42,86,87,48,43,38,19,20,30,4,,
940 110012305980,w192014,940 110009541679,w1661,High Shade,1,12,30,24,17,32,48,43,50,191,65,37,50,44,86,42,45,30,63,63,16,,
940 110012305980,w192014,940 110012566936,2358,High Shade,80,85,54,93,50,25,35,43,34,38,39,110,69,68,38,35,49,31,44,53,7,,
940 110012305980,w192014,940 110012565868,2952,High Shade,,14,18,22,34,46,58,21,61,62,29,38,49,75,77,34,36,40,31,52,9,,
940 110012305980,w192014,940 110012566916,2543,High Shade,5,13,11,34,20,49,43,53,84,81,32,19,77,117,40,19,15,23,35,36,4,,
940 110012305980,w192014,940 110009539123,y486,High Shade,4,17,26,27,24,33,37,23,36,38,12,31,59,81,36,40,28,22,60,36,53,,
940 110012305980,w192014,940 110019091443,w9534,High Shade,19,31,51,44,103,44,41,44,20,22,29,7,10,14,14,,,,,,,,
940 110012305980,w192014,940 110009539732,2639,High Shade,2,5,19,33,50,57,38,151,37,33,53,32,79,100,51,93,56,46,44,64,38,,
940 110012305980,w192014,940 110009540879,w192135,High Shade,39,59,27,16,33,164,63,48,40,59,67,49,69,105,53,39,50,30,25,58,7,,
940 110012305980,w192014,940 110009423220,o24,High Shade,,35,47,27,80,31,66,36,101,41,109,47,94,93,156,53,37,76,27,72,10,,
940 110012305980,w192014,940 110009538774,2384,High Shade,32,64,30,42,13,32,64,27,52,50,47,59,79,59,196,73,48,52,46,42,7,,
940 110012305980,w192014,940 110009538677,W192239,High Shade,7,11,10,21,50,26,19,40,42,51,55,49,89,154,47,43,61,51,40,34,6,,
940 110012305980,w192014,940 110009539721,w9513,High Shade,3,13,19,36,66,61,21,36,89,44,46,68,41,152,118,56,44,42,38,27,2,,
940 110012305980,w192014,940 110009422297,2376,High Shade,2,12,19,62,48,54,29,46,33,25,21,18,8,11,11,,,,,,,,
940 110012305980,w192014,940 110009541595,2925,High Shade,31,25,18,25,42,10,27,37,40,74,33,115,88,110,55,45,46,46,20,61,10,,
940 110012305980,w192014,940 110012567794,w9280,High Shade,39,116,39,20,54,48,19,26,40,75,30,37,59,68,45,40,30,69,38,188,9,,
940 110012305980,w192014,940 110009541586,w192277,High Shade,2,27,8,36,19,46,46,40,132,46,53,48,44,48,99,26,23,72,46,37,4,,
940 110012305980,w192014,940 110009539745,2535,High Shade,3,31,26,27,41,30,29,36,30,34,29,81,86,97,39,49,82,35,82,84,13,,
940 110012305980,w192014,940 110019090490,2627,High Shade,45,113,48,17,64,57,13,21,71,28,36,42,35,145,69,36,16,33,73,40,45,,
940 110012305980,w192014,940 110012566735,2934,High Shade,2,36,47,20,40,55,38,58,56,111,66,67,67,109,30,33,57,45,85,44,54,,
940 110012305980,w192014,940 110009422880,2407,High Shade,40,105,61,58,38,49,60,44,48,45,125,16,49,120,53,36,60,24,14,112,7,,
940 110012305980,w192014,940 110019088438,W210,High Shade,6,31,32,82,45,64,63,24,77,43,43,46,56,105,24,30,63,108,36,148,6,,
940 110012305980,w192014,940 110009538900,2659,High Shade,5,13,58,39,32,43,31,47,59,61,110,38,59,81,76,77,52,29,37,79,8,,
940 110012305980,w192014,940 110012553789,2610,High Shade,12,9,33,45,24,50,47,37,46,46,83,39,62,140,50,61,31,46,80,83,10,,
940 110012305980,w192014,940 110009539746,w9563,High Shade,29,80,52,47,44,77,44,32,23,34,35,32,30,68,43,26,29,35,36,12,3,,
940 110012305980,w192014,940 110019090059,o75,High Shade,2,17,36,254,23,29,18,24,51,36,43,54,27,141,52,52,33,28,55,59,4,,
940 110012305980,w192014,940 110009540041,w192163,High Shade,,11,37,14,26,29,35,17,27,32,88,81,55,94,31,27,40,22,35,49,25,,
940 110012305980,w192014,940 110019088573,2393,High Shade,33,101,27,26,45,19,31,34,32,51,49,56,47,193,48,14,31,39,47,72,6,,
940 110012305980,w192014,940 110019091874,2933,High Shade,2,38,56,21,63,45,66,50,68,39,71,73,45,88,56,63,46,58,41,44,,,
940 110012305980,w192014,940 110019090374,2365,High Shade,1,22,41,26,28,61,84,44,44,52,41,80,96,43,111,34,33,40,51,88,104,,
940 110012305980,w192014,940 110019091854,w192180,High Shade,3,124,58,124,65,47,28,52,84,53,19,35,55,128,80,66,41,50,33,116,10,,
940 110012305980,w192014,940 110009540852,3717,High Shade,2,22,133,55,52,32,48,39,47,38,74,49,77,124,36,23,25,27,20,61,14,,
940 110012305980,w192014,940 110009422277,w1741,High Shade,10,24,24,36,18,32,18,34,56,83,40,28,39,55,68,46,60,45,24,52,22,,
940 110012305980,w192014,940 110012565444,w1512,High Shade,6,41,36,43,47,73,44,32,70,42,71,79,49,67,49,30,69,21,19,26,8,,
940 110012305980,w192014,940 110019090024,w192382,High Shade,,21,40,53,33,15,35,37,51,41,42,6,18,10,10,,,,,,,,
940 110012305980,w192014,940 110012567054,2411,High Shade,1,12,37,22,35,100,49,23,31,46,68,48,67,50,55,18,30,43,25,66,2,,
940 110012305980,w192014,940 110009541001,w795,High Shade,,14,86,13,53,62,10,12,49,44,47,40,36,64,50,34,26,38,52,34,133,,
940 110012305980,w192014,940 110019091352,w192172,High Shade,1,36,6,35,34,25,16,36,25,28,15,15,18,14,11,,,,,,,,
940 110012305980,w192014,940 110009539701,w192055,High Shade,1,40,11,31,35,18,47,84,60,37,31,60,44,54,37,30,33,22,72,40,8,,
940 110012305980,w192014,940 110009423145,w192150,High Shade,5,23,169,37,20,19,16,29,52,73,63,50,87,76,61,35,43,93,62,41,11,,
940 110012305980,w192014,940 110009539995,w213,High Shade,30,218,23,16,61,39,64,46,62,51,34,33,90,117,55,42,40,34,53,95,20,,
940 110012305980,w192014,940 110009539582,2602,High Shade,7,7,22,46,27,14,20,44,37,74,40,116,71,78,137,24,27,34,61,32,7,,
940 110012305980,w192014,940 110012567022,w937,High Shade,3,65,70,63,61,127,51,40,44,105,71,111,66,67,65,31,58,37,148,79,13,,
940 110012305980,w192014,940 110009539425,2619,High Shade,6,25,31,26,30,44,24,22,42,37,136,29,21,10,11,,,,,,,,
940 110012305980,w192014,940 110009541187,y464,High Shade,1,4,21,27,25,43,11,21,33,16,29,33,34,48,50,33,28,20,22,62,9,,
940 110012305980,w192014,940 110012553776,2571,High Shade,1,18,31,9,61,62,29,44,36,56,41,36,79,67,36,23,37,48,48,53,6,,
940 110012305980,w192014,982 123539107431,2469,High Shade,1,57,18,120,36,59,25,59,77,52,47,25,66,100,71,27,36,31,31,84,11,,
940 110012305980,w192014,940 110009541433,w1772,High Shade,1,14,11,18,11,19,27,17,55,16,10,17,27,77,40,45,25,25,40,43,6,,
940 110012305980,w192014,940 110009540280,w841,High Shade,,14,10,62,30,57,63,35,53,25,76,31,96,69,40,25,51,36,36,72,2,,
940 110012305980,w192014,940 110012553675,w192153,High Shade,2,20,28,53,46,36,37,25,86,34,36,65,53,45,36,25,66,21,36,50,9,,
940 110012305980,w192014,940 110012568230,w192423,High Shade,7,48,66,57,24,48,58,36,60,57,40,74,28,111,30,28,21,49,30,113,6,,
940 110012305980,w192014,940 110012554719,w1614,High Shade,1,25,75,77,38,39,36,29,94,45,24,89,219,51,51,22,60,33,51,56,61,,
940 110012305980,w192014,940 110019089933,2364,High Shade,1,29,33,18,43,12,24,27,41,73,43,61,78,174,171,40,38,31,17,76,14,,
940 110012305980,w192014,940 110009538766,w192204,High Shade,4,12,71,33,21,64,63,49,62,74,58,50,78,87,40,60,69,34,130,52,2,,
940 110012305980,w192014,940 110012564941,3762,High Shade,,6,23,49,26,10,50,65,95,61,78,31,54,123,71,36,39,41,43,55,6,,
940 110012305980,w192014,940 110012567653,3799,High Shade,1,14,30,26,114,33,32,54,35,19,27,56,105,131,68,44,22,58,54,51,39,,
940 110012305980,w192014,940 110009540892,2373,High Shade,3,6,13,57,29,31,29,42,54,44,55,55,54,51,35,39,104,80,89,52,11,,
940 110012305980,w192014,940 110019090105,2520,High Shade,28,64,76,39,74,31,47,45,17,47,29,45,68,80,40,45,25,30,29,61,4,,
940 110012305980,w192014,940 110009540112,w192218,High Shade,,8,16,17,25,19,50,27,49,63,59,54,65,65,50,38,25,49,41,73,4,,
940 110012305980,w192014,940 110009538652,2574,High Shade,1,13,21,41,41,36,20,38,42,41,27,38,43,75,37,46,39,62,16,31,2,,
940 110012305980,w192014,940 110019090459,2626,High Shade,2,28,26,62,38,16,25,53,62,36,36,69,45,86,33,57,34,64,54,125,13,,
940 110012305980,w192014,940 110009539186,2625,High Shade,7,14,32,27,46,29,84,22,28,36,59,45,79,159,50,84,29,35,48,49,5,,
940 110012305980,w192014,940 110009539443,W1695,High Shade,1,10,45,54,35,46,60,65,35,81,84,104,91,98,57,47,34,71,49,120,15,,
940 110012305980,w192014,940 110009540131,2640,High Shade,2,45,77,25,15,14,207,47,75,113,43,78,72,54,138,25,41,63,86,80,8,,
940 110012305980,w192014,940 110012554501,2717,High Shade,3,32,44,68,29,82,51,38,67,201,34,50,64,73,50,45,61,48,51,33,30,,
940 110012305980,w192014,940 110019090321,3746,High Shade,2,29,6,16,37,59,26,61,24,37,63,32,74,164,39,56,41,40,35,78,8,,
940 110012305980,w192014,940 110009541455,2464,High Shade,2,14,49,35,8,52,41,30,50,47,73,190,59,96,40,48,57,44,40,50,10,,
940 110012305980,w192014,940 110009540937,2428,High Shade,24,44,62,21,16,25,59,43,75,37,37,27,95,52,70,37,49,50,63,98,110,,
940 110012305980,w192014,940 110012554714,w192377,High Shade,4,31,21,23,36,37,29,73,78,47,40,88,62,101,61,54,56,39,26,184,17,,
940 110012305980,w192014,940 110012567632,5361,High Shade,36,49,71,36,52,74,98,27,75,57,76,54,72,107,76,30,39,38,47,67,14,,
940 110012305980,w192014,940 110009541526,y428,High Shade,24,72,31,19,33,61,32,55,86,43,33,52,47,87,103,37,64,57,41,112,6,,
940 110012305980,w192014,940 110011991139,2653,High Shade,12,41,,,,,,,16,28,17,11,30,28,40,46,34,28,13,36,1,,
940 110012305980,w192014,940 110009538417,w9331,High Shade,1,32,8,27,14,10,33,34,63,27,50,84,45,40,57,33,42,59,87,36,8,,
940 110012305980,w192014,940 110019091541,2893,High Shade,1,19,47,7,24,5,22,32,24,27,19,36,79,59,23,24,75,48,50,44,10,,
940 110012305980,w192014,940 110009422835,2510,High Shade,2,3,16,46,53,63,26,40,48,29,48,39,85,107,62,40,37,38,44,18,5,,
940 110012305980,w192014,940 110009538885,w9333,High Shade,21,32,16,18,17,31,63,47,31,24,50,22,19,20,22,,,,,,,,
940 110012305980,w192014,940 110012567143,w1640,High Shade,3,33,82,27,40,8,42,31,35,30,72,137,53,71,38,25,57,25,52,46,7,,
940 110012305980,w192014,940 110019090333,2441,High Shade,1,37,55,22,74,17,57,31,30,36,37,14,55,46,41,27,30,52,30,26,9,,
940 110012305980,w192014,940 110009541027,2930,High Shade,2,31,61,26,43,126,45,59,86,64,30,39,129,69,99,28,23,53,37,46,7,,
940 110012305980,w192014,940 110009540731,2713,High Shade,3,25,28,32,35,82,15,39,59,48,52,33,81,64,71,89,38,42,35,95,37,,
940 110012305980,w192014,940 110019092821,W1636,High Shade,,71,36,51,53,18,24,26,79,50,18,61,66,67,71,34,32,61,22,75,12,,
940 110012305980,w192014,940 110019091545,3714,High Shade,2,36,45,65,54,37,54,18,38,25,27,48,194,201,60,31,65,45,62,89,29,,
940 110012305980,w192014,940 110009540400,w192325,High Shade,32,47,18,65,51,24,42,20,62,42,88,76,124,168,72,37,31,91,57,69,7,,
940 110012305980,w192014,940 110012566390,2467,High Shade,4,24,33,37,70,43,23,41,83,43,11,104,82,25,33,18,36,41,75,86,16,,
940 110012305980,w192014,940 110012567392,w192006,High Shade,5,8,21,32,28,27,47,27,56,33,40,56,79,67,57,53,43,38,61,57,11,,
940 110012305980,w192014,940 110009540645,2348,High Shade,3,29,102,44,51,57,43,49,94,56,55,127,103,76,44,46,44,30,53,43,10,,
940 110012305980,w192014,940 110012567049,2988,High Shade,2,25,50,48,34,17,14,19,36,26,50,42,42,68,52,30,56,19,49,29,3,,
940 110012305980,w192014,940 110012567798,w1697,High Shade,1,16,34,20,74,15,47,42,49,59,54,38,100,106,56,30,50,26,44,90,4,,
940 110012305980,w192014,940 110009539587,w192330,High Shade,10,46,38,65,57,50,57,133,62,62,73,41,58,77,47,62,39,32,52,56,10,,
940 110012305980,w192014,940 110019090749,2375,High Shade,4,42,57,36,67,43,66,43,46,75,20,12,16,8,12,,,,,,,,
940 110012305980,w192014,940 110009423244,w9536,High Shade,3,28,25,74,25,69,42,68,29,52,87,12,9,14,8,,,,,,,,
940 110012305980,w192014,940 110009539426,w1531,High Shade,12,5,5,21,46,23,21,28,45,50,62,46,141,98,60,55,34,58,44,52,6,,
940 110012305980,w192014,940 110012553605,2302,High Shade,8,20,26,29,50,23,49,24,54,73,45,113,55,157,67,25,33,32,82,43,10,,
940 110012305980,w192014,940 110012554588,2628,High Shade,36,46,48,27,25,57,16,52,103,53,34,24,67,78,43,73,29,33,120,168,34,,
940 110012305980,w192014,940 110009540190,1474,High Shade,3,10,51,27,29,34,58,38,53,62,44,33,96,109,98,43,88,55,113,93,4,,
940 110012305980,w192014,940 110009541089,2568,High Shade,,48,44,40,65,28,46,88,106,31,55,55,55,80,94,41,32,48,67,44,8,,
940 110012305980,w192014,940 110012567424,2305,High Shade,7,33,66,70,73,47,39,23,52,30,47,32,66,95,101,35,44,52,67,40,25,,
940 110012305980,w192014,940 110019090775,w192050,High Shade,,46,20,14,20,15,20,33,78,75,33,15,50,26,10,,,,,,,,
940 110012305980,w192014,940 110009538890,2550,High Shade,49,60,22,60,17,32,57,38,116,28,80,56,43,73,33,41,52,31,23,67,11,,
940 110012305980,w192014,940 110009539726,w952,High Shade,4,38,28,47,39,47,25,32,35,23,91,29,58,165,157,37,48,62,62,39,9,,
940 110012305980,w192014,940 110009422294,o77,High Shade,2,10,10,9,50,50,62,14,78,48,19,42,44,70,73,38,45,65,40,92,4,,
940 110012305980,w192014,940 110009423109,w9281,High Shade,2,26,34,23,39,37,54,37,42,50,56,37,105,91,87,34,50,39,87,44,8,,
940 110012305980,w192014,940 110019091199,w192410,High Shade,37,61,32,33,57,33,77,23,66,55,43,101,52,62,46,80,27,52,48,55,12,,
940 110012305980,w192014,940 110009541182,w192154,High Shade,3,35,15,22,58,53,13,41,44,101,25,53,95,61,49,35,41,74,26,56,10,,
940 110012305980,w192014,940 110009539379,2646,High Shade,38,41,20,2,18,92,37,35,69,99,36,48,69,69,129,40,35,56,70,57,4,,
940 110012305980,w192014,940 110019091355,2321,High Shade,1,24,42,50,28,40,42,33,35,77,50,37,111,270,120,27,37,53,88,32,8,,
940 110012305980,w192014,940 110012564961,2335,High Shade,27,33,50,61,19,11,51,25,83,43,79,105,44,40,97,50,49,46,65,61,7,,
940 110012305980,w192014,940 110012554672,y1024,High Shade,34,41,38,45,85,33,37,25,32,70,53,59,155,54,35,86,52,38,36,38,13,,
940 110012305980,w192014,940 110012564957,2622,High Shade,,11,11,49,19,52,12,26,51,34,41,24,388,81,86,47,41,40,47,62,69,,
940 110012305980,w192014,940 110019091895,2394,High Shade,35,128,66,46,73,38,13,19,38,43,44,45,36,47,67,28,88,57,56,79,9,,
940 110012305980,w192014,940 110009423044,2991,High Shade,9,16,42,16,92,29,48,34,49,108,64,51,37,124,69,41,33,39,29,75,8,,
940 110012305980,w192014,940 110009538720,3728,High Shade,3,43,60,37,50,33,25,59,46,29,13,30,92,83,55,68,55,66,38,55,73,,
940 110012305980,w192014,940 110019091927,y493,High Shade,3,26,54,41,53,28,20,22,57,66,59,79,137,155,56,77,35,51,63,127,12,,
940 110012305980,w192014,940 110012553652,w9511,High Shade,3,23,26,28,50,63,39,40,61,77,66,41,110,87,52,33,38,59,55,115,56,,
940 110012305980,w192014,940 110012554553,w961,High Shade,3,17,53,80,95,70,32,63,92,43,79,50,65,102,74,27,55,30,42,54,6,,
940 110012305980,w192014,940 110009530579,w967,High Shade,35,94,47,41,117,46,66,19,51,31,29,73,74,61,37,27,33,25,41,76,20,,
940 110012305980,w192014,940 110009540880,w897,High Shade,58,86,16,40,13,36,32,24,72,62,92,95,67,111,42,67,28,62,56,59,12,,
940 110007343200,w192386,940 110009421859,w790,High Shade,,,,,,,,,4,7,11,12,4,19,1,13,109,128,,,,,
940 110007343200,w192386,940 110009423044,2991,High Shade,14,15,8,23,38,9,50,20,35,77,31,60,14,60,14,31,75,147,,,,,
940 110007343200,w192386,940 110019090446,2987,High Shade,10,16,51,22,52,,18,48,17,32,16,21,6,17,20,40,62,8,,,,,
940 110007343200,w192386,940 110019088573,2393,High Shade,21,26,28,14,22,,30,54,53,49,17,27,52,38,44,48,109,130,,,,,
940 110007343200,w192386,940 110012566936,2358,High Shade,93,30,90,13,28,18,26,17,13,20,12,18,11,54,42,21,88,12,,,,,
940 110007343200,w192386,940 110009540229,2960,High Shade,1,24,5,17,31,836,40,62,38,14,38,10,25,23,28,22,199,11,,,,,
940 110007343200,w192386,940 110019091199,w192410,High Shade,15,35,40,36,27,35,49,25,33,76,11,53,3,4,23,49,96,26,,,,,
940 110007343200,w192386,940 110012565403,w1737,High Shade,12,48,19,24,38,5,21,19,27,35,14,91,33,20,17,37,99,144,,,,,
940 110007343200,w192386,940 110009538417,w9331,High Shade,8,33,8,13,23,35,33,220,43,27,17,35,41,48,24,16,117,26,,,,,
940 110007343200,w192386,940 110009539441,2600,High Shade,10,25,12,11,9,1,33,33,21,38,9,52,4,44,9,61,151,31,,,,,
940 110007343200,w192386,940 110012568314,2301,High Shade,14,34,35,22,91,1054,163,30,37,25,23,18,31,13,56,34,51,111,,,,,
940 110007343200,w192386,940 110019091079,2967,High Shade,7,62,29,20,53,23,29,30,19,20,12,62,10,39,12,79,79,8,,,,,
940 110007343200,w192386,940 110009540863,2709,High Shade,4,27,26,51,19,,31,21,20,43,4,133,73,31,29,28,69,55,,,,,
940 110007343200,w192386,940 110019088702,2631,High Shade,18,27,76,13,19,17,67,32,92,19,125,86,7,6,84,16,184,46,,,,,
940 110007343200,w192386,940 110009423189,2686,High Shade,21,30,2,4,58,54,13,18,16,10,19,94,33,90,7,34,90,20,,,,,
940 110007343200,w192386,940 110009422277,w1741,High Shade,49,151,12,53,30,66,41,58,16,32,12,26,12,98,106,39,95,21,,,,,
940 110007343200,w192386,940 110009540159,w192170,High Shade,11,31,36,19,26,13,22,6,5,6,5,44,2,22,49,111,54,9,,,,,
940 110007343200,w192386,940 110009539745,2535,High Shade,8,84,15,35,15,2,23,21,21,46,89,35,10,17,113,71,131,25,,,,,
940 110007343200,w192386,940 110009541187,y464,High Shade,5,16,20,24,74,,22,34,73,39,35,22,9,39,20,75,111,13,,,,,
940 110007343200,w192386,940 110012553605,2302,High Shade,5,24,28,34,25,12,58,23,58,13,29,17,59,39,12,21,87,8,,,,,
940 110007343200,w192386,940 110012567558,w229,High Shade,10,9,62,32,30,22,119,87,34,54,11,20,45,74,15,17,110,42,,,,,
940 110007343200,w192386,940 110012554299,y1053,High Shade,12,26,11,17,44,38,54,39,20,60,11,36,29,52,70,54,97,29,,,,,
940 110007343200,w192386,940 110009540606,2990,High Shade,4,19,4,19,42,,6,54,41,67,25,4,22,77,29,42,64,148,,,,,
940 110007343200,w192386,940 110009540937,2428,High Shade,2,64,15,23,53,17,19,33,55,36,17,79,18,105,28,62,81,5,,,,,
940 110007343200,w192386,940 110012568230,w192423,High Shade,10,61,24,15,17,47,43,34,27,18,18,62,14,61,20,16,60,33,,,,,
940 110007343200,w192386,940 110019089933,2364,High Shade,10,19,32,40,37,13,18,47,43,13,24,16,72,39,94,41,62,20,,,,,
940 110007343200,w192386,940 110009539746,w9563,High Shade,20,34,12,29,15,29,54,35,24,32,13,16,12,127,4,12,125,32,,,,,
940 110007343200,w192386,940 110009540041,w192163,High Shade,21,23,28,36,34,21,23,43,36,48,16,64,10,30,3,27,108,30,,,,,
940 110007343200,w192386,940 110012568040,w1749,High Shade,4,57,42,37,23,66,45,22,13,69,28,34,80,90,39,35,56,23,,,,,
940 110007343200,w192386,940 110009422175,2595,High Shade,23,17,11,34,19,1,29,35,352,67,15,48,12,105,44,48,80,6,,,,,
940 110007343200,w192386,940 110019090321,3746,High Shade,8,47,16,52,33,,41,21,127,248,34,34,17,4,19,68,187,104,,,,,
940 110007343200,w192386,940 110009423109,w9281,High Shade,10,63,30,17,47,13,62,67,61,46,58,23,8,18,9,46,125,6,,,,,
940 110007343200,w192386,940 110012564941,3762,High Shade,12,52,9,11,39,69,54,41,34,103,9,13,49,11,11,35,154,33,,,,,
940 110007343200,w192386,940 110009540280,w841,High Shade,3,9,10,280,144,25,37,36,40,53,43,3,72,62,32,19,59,46,,,,,
940 110007343200,w192386,940 110019091174,y1115,High Shade,10,58,119,21,75,23,52,23,60,58,117,93,6,59,33,103,110,93,,,,,
940 110007343200,w192386,940 110019088438,W210,High Shade,17,51,35,20,27,6,46,47,21,59,19,14,8,12,49,29,144,19,,,,,
940 110007343200,w192386,940 110009541433,w1772,High Shade,9,33,13,22,23,33,182,72,63,48,38,22,12,27,8,12,58,23,,,,,
940 110007343200,w192386,940 110009538766,w192204,High Shade,7,79,8,18,43,49,68,37,60,72,11,69,4,47,21,28,104,37,,,,,
940 110007343200,w192386,940 110019091090,3756,High Shade,3,28,5,14,31,24,46,49,36,38,172,16,25,19,81,22,86,40,,,,,
940 110007343200,w192386,940 110009423265,2965,High Shade,5,18,3,11,13,19,20,44,9,14,28,13,10,38,4,116,151,13,,,,,
940 110007343200,w192386,940 110009538890,2550,High Shade,15,30,9,25,58,39,26,61,35,45,11,70,26,92,15,32,233,71,,,,,
940 110007343200,w192386,940 110012567214,2648,High Shade,15,15,4,21,54,69,46,76,27,30,39,9,7,28,13,32,63,22,,,,,
940 110007343200,w192386,940 110009421860,w192380,High Shade,17,29,15,101,40,,9,19,15,27,26,23,10,10,31,49,83,8,,,,,
940 110007343200,w192386,940 110019092821,W1636,High Shade,3,68,32,19,17,4,28,33,48,33,53,13,4,37,33,13,275,41,,,,,
940 110007343200,w192386,940 110012567539,w1793,High Shade,12,53,25,43,24,,41,23,47,23,41,33,63,47,157,29,128,149,,,,,
940 110007343200,w192386,940 110009539963,2993,High Shade,14,34,48,9,28,,42,14,26,18,8,16,9,205,68,15,133,26,,,,,
940 110007343200,w192386,940 110009423238,2313,High Shade,7,67,31,57,47,34,13,40,57,15,43,15,47,14,20,49,43,8,,,,,
940 110007343200,w192386,940 110009422835,2510,High Shade,7,11,12,27,6,2,32,55,28,18,22,12,63,55,2,59,76,19,,,,,
940 110007343200,w192386,940 110009539147,2544,High Shade,5,34,29,60,29,28,16,21,30,54,15,22,9,88,56,207,175,23,,,,,
940 110007343200,w192386,940 110019090333,2441,High Shade,4,53,55,8,19,,52,32,31,67,27,43,22,44,9,71,69,92,,,,,
940 110007343200,w192386,940 110009539426,w1531,High Shade,9,53,47,6,81,48,67,11,32,34,23,17,25,85,25,55,140,129,,,,,
940 110007343200,w192386,940 110009539560,w1570,High Shade,12,34,28,6,16,49,16,94,71,63,18,71,20,25,29,53,40,101,,,,,
940 110007343200,w192386,940 110009422307,2681,High Shade,,,,,,,,,15,1,2,13,31,39,24,34,53,49,,,,,
940 110007343200,w192386,940 110009539749,w1774,High Shade,4,65,72,15,35,,27,24,21,10,80,11,8,44,47,61,70,30,,,,,
940 110007343200,w192386,940 110009540523,w192488,High Shade,1,42,52,27,25,,80,24,80,60,26,69,18,7,5,48,70,48,,,,,
940 110007343200,w192386,940 110009538720,3728,High Shade,15,52,18,14,17,16,49,189,20,33,19,75,13,9,29,11,93,23,,,,,
940 110007343200,w192386,940 110009540645,2348,High Shade,23,78,70,44,48,2,28,69,37,44,26,28,36,31,9,29,74,32,,,,,
940 110007343200,w192386,940 110019090059,o75,High Shade,3,23,16,152,21,,22,50,21,55,96,9,14,19,55,104,85,122,,,,,
940 110007343200,w192386,940 110012567653,3799,High Shade,10,14,5,46,88,14,25,22,64,15,7,51,23,21,59,15,132,55,,,,,
940 110007343200,w192386,940 110009423257,w192358,High Shade,10,17,23,51,34,,64,63,40,137,21,6,24,92,10,38,144,9,,,,,
940 110007343200,w192386,940 110019091991,w192246,High Shade,8,48,37,16,16,,35,31,19,58,43,42,16,21,37,77,127,16,,,,,
940 110007343200,w192386,940 110012553700,o40,High Shade,3,25,22,36,52,17,105,55,35,70,25,45,12,25,56,69,114,27,,,,,
940 110007343200,w192386,940 110019091545,3714,High Shade,3,33,55,19,51,,95,15,22,75,30,26,8,6,40,17,218,18,,,,,
940 110007343200,w192386,940 110009422294,o77,High Shade,4,75,7,45,124,,41,36,41,38,55,82,2,41,20,5,80,28,,,,,
940 110007343200,w192386,982 123539107431,2469,High Shade,5,20,30,15,95,3,20,27,100,19,53,32,72,25,1,26,136,44,,,,,
940 110007343200,w192386,940 110012568205,2891,High Shade,2,8,19,2,12,10,2,7,6,31,3,83,403,30,14,55,86,14,,,,,
940 110007343200,w192386,940 110009541595,2925,High Shade,14,34,20,61,206,26,15,48,29,53,28,31,40,79,33,63,131,14,,,,,
940 110007343200,w192386,940 110019088500,y430,High Shade,8,18,7,32,24,,8,23,14,18,22,59,26,22,28,77,38,21,,,,,
940 110007343200,w192386,940 110012567794,w9280,High Shade,3,10,16,96,20,,25,44,69,21,19,14,,24,12,36,163,15,,,,,
940 110007343200,w192386,940 110016191529,2899,High Shade,23,49,45,21,25,12,92,51,24,90,97,16,4,19,34,27,123,120,,,,,
940 110007343200,w192386,940 110009539432,2567,High Shade,5,28,53,44,35,,56,20,18,62,49,12,16,41,18,11,146,10,,,,,
940 110007343200,w192386,940 110009541504,2338,High Shade,8,14,14,12,22,28,11,12,28,29,19,31,37,24,16,16,126,40,,,,,
940 110007343200,w192386,940 110009539497,2328,High Shade,2,20,5,48,37,27,22,29,17,38,11,82,11,77,34,38,194,354,,,,,
940 110007343200,w192386,940 110009540062,w1765,High Shade,6,17,3,35,33,6,11,58,34,41,4,56,9,36,38,43,84,14,,,,,
940 110007343200,w192386,940 110009541001,w795,High Shade,5,24,62,35,31,14,7,37,108,29,9,30,12,151,44,18,74,128,,,,,
940 110007343200,w192386,940 110009541455,2464,High Shade,7,9,,65,62,29,22,22,21,36,30,12,6,88,12,43,208,45,,,,,
940 110007343200,w192386,940 110009539123,y486,High Shade,9,34,17,25,25,1,17,22,24,220,196,17,15,67,102,33,116,88,,,,,
940 110007343200,w192386,940 110009539500,2444,High Shade,19,11,2,9,67,25,16,30,16,27,33,8,44,37,5,29,61,71,,,,,
940 110007343200,w192386,940 110019091898,5399,High Shade,6,27,10,22,25,49,41,92,48,19,15,47,13,35,309,23,88,10,,,,,
940 110007343200,w192386,940 110019091269,w192143,High Shade,10,226,32,9,42,,52,43,21,38,9,97,16,14,15,16,142,26,,,,,
940 110007343200,w192386,940 110009538772,2607,High Shade,8,40,9,24,32,,42,19,15,22,26,16,32,75,32,12,159,19,,,,,
940 110007343200,w192386,940 110012566479,w757,High Shade,7,35,22,21,8,,32,20,59,21,4,49,18,102,23,24,131,32,,,,,
940 110007343200,w192386,940 110009538570,w1506,High Shade,12,36,41,81,41,,34,61,12,114,19,42,13,46,13,70,124,57,,,,,
940 110007343200,w192386,940 110009540889,2488,High Shade,8,13,8,19,69,42,25,43,18,35,27,40,85,11,13,42,113,38,,,,,
940 110007343200,w192386,940 110012554719,w1614,High Shade,12,28,73,14,43,4,52,54,26,40,478,256,35,17,16,16,86,21,,,,,
940 110007343200,w192386,940 110019092801,2922,High Shade,4,59,19,11,21,,44,55,21,41,43,12,4,25,45,47,75,69,,,,,
940 110007343200,w192386,940 110019088618,2563,High Shade,17,29,486,10,14,26,18,36,36,43,34,4,10,11,23,30,114,85,,,,,
940 110007343200,w192386,940 110009539765,w1771,High Shade,11,36,8,45,32,27,119,34,39,68,26,29,10,83,12,23,87,16,,,,,
940 110007343200,w192386,940 110019091874,2933,High Shade,11,96,44,19,24,1,17,45,27,22,19,64,9,53,56,64,194,21,,,,,
940 110007343200,w192386,940 110019090507,2590,High Shade,12,55,23,7,13,,56,10,50,20,10,18,14,32,21,15,148,25,,,,,
940 110007343200,w192386,940 110009538677,W192239,High Shade,12,117,22,84,22,,17,92,29,58,21,104,9,34,208,31,67,8,,,,,
940 110007343200,w192386,940 110009541027,2930,High Shade,8,64,50,33,55,,33,59,45,25,18,34,10,76,48,62,98,18,,,,,
940 110007343200,w192386,940 110012567125,2363,High Shade,7,22,23,25,26,2,17,19,9,44,32,16,11,27,15,82,159,22,,,,,
940 110007343200,w192386,940 110020787431,w1706,High Shade,6,28,51,83,44,17,40,34,83,87,24,8,25,33,28,69,100,47,,,,,
940 110007343200,w192386,940 110012567054,2411,High Shade,6,24,10,28,41,4,50,83,47,45,93,51,9,14,143,21,178,41,,,,,
940 110007343200,w192386,940 110009540879,w192135,High Shade,10,28,22,83,24,10,74,38,30,69,97,29,16,77,18,26,72,95,,,,,
940 110007343200,w192386,940 110012566916,2543,High Shade,13,18,50,45,163,15,30,19,40,44,13,14,27,26,17,30,66,132,,,,,
940 110007343200,w192386,940 110012553776,2571,High Shade,6,18,30,76,39,3,16,27,46,55,48,27,24,49,41,15,83,20,,,,,
940 110007343200,w192386,940 110009422880,2407,High Shade,12,17,28,21,25,,24,18,17,56,11,47,12,100,143,16,93,104,,,,,
940 110007343200,w192386,940 110009541155,2399,High Shade,5,19,48,36,32,16,18,29,8,23,57,43,305,103,13,26,68,58,,,,,
940 110007343200,w192386,940 110012564910,2461,High Shade,4,20,4,27,30,13,29,25,21,21,22,57,7,34,7,20,388,11,,,,,
940 110007343200,w192386,940 110019088661,w791,High Shade,2,43,46,60,20,,5,12,91,25,9,25,7,3,18,27,56,8,,,,,
940 110007343200,w192386,940 110012567424,2305,High Shade,19,54,53,70,12,1,62,43,30,29,58,17,9,53,14,81,92,28,,,,,
940 110007343200,w192386,940 110009541284,2323,High Shade,14,128,53,27,26,,13,95,14,24,9,10,13,9,5,42,85,10,,,,,
940 110007343200,w192386,940 110009423155,w192406,High Shade,10,25,4,25,46,12,8,52,32,71,95,27,3,85,17,23,58,6,,,,,
940 110007343200,w192386,940 110012567049,2988,High Shade,4,39,68,11,27,,19,36,12,25,15,57,5,106,14,36,80,10,,,,,
940 110007343200,w192386,940 110009539292,2958,High Shade,12,14,25,17,26,4,23,20,48,16,18,39,18,32,26,31,141,54,,,,,
940 110007343200,w192386,940 110009540852,3717,High Shade,7,61,85,14,75,29,90,14,42,25,14,34,13,64,58,109,95,76,,,,,
940 110007343200,w192386,940 110009538693,w993,High Shade,12,16,11,14,24,36,16,42,46,18,13,20,16,19,14,46,223,30,,,,,
940 110007343200,w192386,940 110009541193,w226,High Shade,21,78,23,11,28,3,40,41,96,55,19,64,5,33,8,75,51,17,,,,,
940 110007343200,w192386,940 110009540641,w765,High Shade,11,15,11,13,24,13,4,25,52,14,8,43,26,11,30,8,117,29,,,,,
940 110007343200,w192386,940 110009423023,y455,High Shade,24,28,94,48,131,2,24,39,58,63,25,106,27,111,72,30,170,27,,,,,
940 110007343200,w192386,940 110009539574,W1585,High Shade,7,61,12,41,23,,29,47,20,36,12,90,9,32,56,34,154,106,,,,,
940 110007343200,w192386,940 110012566390,2467,High Shade,20,66,13,68,38,9,8,91,69,15,3,17,33,5,27,20,36,13,,,,,
940 110007343200,w192386,940 110009540400,w192325,High Shade,6,14,3,16,37,3,17,53,15,8,21,56,57,44,13,71,112,9,,,,,
940 110007343200,w192386,940 110012565375,3744,High Shade,8,53,65,15,13,19,41,46,35,56,17,27,13,20,56,45,78,32,,,,,
940 110007343200,w192386,940 110009540112,w192218,High Shade,9,20,42,20,30,31,48,73,14,62,114,13,22,40,32,28,106,20,,,,,
940 110007343200,w192386,940 110012567022,w937,High Shade,11,80,65,41,58,,71,35,28,23,36,34,32,33,12,18,157,69,,,,,
940 110007343200,w192386,940 110012553675,w192153,High Shade,7,19,33,28,34,,23,29,35,94,19,10,13,19,77,20,145,13,,,,,
940 110007343200,w192386,940 110012554588,2628,High Shade,11,15,3,4,25,4,35,11,24,52,183,3,21,66,28,46,76,22,,,,,
940 110007343200,w192386,940 110012565425,2703,High Shade,25,64,18,13,28,43,37,66,17,33,13,10,15,99,22,52,47,29,,,,,
940 110007343200,w192386,940 110019090105,2520,High Shade,18,31,45,15,43,1,67,12,30,24,17,9,21,10,87,17,42,24,,,,,
940 110007343200,w192386,940 110019091541,2893,High Shade,8,27,30,25,26,6,20,17,22,62,23,52,5,35,39,46,79,38,,,,,
940 110007343200,w192386,940 110012554845,W192256,High Shade,7,67,36,23,80,9,69,27,38,60,6,36,33,40,43,19,69,36,,,,,
940 110007343200,w192386,940 110019090374,2365,High Shade,7,36,84,32,22,5,46,37,69,34,36,31,15,20,62,26,215,29,,,,,
940 110007343200,w192386,940 110009541586,w192277,High Shade,9,30,5,8,27,16,20,39,9,18,45,11,6,20,4,20,146,30,,,,,
940 110007343200,w192386,940 110019091053,2671,High Shade,14,32,27,13,8,2,30,15,21,25,10,57,9,12,23,15,70,63,,,,,
940 110007343200,w192386,982 123812217444,w192236,High Shade,7,13,20,7,44,8,31,13,114,26,45,5,41,14,11,33,174,6,,,,,
940 110007343200,w192386,940 110012567887,2650,High Shade,15,66,23,15,58,4,52,63,36,42,37,49,28,42,24,49,97,17,,,,,
940 110007343200,w192386,940 110019090379,w1785,High Shade,8,153,104,8,12,,44,22,27,39,39,20,3,74,6,18,55,16,,,,,
940 110007343200,w192386,940 110019089911,2038,High Shade,7,19,44,61,16,1,20,44,46,25,41,17,10,58,21,45,225,126,,,,,
940 110007343200,w192386,940 110009539063,w221,High Shade,22,30,11,26,40,38,58,54,178,278,12,48,77,24,11,27,61,44,,,,,
940 110007343200,w192386,940 110019091927,y493,High Shade,8,16,12,35,35,2,11,60,28,44,29,23,46,76,85,57,135,150,,,,,
940 110007343200,w192386,940 110009539600,o22,High Shade,10,32,8,4,45,2,5,26,26,50,34,43,23,20,16,37,415,41,,,,,
940 110007343200,w192386,940 110009541457,y449,High Shade,11,15,10,20,26,26,51,26,25,29,35,14,9,23,29,8,59,25,,,,,
940 110007343200,w192386,940 110009423145,w192150,High Shade,28,55,108,18,56,25,27,45,25,79,58,3,37,63,69,23,105,52,,,,,
940 110007343200,w192386,940 110009541731,o41,High Shade,5,13,20,39,20,,31,30,38,38,12,38,11,54,42,22,79,38,,,,,
940 110007343200,w192386,940 110019089807,w773,High Shade,7,34,45,22,54,,38,27,67,60,37,14,11,27,66,55,150,27,,,,,
940 110007343200,w192386,940 110009540892,2373,High Shade,9,33,35,25,145,30,24,35,33,25,11,46,19,10,41,83,407,55,,,,,
940 110007343200,w192386,940 110012566714,3750,High Shade,7,19,1,44,77,16,59,74,106,60,49,13,60,54,19,53,112,33,,,,,
940 110007343200,w192386,940 110009539732,2639,High Shade,9,46,28,46,19,,31,117,62,24,80,43,17,38,9,74,126,11,,,,,
940 110007343200,w192386,940 110009540691,2018,High Shade,8,42,42,23,14,,29,36,12,38,21,26,10,38,7,22,102,34,,,,,
940 110007343200,w192386,940 110009422291,2900,High Shade,27,28,22,12,17,18,26,28,17,44,20,81,13,13,120,13,111,189,,,,,
940 110007343200,w192386,940 110019090490,2627,High Shade,6,50,74,17,21,2,22,57,44,19,67,29,1,35,24,52,137,229,,,,,
940 110007343200,w192386,940 110009540880,w897,High Shade,7,11,36,25,31,47,18,26,27,50,3,8,37,63,45,78,151,9,,,,,
940 110007343200,w192386,940 110012565868,2952,High Shade,5,35,32,23,33,6,16,17,22,43,7,27,8,23,2,33,62,15,,,,,
940 110007343200,w192386,940 110009539582,2602,High Shade,10,23,7,40,20,98,37,59,33,36,23,18,72,23,14,11,106,12,,,,,
940 110007343200,w192386,940 110009541461,2621,High Shade,10,27,11,62,26,9,33,69,78,61,47,68,5,51,21,128,147,22,,,,,
940 110007343200,w192386,940 110009539701,w192055,High Shade,10,8,32,17,45,8,50,24,24,125,109,14,16,93,33,28,110,10,,,,,
940 110007343200,w192386,940 110009541618,2559,High Shade,6,15,6,16,54,40,31,77,34,26,17,29,30,62,7,34,45,44,,,,,
940 110007343200,w192386,940 110009539186,2625,High Shade,6,33,18,21,50,,77,15,83,65,126,9,12,61,29,36,39,27,,,,,
940 110007343200,w192386,940 110009538652,2574,High Shade,9,19,3,24,34,17,17,28,25,17,15,72,22,28,32,13,103,27,,,,,
940 110007343200,w192386,940 110012566735,2934,High Shade,15,58,23,18,13,20,62,86,13,37,56,8,22,47,98,24,167,11,,,,,
940 110007343200,w192386,940 110012554672,y1024,High Shade,13,29,23,45,16,,20,28,74,29,11,89,25,23,17,132,164,18,,,,,
940 110007343200,w192386,940 110019091360,2937,High Shade,3,49,72,40,14,31,38,24,29,53,28,19,24,159,94,57,37,38,,,,,
940 110007343200,w192386,940 110011991139,2653,High Shade,,4,,,,,,,17,42,5,10,99,15,4,21,129,19,,,,,
940 110007343200,w192386,940 110009540731,2713,High Shade,12,78,43,25,11,33,20,55,20,24,23,28,26,16,37,21,108,21,,,,,
940 110007343200,w192386,940 110009541182,w192154,High Shade,17,33,15,19,32,2,22,32,15,53,186,53,9,43,24,99,104,21,,,,,
940 110007343200,w192386,940 110012567632,5361,High Shade,25,42,6,11,41,48,24,28,21,56,16,15,33,81,51,31,46,13,,,,,
940 110007343200,w192386,940 110009541089,2568,High Shade,14,43,35,9,24,,25,34,14,43,42,44,15,20,60,39,122,47,,,,,
940 110007343200,w192386,940 110009540994,w192561,High Shade,8,49,24,283,41,14,34,38,53,47,45,54,30,61,43,38,137,72,,,,,
940 110007343200,w192386,940 110012567203,2537,High Shade,8,23,403,345,57,17,35,28,28,39,82,8,59,14,23,31,213,9,,,,,
940 110007343200,w192386,940 110009541435,2979,High Shade,16,31,15,131,20,30,55,42,36,75,14,44,5,75,61,39,75,91,,,,,
940 110007343200,w192386,940 110012553652,w9511,High Shade,25,63,57,25,17,,30,42,69,63,26,87,16,48,23,21,139,9,,,,,
940 110007343200,w192386,940 110012554433,y474,High Shade,6,29,65,37,86,31,55,22,18,420,56,16,19,70,6,63,32,95,,,,,
940 110007343200,w192386,940 110009539288,w192212,High Shade,9,30,43,15,31,,37,51,36,75,25,28,8,79,35,7,70,57,,,,,
940 110007343200,w192386,940 110019090030,2629,High Shade,4,20,245,409,35,40,29,10,126,40,17,22,57,35,43,82,85,11,,,,,
940 110007343200,w192386,940 110019091890,y460,High Shade,15,45,29,28,29,,54,20,70,14,59,49,30,17,20,83,111,33,,,,,
940 110007343200,w192386,940 110009539164,2924,High Shade,6,33,30,14,24,,10,57,67,88,102,121,19,73,29,81,107,71,,,,,
940 110007343200,w192386,940 110009540290,2327,High Shade,3,18,12,6,12,2,6,38,61,23,61,23,10,84,18,31,233,14,,,,,
940 110007343200,w192386,940 110009540162,2433,High Shade,8,33,7,59,28,,40,14,26,55,128,72,7,28,81,25,129,49,,,,,
940 110007343200,w192386,940 110009541259,3758,High Shade,7,19,13,46,100,35,26,35,23,62,34,60,16,34,13,66,123,49,,,,,
940 110007343200,w192386,940 110012554553,w961,High Shade,10,73,23,13,29,14,11,53,164,86,101,59,64,94,24,27,116,38,,,,,
940 110007343200,w192386,940 110009530579,w967,High Shade,12,53,40,28,230,44,41,26,27,18,9,11,16,52,35,29,147,35,,,,,
940 110007343200,w192386,940 110009539267,y444,High Shade,9,34,66,30,23,,26,26,454,334,10,22,32,76,38,25,53,61,,,,,
940 110007343200,w192386,940 110009539379,2646,High Shade,31,24,39,55,19,34,24,33,105,62,57,61,71,93,26,40,95,15,,,,,
940 110007343200,w192386,940 110009539523,2303,High Shade,6,25,14,24,12,,9,71,38,13,18,55,10,27,11,25,57,14,,,,,
940 110007343200,w192386,940 110009540131,2640,High Shade,2,72,48,40,40,32,126,109,10,9,35,23,5,64,4,37,91,8,,,,,
940 110007343200,w192386,940 110009539215,w979,High Shade,3,22,14,14,44,20,17,19,19,27,32,550,17,78,43,19,127,13,,,,,
940 110007343200,w192386,940 110019091895,2394,High Shade,15,28,26,9,22,4,63,19,67,54,18,23,30,43,20,88,134,13,,,,,
940 110007343200,w192386,940 110019090103,w192008,High Shade,11,40,21,20,56,3,79,38,62,16,9,27,6,28,43,92,117,22,,,,,
940 110007343200,w192386,940 110012568291,y434,High Shade,13,88,10,18,18,11,49,37,13,37,22,16,37,40,16,31,104,29,,,,,
940 110007343200,w192386,940 110009539587,w192330,High Shade,15,26,29,14,15,,189,51,32,57,38,60,18,12,14,37,110,56,,,,,
940 110007343200,w192386,940 110012553789,2610,High Shade,16,32,6,16,45,62,31,79,50,52,68,72,18,51,22,31,139,27,,,,,
940 110007343200,w192386,940 110019091049,2418,High Shade,11,45,40,18,17,15,37,31,34,87,26,77,15,11,39,15,181,53,,,,,
940 110007343200,w192386,940 110009540147,w1637,High Shade,3,6,26,41,23,,65,53,33,19,19,55,42,18,18,28,132,83,,,,,
940 110007343200,w192386,940 110019091521,2350,High Shade,13,33,29,40,24,,72,15,10,17,41,23,19,20,51,20,58,151,,,,,
940 110007343200,w192386,940 110012554501,2717,High Shade,11,66,24,26,32,1,20,89,33,33,8,17,9,66,10,8,161,50,,,,,
940 110007343200,w192386,940 110009422302,2616,High Shade,10,16,10,28,31,24,88,26,40,78,28,13,43,77,36,42,127,29,,,,,
940 110007343200,w192386,940 110009538502,w1763,High Shade,15,22,35,33,26,,32,71,40,105,38,8,274,38,25,24,111,25,,,,,
940 110007343200,w192386,940 110012565444,w1512,High Shade,13,61,49,33,45,1,15,70,86,37,16,14,18,15,35,59,124,58,,,,,
940 110007343200,w192386,940 110009538623,2554,High Shade,5,33,17,36,57,3,74,62,29,34,30,3,57,75,29,13,79,138,,,,,
940 110007343200,w192386,940 110009539443,W1695,High Shade,14,34,15,10,23,6,58,42,36,100,69,12,33,25,38,20,124,114,,,,,
940 110007343200,w192386,940 110012566730,w192152,High Shade,6,42,124,9,65,51,42,51,35,10,39,8,14,61,49,89,292,82,,,,,
940 110007343200,w192386,940 110009538900,2659,High Shade,5,202,13,30,31,19,32,44,87,57,29,16,15,32,35,30,92,80,,,,,
940 110007343200,w192386,940 110009539846,y448,High Shade,,,,,,,,,6,3,1,40,14,14,7,37,101,53,,,,,
940 110007343200,w192386,940 110012564957,2622,High Shade,13,42,23,27,72,12,18,32,35,30,30,59,37,81,57,49,113,97,,,,,
940 110007343200,w192386,940 110012567143,w1640,High Shade,6,30,59,34,43,10,111,75,41,35,16,17,31,56,80,22,103,98,,,,,
940 110007343200,w192386,940 110009539995,w213,High Shade,8,174,37,49,86,46,45,46,65,31,37,28,3,92,36,17,54,64,,,,,
940 110007343200,w192386,940 110012566557,2688,High Shade,5,42,42,10,24,17,58,127,32,51,11,22,18,27,34,30,51,20,,,,,
940 110007343200,w192386,940 110009538743,2023,High Shade,3,48,24,22,31,4,15,15,10,28,27,46,32,21,9,28,158,43,,,,,
940 110007343200,w192386,940 110009539721,w9513,High Shade,7,32,19,35,18,3,17,65,57,83,493,73,21,44,18,43,83,26,,,,,
940 110007343200,w192386,940 110009539113,2423,High Shade,9,28,16,19,16,17,18,107,34,22,13,11,16,54,30,18,66,26,,,,,
940 110007343200,w192386,940 110009538774,2384,High Shade,12,19,7,55,19,27,31,53,33,12,13,83,15,40,41,36,142,178,,,,,
940 110007343200,w192386,940 110019090459,2626,High Shade,8,41,34,38,33,40,37,24,40,50,190,16,40,19,74,31,92,17,,,,,
940 110007343200,w192386,940 110012565433,2674,High Shade,7,11,24,62,56,16,26,27,33,38,111,11,12,14,44,33,128,55,,,,,
940 110007343200,w192386,940 110009540630,2969,High Shade,32,56,9,65,20,,11,40,31,41,11,12,10,162,16,42,116,34,,,,,
940 110007343200,w192386,940 110009538571,2395,High Shade,7,44,19,37,27,22,13,22,61,10,18,68,14,651,244,30,134,14,,,,,
940 110007343200,w192386,940 110019091513,w192087,High Shade,8,70,61,34,21,,17,25,23,37,52,6,4,16,39,49,171,6,,,,,
940 110007343200,w192386,940 110012554843,w1552,High Shade,11,54,75,25,41,37,26,62,40,38,19,11,101,31,14,44,72,27,,,,,
940 110007343200,w192386,940 110009423166,2963,High Shade,10,41,14,29,39,16,30,39,53,63,21,8,12,67,15,43,120,46,,,,,
940 110007343200,w192386,940 110012568096,2620,High Shade,3,12,3,13,43,41,46,45,58,42,12,82,72,25,17,54,153,25,,,,,
940 110007343200,w192386,940 110019091355,2321,High Shade,9,18,37,24,29,2,60,22,23,24,18,10,46,70,79,27,112,12,,,,,
940 110007343200,w192386,940 110012564961,2335,High Shade,3,31,48,41,27,27,28,26,16,57,16,9,32,21,7,52,96,135,,,,,
940 110007343200,w192386,940 110012554714,w192377,High Shade,2,40,52,18,33,1,54,35,12,28,22,13,64,8,67,26,102,8,,,,,
940 110007343200,w192386,940 110009421864,o27,High Shade,9,75,27,23,15,13,47,28,46,32,14,13,13,76,65,19,101,10,,,,,
940 110007343200,w192386,940 110009423220,o24,High Shade,7,20,18,69,44,,34,47,35,29,52,85,14,47,59,32,98,10,,,,,
940 110007343200,w192386,940 110009540190,1474,High Shade,23,8,6,34,17,37,24,53,31,18,19,26,18,264,26,22,106,225,,,,,
940 110007343200,w192386,940 110009541679,w1661,High Shade,4,13,20,44,97,32,27,25,23,15,80,4,37,59,11,46,202,44,,,,,
940 110007343200,w192386,940 110012554266,w1645,High Shade,11,11,20,25,37,25,37,24,34,46,42,36,40,152,30,35,53,24,,,,,
940 110007343200,w192386,940 110012566822,w192004,High Shade,4,47,19,92,124,4,29,26,6,41,14,10,25,21,9,64,132,7,,,,,
940 110007343200,w192386,940 110019091371,w1756,High Shade,4,77,36,17,16,54,40,51,39,52,7,11,27,73,13,47,82,25,,,,,
940 110007343200,w192386,940 110009538722,3753,High Shade,7,32,79,24,18,15,62,69,44,82,22,150,127,136,20,14,193,97,,,,,
940 110007343200,w192386,940 110009541521,2613,High Shade,11,73,25,32,39,8,12,43,32,24,28,12,17,96,45,72,138,18,,,,,
940 110007343200,w192386,940 110009423176,2451,High Shade,3,27,62,79,92,22,37,23,72,38,66,19,24,111,80,26,141,98,,,,,
940 110007343200,w192386,940 110012566863,y472,High Shade,10,31,6,17,64,26,53,41,26,25,19,11,31,47,6,30,205,16,,,,,
940 110007343200,w192386,940 110009541526,y428,High Shade,8,20,25,30,31,10,24,22,39,76,7,14,5,380,426,32,46,52,,,,,
940 110007343200,w192386,940 110009539726,w952,High Shade,6,46,58,51,92,,61,74,43,54,18,30,51,99,20,14,88,16,,,,,
940 110007343200,w192386,940 110009541103,w192002,High Shade,5,40,21,26,55,28,16,20,12,21,186,26,35,74,2,19,100,13,,,,,
940 110007343200,w192386,940 110019088685,2931,High Shade,8,46,26,19,20,,55,25,18,49,15,11,14,17,90,28,84,33,,,,,
940 110007343200,w192386,940 110012567392,w192006,High Shade,15,44,65,48,27,,11,39,54,49,29,8,34,38,8,74,37,26,,,,,
940 110007343200,w192386,940 110019091854,w192180,High Shade,12,39,116,49,63,18,45,59,54,49,33,13,2,9,23,26,148,20,,,,,
940 110007343200,w192386,940 110019091342,y450,High Shade,2,34,30,22,40,,73,31,16,44,9,64,8,25,30,51,134,18,,,,,
940 110007343200,w192386,940 110012567798,w1697,High Shade,7,38,32,79,66,18,12,51,28,52,52,73,30,25,24,30,108,41,,,,,
940 110012305918,o38,940 110012567028,w1683,No Shade,,,,,,,,,5,24,89,12,,,,68,47,36,72,54,59,25,
940 110012305918,o38,940 110012553568,2974,No Shade,,,,,,,,,10,10,9,15,,,,33,23,19,39,41,22,28,
940 110012305918,o38,940 110009539831,2331,No Shade,,,,,,,,,16,18,18,11,,,,88,49,21,50,27,37,30,
940 110012305918,o38,940 110019091379,3749,No Shade,,,,,,,,,20,19,5,20,,,,71,80,40,73,33,105,64,
940 110012305918,o38,940 110012567070,w192145,No Shade,,,,,,,,,13,17,5,52,,,,46,68,39,21,20,95,85,
940 110012305918,o38,940 110012565400,w192463,No Shade,,,,,,,,,10,10,8,60,,,,81,24,167,39,39,168,62,
940 110007343200,w192386,940 110012554375,2351,High Shade,8,39,11,60,36,20,19,45,18,18,22,3,10,9,3,,,,,,,,
940 110007343200,w192386,940 110019090775,w192050,High Shade,8,34,58,7,29,9,22,30,138,23,51,73,1,14,4,,,,,,,,
940 110007343200,w192386,940 110019091445,2664,High Shade,20,55,48,5,25,,64,28,51,67,6,5,2,19,6,,,,,,,,
940 110007343200,w192386,940 110009538653,2658,High Shade,8,12,54,27,35,2,52,24,9,10,7,16,6,4,3,,,,,,,,
940 110007343200,w192386,940 110012554675,2570,High Shade,5,29,11,7,29,40,21,64,3,26,2,17,6,1,3,,,,,,,,
940 110007343200,w192386,940 110019091443,w9534,High Shade,13,36,14,22,20,3,56,20,17,9,22,25,3,6,10,,,,,,,,
940 110007343200,w192386,940 110009422297,2376,High Shade,10,9,10,25,17,,18,63,19,48,12,4,1,21,5,,,,,,,,
940 110007343200,w192386,940 110019090024,w192382,High Shade,5,33,36,19,23,12,45,20,63,28,54,2,2,7,7,,,,,,,,
940 110007343200,w192386,940 110019091352,w192172,High Shade,5,20,36,32,48,,12,26,37,46,79,7,7,18,5,,,,,,,,
940 110007343200,w192386,940 110009539425,2619,High Shade,7,31,10,8,37,26,16,96,43,37,39,41,4,3,11,,,,,,,,
940 110007343200,w192386,940 110009538885,w9333,High Shade,17,15,21,20,19,34,44,157,403,9,20,4,1,21,7,,,,,,,,
940 110007343200,w192386,940 110019090749,2375,High Shade,14,97,34,30,28,1,83,40,31,16,19,17,2,8,10,,,,,,,,
940 110007343200,w192386,940 110009423244,w9536,High Shade,9,9,9,13,12,26,15,55,23,65,12,15,2,7,2,,,,,,,,
940 110012305651,w192591,982 123812217553,2400,No Shade,11,17,78,43,19,59,42,31,53,69,70,16,,,,24,33,66,18,98,6,,
940 110012305651,w192591,940 110019088701,w192313,No Shade,9,20,9,38,20,53,34,12,33,41,60,48,,,,70,41,68,125,53,5,,
940 110012305651,w192591,940 110009540316,2033,No Shade,15,74,39,42,40,33,26,31,50,34,20,26,,,,29,40,42,32,67,7,,
940 110012305651,w192591,940 110009422824,y447,No Shade,23,31,47,85,13,26,23,23,47,67,78,177,,,,46,86,48,26,45,8,,
940 110012305651,w192591,940 110019092805,w1664,No Shade,1,20,4,22,32,27,29,61,17,92,159,28,,,,42,38,15,71,42,2,,
940 110012305651,w192591,940 110009539115,2583,No Shade,14,52,26,25,24,41,45,9,66,25,134,79,,,,50,67,41,28,42,6,,
940 110012305651,w192591,940 110009538750,2534,No Shade,13,51,29,53,43,48,367,65,107,47,81,65,,,,42,49,45,86,149,6,,
940 110012305651,w192591,940 110019091368,2637,No Shade,13,39,29,49,14,14,17,9,44,53,40,49,,,,13,77,100,88,26,21,,
940 110012305651,w192591,940 110012567072,2035,No Shade,63,69,21,71,29,11,37,96,34,17,15,106,,,,9,24,18,29,25,6,,
940 110012305651,w192591,940 110012566439,w192249,No Shade,10,24,21,38,465,34,25,31,19,37,92,114,,,,52,45,49,88,56,2,,
940 110012305651,w192591,940 110012568263,w1624,No Shade,11,50,32,30,50,63,31,52,58,57,71,26,,,,20,62,51,66,34,5,,
940 110012305651,w192591,940 110009539378,3798,No Shade,13,40,36,67,48,30,37,29,55,66,87,992,,,,,,,,,,,
940 110012305651,w192591,940 110009539903,w192012,No Shade,10,27,34,43,44,16,21,34,34,106,61,37,,,,20,55,48,56,41,20,,
940 110012305651,w192591,940 110019090667,w1622,No Shade,9,42,46,20,27,44,41,8,40,25,31,25,,,,18,56,25,29,56,3,,
940 110012305651,w192591,940 110012567833,w281,No Shade,13,37,22,111,34,35,46,41,37,43,109,62,,,,31,60,61,57,91,7,,
940 110012305651,w192591,940 110012553844,2970,No Shade,9,14,26,24,44,23,99,61,28,27,25,50,,,,25,42,48,278,58,4,,
940 110012305651,w192591,940 110012566988,w1726,No Shade,3,29,28,50,16,16,41,37,28,36,31,57,,,,305,39,84,33,39,7,,
940 110012305651,w192591,940 110009540648,w744,No Shade,16,38,44,25,46,82,16,48,15,21,27,12,,,,,,,,,,,
940 110012305651,w192591,940 110009423261,2633,No Shade,18,23,22,21,15,11,10,67,8,17,35,88,,,,72,190,137,44,33,,,
940 110012305651,w192591,940 110009539369,2490,No Shade,6,40,28,73,75,146,38,61,60,65,142,60,,,,37,109,53,79,143,3,,
940 110012305651,w192591,940 110009539082,2479,No Shade,53,51,25,36,28,13,24,18,32,32,59,137,,,,56,51,125,155,32,15,,
940 110012305651,w192591,940 110009538428,w1612,No Shade,10,26,17,59,31,38,77,122,81,66,82,45,,,,43,67,91,54,66,42,,
940 110012305651,w192591,940 110009538608,w192160,No Shade,13,4,18,19,31,17,43,46,44,16,57,5,,,,,,,,,,,
940 110012305651,w192591,940 110012554559,w9330,No Shade,17,28,16,,,,,,4,1,20,12,,,,81,40,59,39,25,7,,
940 110012305651,w192591,940 110012566899,w9537,No Shade,1,7,13,17,21,52,16,14,228,160,21,35,,,,44,19,43,15,49,,,
940 110012305651,w192591,940 110009541497,2667,No Shade,68,29,21,51,70,24,37,53,56,52,131,41,,,,55,46,65,48,37,20,,
940 110012305651,w192591,940 110009540871,2528,No Shade,10,35,18,45,25,36,41,50,142,105,110,32,,,,60,72,48,61,60,8,,
940 110012305651,w192591,940 110009538619,3736,No Shade,9,54,19,9,174,25,24,17,77,22,46,94,,,,25,22,91,35,57,10,,
940 110012305651,w192591,940 110012565591,2684,No Shade,17,27,16,21,21,33,14,46,61,20,61,702,,,,2,,,,,,,
940 110012305651,w192591,940 110009541538,w192278,No Shade,9,15,19,27,87,22,22,29,46,36,11,34,,,,34,42,62,53,37,182,,
940 110012305651,w192591,940 110009538666,w986,No Shade,18,23,20,8,35,43,47,24,42,9,92,118,,,,36,38,82,75,247,15,,
940 110012305651,w192591,940 110009540453,2371,No Shade,7,19,28,34,19,26,22,17,35,21,46,55,,,,38,25,28,68,32,4,,
940 110012305651,w192591,940 110009538631,2316,No Shade,9,23,42,17,55,59,21,17,63,45,85,52,,,,36,66,29,50,72,4,,
940 110012305651,w192591,940 110009423027,2542,No Shade,7,54,25,55,27,36,42,84,48,47,92,158,,,,30,366,498,51,89,19,,
940 110012305651,w192591,940 110009539843,2439,No Shade,9,55,27,28,25,17,23,41,32,40,58,59,,,,40,46,176,55,94,2,,
940 110012305651,w192591,940 110019089913,3715,No Shade,6,88,39,32,28,28,53,41,51,37,75,77,,,,42,58,32,216,274,10,,
940 110012305651,w192591,940 110009539785,y1077,No Shade,2,25,37,79,37,26,31,61,76,50,43,155,,,,30,42,58,43,49,26,,
940 110012305651,w192591,940 110009538648,w923,No Shade,14,41,28,38,31,305,248,35,62,42,58,21,,,,47,51,55,77,34,4,,
940 110012305651,w192591,940 110009540172,w9277,No Shade,9,28,32,64,34,72,13,73,37,44,18,13,,,,,,,,,,,
940 110012305651,w192591,940 110009538450,w9279,No Shade,10,34,39,139,23,39,32,43,67,42,78,56,,,,42,37,57,75,54,3,,
940 110012305651,w192591,940 110012565638,w1549,No Shade,70,15,55,43,38,18,5,27,42,13,98,99,,,,17,17,34,83,36,4,,
940 110012305651,w192591,940 110012566852,2669,No Shade,22,16,28,26,29,23,27,58,41,14,23,4,,,,,,,,,,,
940 110012305651,w192591,940 110009538656,w1597,No Shade,7,25,39,54,20,45,18,27,111,33,72,130,,,,60,83,97,105,69,33,,
940 110012305651,w192591,940 110009539851,w192094,No Shade,9,54,41,72,55,40,27,34,38,38,132,76,,,,66,71,47,29,62,8,,
940 110012305651,w192591,940 110012567439,3763,No Shade,10,22,99,22,67,15,25,11,21,10,182,207,,,,29,131,65,92,39,9,,
940 110012305651,w192591,940 110009540403,w192579,No Shade,6,20,38,14,21,19,14,40,240,877,163,50,,,,70,66,40,81,48,10,,
940 110012305651,w192591,940 110009539003,w768,No Shade,6,21,24,25,48,19,26,43,54,18,43,224,,,,34,31,85,58,33,3,,
940 110012305651,w192591,940 110009539138,2391,No Shade,16,25,37,45,38,13,40,6,39,49,96,58,,,,34,274,47,36,36,,,
940 110012305651,w192591,940 110009538618,w1544,No Shade,4,10,12,10,10,14,8,10,30,40,94,21,,,,18,9,54,37,238,2,,
940 110012305651,w192591,940 110012554703,2343,No Shade,13,48,43,42,58,53,27,43,57,36,40,28,,,,56,23,28,69,180,6,,
940 110012305651,w192591,940 110009539357,w1707,No Shade,5,23,25,18,45,10,50,7,48,62,40,45,,,,41,32,89,69,30,3,,
940 110012305651,w192591,940 110009422169,2380,No Shade,3,22,30,45,39,17,49,38,24,40,49,46,,,,,,,,,,,
940 110012305651,w192591,940 110019090739,2950,No Shade,3,29,19,69,39,17,32,17,51,19,182,85,,,,81,59,24,61,38,2,,
940 110012305651,w192591,940 110012554430,2644,No Shade,8,30,47,42,12,10,14,18,24,17,65,18,,,,16,62,67,110,33,77,,
940 110012305651,w192591,940 110009540303,2928,No Shade,14,22,21,116,28,20,55,27,65,69,62,33,,,,59,53,63,30,60,138,,
940 110012305651,w192591,940 110019090431,2344,No Shade,10,35,22,30,15,29,32,20,40,26,877,208,,,,53,70,38,62,112,6,,
940 110012305651,w192591,940 110009539429,y1074,No Shade,8,47,35,59,27,30,39,48,55,33,78,11,,,,78,55,55,67,39,3,,
940 110012305651,w192591,940 110012553725,w789,No Shade,9,18,64,51,30,22,60,19,33,86,59,70,,,,22,54,57,115,90,1,,
940 110012305651,w192591,940 110009540097,w192081,No Shade,5,18,24,28,49,13,32,17,6,26,39,40,,,,18,72,20,34,48,3,,
940 110012305651,w192591,940 110009538934,2714,No Shade,10,31,16,26,25,21,32,30,25,21,41,53,,,,50,30,98,49,45,8,,
940 110012305651,w192591,940 110009538594,2689,No Shade,6,37,22,18,39,39,20,35,36,39,40,17,,,,226,74,22,42,64,65,,
940 110012305651,w192591,940 110012553817,w1797,No Shade,6,30,73,35,37,20,29,47,17,32,22,347,,,,18,22,37,101,58,1,,
940 110012305651,w192591,940 110009539841,w287,No Shade,6,43,26,23,38,31,11,15,36,46,23,21,,,,22,44,33,60,13,8,,
940 110012305651,w192591,940 110019089989,2557,No Shade,8,15,72,31,18,16,30,36,20,26,235,118,,,,41,55,171,34,58,16,,
940 110012305651,w192591,940 110009541057,2953,No Shade,10,18,35,35,53,31,24,31,36,27,1338,41,,,,60,31,35,29,76,142,,
940 110012305651,w192591,940 110009540770,w1751,No Shade,8,30,22,35,17,37,12,29,47,41,60,485,,,,46,55,19,61,49,54,,
940 110012305651,w192591,940 110009540560,w784,No Shade,13,7,23,38,49,24,18,31,19,21,61,31,,,,25,42,35,35,35,5,,
940 110012305651,w192591,940 110019090350,w192043,No Shade,4,50,20,52,20,14,23,40,28,35,64,15,,,,53,52,64,30,38,43,,
940 110012305651,w192591,940 110012553575,w192108,No Shade,12,25,37,12,36,14,38,32,16,15,23,13,,,,,,,,,,,
940 110012305651,w192591,940 110009538497,2459,No Shade,6,25,22,13,130,364,25,18,42,48,20,105,,,,31,38,59,34,56,112,,
940 110012305651,w192591,940 110009423147,2680,No Shade,12,26,43,69,23,27,28,53,206,24,32,37,,,,33,38,39,79,52,32,,
940 110012305651,w192591,940 110019088662,2921,No Shade,4,49,17,40,16,34,26,11,23,129,118,16,,,,,,,,,,,
940 110012305651,w192591,940 110009423180,2382,No Shade,15,54,31,131,30,24,75,13,73,72,37,112,,,,52,64,42,77,69,16,,
940 110012305651,w192591,940 110019088585,2496,No Shade,11,26,47,15,26,25,29,33,23,160,225,23,,,,48,79,87,33,25,12,,
940 110012305651,w192591,940 110019089959,2711,No Shade,21,45,71,68,52,25,33,61,90,45,80,58,,,,34,59,50,20,54,7,,
940 110012305651,w192591,940 110009539773,3741,No Shade,14,34,39,62,30,75,21,48,39,30,154,316,,,,28,37,76,40,126,10,,
940 110012305651,w192591,940 110012554102,y1028,No Shade,17,30,21,17,37,22,6,43,28,33,157,64,,,,65,38,74,104,99,68,,
940 110012305651,w192591,940 110019091247,2346,No Shade,12,17,32,28,51,19,15,59,59,23,127,85,,,,96,70,77,60,38,5,,
940 110012305651,w192591,940 110009541593,2533,No Shade,8,43,38,41,27,37,28,29,77,73,149,27,,,,52,71,56,31,90,8,,
940 110012305651,w192591,940 110009538728,w192503,No Shade,1,21,20,44,27,48,67,51,34,17,66,32,,,,42,79,27,42,38,7,,
940 110012305651,w192591,940 110012565516,w1673,No Shade,9,24,22,33,53,33,19,21,40,316,312,142,,,,30,89,55,26,32,,,
940 110012305651,w192591,940 110009538415,w9559,No Shade,3,27,21,21,47,31,20,46,46,85,59,43,,,,12,80,49,81,45,5,,
940 110012305651,w192591,940 110019088447,w723,No Shade,11,42,31,53,39,36,66,21,29,31,149,53,,,,73,41,49,105,67,6,,
940 110012305651,w192591,940 110009538770,y470,No Shade,15,19,20,17,43,42,7,12,12,4,32,484,,,,44,41,48,30,58,8,,
940 110012305651,w192591,940 110019090286,2591,No Shade,18,37,20,63,26,19,90,47,67,38,36,119,,,,41,216,37,83,72,10,,
940 110012305651,w192591,940 110019088419,w192215,No Shade,13,15,20,29,45,14,31,24,129,346,38,19,,,,62,68,56,52,28,26,,
940 110012305651,w192591,940 110012567361,2420,No Shade,5,15,21,22,24,16,16,38,84,737,68,22,,,,28,29,26,27,48,153,,
940 110012305651,w192591,940 110009422194,w1689,No Shade,7,15,10,29,29,17,25,21,105,25,52,1517,,,,28,57,32,57,122,92,,
940 110012305651,w192591,940 110009540395,y443,No Shade,16,26,44,18,56,128,3,20,9,6,66,11,,,,,,,,,,,
940 110012305651,w192591,940 110009540104,w192120,No Shade,15,31,19,26,31,49,55,24,42,37,75,51,,,,49,89,73,83,121,15,,
940 110012305651,w192591,940 110009539590,2939,No Shade,5,35,21,31,30,24,42,334,96,65,123,54,,,,27,28,33,67,34,3,,
940 110012305651,w192591,940 110019088542,3737,No Shade,6,21,35,15,29,24,29,27,24,33,37,23,,,,25,33,109,21,79,2,,
940 110012305651,w192591,940 110016191551,2707,No Shade,12,494,41,90,18,31,22,66,55,58,57,19,,,,34,71,43,32,90,78,,
940 110012305651,w192591,940 110009539352,y1005,No Shade,15,50,70,33,71,20,27,45,34,30,105,44,,,,38,60,49,33,27,202,,
940 110012305651,w192591,940 110009539563,y1060,No Shade,10,32,18,26,41,14,22,24,29,38,28,129,,,,44,39,20,81,39,4,,
940 110012305651,w192591,940 110019088430,2515,No Shade,6,15,22,36,6,50,41,23,23,14,39,67,,,,15,33,,,,,,
940 110012305651,w192591,940 110009539365,w1721,No Shade,11,3,48,57,50,19,24,35,36,15,70,51,,,,,,,,,,,
940 110012305651,w192591,940 110012565593,w192587,No Shade,12,16,63,19,27,11,88,21,35,23,37,145,,,,34,312,208,61,130,74,,
940 110012305651,w192591,940 110012566524,w1547,No Shade,7,39,67,102,13,45,31,59,34,33,50,99,,,,64,88,99,48,65,90,,
940 110012305651,w192591,940 110009538776,w978,No Shade,9,20,35,26,33,68,41,21,40,30,139,46,,,,19,43,42,37,36,19,,
940 110012305651,w192591,940 110009539504,2696,No Shade,8,64,45,26,27,38,32,36,39,36,32,17,,,,39,86,66,73,78,21,,
940 110012305651,w192591,940 110012567023,2614,No Shade,10,39,54,46,55,19,100,43,53,33,45,66,,,,65,52,37,40,36,,,
940 110012305651,w192591,940 110012554697,w939,No Shade,3,30,120,80,32,15,15,14,43,36,65,58,,,,35,34,28,17,71,,,
940 110012305651,w192591,940 110019091207,2665,No Shade,4,28,13,26,32,52,220,25,81,25,38,40,,,,47,54,42,42,56,8,,
940 110012305651,w192591,940 110009541227,2361,No Shade,8,21,18,40,33,23,54,24,54,27,101,35,,,,32,41,45,37,39,1,,
940 110012305651,w192591,940 110019091248,3726,No Shade,6,33,26,30,31,8,35,25,11,221,477,40,,,,11,17,29,37,35,6,,
940 110012305651,w192591,940 110009541612,w192202,No Shade,11,27,34,26,52,30,26,49,55,26,48,96,,,,10,58,137,34,24,45,,
940 110012305651,w192591,940 110009541616,2549,No Shade,18,33,44,37,23,55,92,26,73,31,97,144,,,,60,59,65,44,53,100,,
940 110012305651,w192591,940 110009538339,2971,No Shade,14,39,17,35,27,37,42,32,47,41,125,26,,,,36,102,27,33,62,3,,
940 110012305651,w192591,940 110012565614,w263,No Shade,14,21,44,20,26,17,18,90,32,112,847,63,,,,30,51,45,60,69,5,,
940 110012305651,w192591,940 110019089945,y457,No Shade,13,37,18,56,18,30,34,38,80,38,36,40,,,,20,61,458,100,83,,,
940 110012305651,w192591,940 110009540814,3742,No Shade,13,37,15,53,35,17,23,12,43,59,144,24,,,,44,48,40,100,66,4,,
940 110012305651,w192591,940 110019088549,w290,No Shade,16,48,77,24,34,41,24,47,61,87,105,25,,,,48,41,52,44,261,8,,
940 110012305651,w192591,940 110009538664,w1556,No Shade,13,21,17,33,15,31,22,26,53,141,255,179,,,,32,68,148,44,73,14,,
940 110012305651,w192591,940 110012553757,w280,No Shade,7,51,26,16,27,42,49,82,61,42,48,40,,,,67,43,60,70,15,11,,
940 110012305651,w192591,940 110019090064,2975,No Shade,8,41,69,49,57,33,132,46,70,70,177,87,,,,33,113,59,80,52,2,,
940 110012305651,w192591,940 110009539736,w745,No Shade,12,57,19,39,47,32,41,44,49,31,86,113,,,,50,89,66,44,38,5,,
940 110012305651,w192591,940 110019090013,2540,No Shade,8,73,34,85,26,48,74,48,42,34,53,68,,,,57,353,51,110,81,1,,
940 110012305651,w192591,940 110012566807,2678,No Shade,4,59,100,112,47,42,48,30,35,52,94,50,,,,36,44,45,64,78,8,,
940 110012305651,w192591,940 110012554680,Y498,No Shade,15,25,16,67,21,36,76,27,56,333,101,25,,,,41,21,53,39,44,2,,
940 110012305651,w192591,940 110009538609,2943,No Shade,29,34,37,38,39,37,40,37,48,30,79,51,,,,70,40,85,43,129,5,,
940 110012305651,w192591,940 110009540288,2320,No Shade,6,22,50,22,29,8,30,44,32,32,31,23,,,,49,27,345,39,33,6,,
940 110012305651,w192591,940 110012554100,w1698,No Shade,6,37,14,36,49,33,65,28,30,28,153,55,,,,52,35,35,68,72,1,,
940 110012305651,w192591,940 110019092789,2944,No Shade,5,47,29,30,49,24,102,8,15,25,135,119,,,,12,28,29,51,114,1,,
940 110012305651,w192591,940 110012554293,y423,No Shade,11,24,63,30,65,38,46,32,41,32,27,27,,,,103,49,36,48,121,4,,
940 110012305651,w192591,940 110009541075,2942,No Shade,4,42,28,37,43,127,32,47,78,31,87,88,,,,25,72,53,94,64,60,,
940 110012305651,w192591,940 110012554149,2036,No Shade,14,25,22,52,139,34,32,20,29,45,199,79,,,,30,42,63,54,44,1,,
940 110012305651,w192591,940 110009538938,2582,No Shade,9,40,24,14,21,21,28,56,42,85,46,72,,,,24,53,67,140,42,3,,
940 110012305651,w192591,940 110009540753,2541,No Shade,5,29,60,34,25,39,41,15,48,23,239,284,,,,23,37,49,34,19,9,,
940 110012305651,w192591,940 110019091322,2340,No Shade,11,51,28,29,23,43,59,37,78,38,86,46,,,,26,44,220,142,40,7,,
940 110012305651,w192591,940 110009539281,2016,No Shade,8,45,27,39,33,15,44,35,40,19,168,174,,,,35,13,33,57,121,1,,
940 110012305651,w192591,940 110009540428,y1019,No Shade,10,55,28,14,14,17,15,123,220,44,130,59,,,,41,66,92,34,66,51,,
940 110012305651,w192591,940 110009540534,2697,No Shade,7,49,38,19,33,53,19,17,17,26,74,9,,,,41,27,24,30,13,2,,
940 110012305651,w192591,940 110019090722,w192530,No Shade,9,34,69,42,37,41,37,54,38,19,19,37,,,,42,46,49,48,19,9,,
940 110012305651,w192591,940 110019091208,w293,No Shade,14,43,38,197,124,18,40,52,56,77,94,81,,,,36,25,22,34,47,18,,
940 110012305651,w192591,940 110009539060,2700,No Shade,8,19,44,37,33,29,47,69,93,30,72,116,,,,74,250,102,53,56,5,,
940 110012305651,w192591,940 110009538759,w192334,No Shade,10,67,21,27,152,612,79,22,116,42,40,48,,,,75,46,51,73,37,106,,
940 110012305651,w192591,940 110009541605,w273,No Shade,6,30,24,37,42,13,11,25,35,37,32,40,,,,19,20,67,91,302,47,,
940 110012305651,w192591,940 110009422875,2029,No Shade,14,24,46,18,50,60,45,19,25,26,153,51,,,,31,47,39,37,57,1,,
940 110012305651,w192591,940 110009538976,2422,No Shade,15,22,21,28,106,58,26,43,48,46,43,141,,,,42,60,25,41,65,121,,
940 110012305651,w192591,940 110012554855,w764,No Shade,13,25,52,17,43,25,40,36,60,60,74,105,,,,40,48,188,78,26,10,,
940 110012305651,w192591,940 110009421855,2572,No Shade,7,29,27,31,17,20,65,58,55,13,52,118,,,,40,47,46,52,46,10,,
940 110012305651,w192591,940 110012566859,3711,No Shade,11,276,45,47,37,56,81,68,80,35,101,95,,,,38,32,67,47,67,58,,
940 110012305651,w192591,940 110012567032,2673,No Shade,5,25,48,8,,,,,11,54,36,65,,,,37,48,96,85,39,,,
940 110012305651,w192591,940 110019091903,w9510,No Shade,8,134,46,73,31,11,19,67,44,38,196,156,,,,34,84,37,61,124,43,,
940 110012305651,w192591,940 110012553565,w192559,No Shade,11,24,30,56,46,25,22,30,61,34,101,24,,,,28,39,18,72,59,,,
940 110012305651,w192591,940 110009538791,3792,No Shade,15,8,33,26,39,22,18,25,46,27,100,78,,,,15,26,24,40,108,5,,
940 110012305651,w192591,940 110009539086,w696,No Shade,15,51,21,30,23,51,102,34,71,54,42,43,,,,66,28,156,62,94,120,,
940 110012305651,w192591,940 110019091442,w797,No Shade,14,46,33,15,11,26,55,41,37,25,135,55,,,,46,37,19,29,48,32,,
940 110012305651,w192591,940 110009539564,w192186,No Shade,11,42,48,26,24,73,43,41,112,48,32,74,,,,39,69,21,24,116,5,,
940 110012305651,w192591,940 110009541144,w1690,No Shade,9,32,36,21,51,28,61,44,42,31,135,15,,,,11,,,,,,,
940 110012305651,w192591,940 110012554425,2332,No Shade,8,25,21,85,33,50,47,40,41,29,87,33,,,,34,25,45,278,509,28,,
940 110012305651,w192591,940 110009539860,2981,No Shade,8,102,32,105,20,42,49,20,77,50,59,139,,,,30,47,26,158,48,184,,
940 110012305651,w192591,940 110009540194,2997,No Shade,8,15,27,42,28,41,32,34,59,29,64,49,,,,22,44,37,40,48,2,,
940 110012305651,w192591,940 110009540716,2385,No Shade,7,80,46,22,28,52,18,33,76,130,401,96,,,,40,74,87,33,45,16,,
940 110012305651,w192591,940 110012565654,2618,No Shade,3,28,19,32,34,33,32,29,86,37,68,45,,,,84,24,43,95,45,7,,
940 110012305651,w192591,940 110009539817,2601,No Shade,12,22,35,24,266,96,44,30,36,56,109,52,,,,35,38,159,51,71,14,,
940 110012305651,w192591,940 110009539447,w192149,No Shade,5,83,33,33,14,27,40,44,62,39,32,36,,,,140,53,49,70,42,8,,
940 110012305651,w192591,940 110009540821,2352,No Shade,13,50,37,18,30,40,15,32,21,12,61,23,,,,28,29,40,43,7,6,,
940 110012305651,w192591,940 110009541010,w300,No Shade,4,11,24,36,27,41,16,65,15,44,61,26,,,,30,37,211,30,39,11,,
940 110012305651,w192591,940 110009422259,2527,No Shade,7,57,10,20,225,64,16,33,25,13,41,19,,,,13,37,21,23,13,10,,
940 110012305651,w192591,940 110012554759,2432,No Shade,10,25,101,402,11,15,27,17,68,23,49,17,,,,,,,,,,,
940 110012305651,w192591,940 110009540874,w192057,No Shade,11,70,19,22,25,35,44,33,68,22,67,44,,,,29,172,30,124,17,147,,
940 110012305651,w192591,940 110019091076,2954,No Shade,4,325,107,25,20,10,76,19,32,26,75,11,,,,,,,,,,,
940 110012305651,w192591,940 110019091831,w1671,No Shade,11,37,33,33,67,33,22,38,25,40,63,56,,,,34,43,32,25,36,96,,
940 110012305651,w192591,940 110009541386,w192519,No Shade,13,33,40,47,23,52,39,27,45,26,91,47,,,,71,72,76,111,39,6,,
940 110012305651,w192591,940 110019091837,2536,No Shade,8,37,32,40,58,39,88,69,104,79,31,70,,,,47,125,45,192,66,15,,
940 110012305651,w192591,940 110012565646,3712,No Shade,8,41,50,38,23,31,47,40,33,35,56,57,,,,24,46,47,48,44,18,,
940 110012305651,w192591,940 110009422847,2645,No Shade,22,43,23,69,56,29,44,40,56,43,164,162,,,,45,114,109,77,216,333,,
940 110012305651,w192591,940 110012553572,w1638,No Shade,20,59,47,19,34,33,34,28,17,33,63,35,,,,20,31,46,31,42,7,,
940 110012305651,w192591,940 110012567497,w1653,No Shade,6,13,22,24,58,20,63,76,74,36,13,112,,,,50,178,34,47,26,17,,
940 110012305651,w192591,940 110012566754,2672,No Shade,6,30,21,14,95,16,24,21,30,28,96,8,,,,,,,,,,,
940 110012305651,w192591,940 110009541579,2419,No Shade,16,45,38,40,58,43,34,43,283,31,53,41,,,,51,58,75,60,44,85,,
940 110012305651,w192591,940 110019090723,2388,No Shade,18,39,22,53,52,68,56,20,86,39,95,40,,,,42,53,40,20,36,2,,
940 110012305651,w192591,940 110009540984,2463,No Shade,4,15,40,28,32,49,102,16,110,31,20,39,,,,27,49,95,22,41,7,,
940 110012305651,w192591,940 110009423185,2972,No Shade,8,46,62,62,29,32,27,21,50,24,31,47,,,,19,35,17,35,16,8,,
940 110012305651,w192591,940 110012554665,w1538,No Shade,16,61,50,68,42,34,32,40,28,44,73,19,,,,,,,,,,,
940 110012305651,w192591,940 110012567192,w1750,No Shade,15,40,68,30,45,54,29,45,35,27,89,66,,,,23,43,39,29,102,1,,
940 110012305651,w192591,940 110009540732,y476,No Shade,9,30,33,27,25,16,5,38,48,23,61,1364,,,,38,43,25,31,49,51,,
940 110012305651,w192591,940 110009538695,2324,No Shade,8,60,24,31,40,36,25,27,38,42,123,34,,,,95,66,33,26,60,7,,
940 110012305651,w192591,940 110009530573,2643,No Shade,11,27,536,51,49,86,34,43,60,41,104,58,,,,23,19,36,53,50,12,,
940 110012305651,w192591,940 110009541760,w192005,No Shade,11,17,49,36,99,118,30,40,19,25,45,20,,,,,,,,,,,
940 110012305651,w192591,940 110009540226,2694,No Shade,17,21,28,55,13,17,41,34,20,25,20,21,,,,8,15,35,47,254,20,,
940 110012305651,w192591,940 110019091568,2329,No Shade,8,15,24,50,24,20,28,26,44,26,201,96,,,,26,44,36,17,78,8,,
940 110012305651,w192591,940 110009422827,w192009,No Shade,4,35,49,28,35,20,27,40,37,22,93,61,,,,37,20,45,70,77,5,,
940 110012305651,w192591,940 110012564878,w192255,No Shade,11,27,24,19,20,46,32,10,232,5,138,39,,,,23,67,45,131,63,47,,
940 110012305651,w192591,940 110012567013,w192003,No Shade,15,21,18,21,16,27,34,39,47,21,93,18,,,,,,,,,,,
940 110012305651,w192591,940 110019091346,2632,No Shade,9,35,67,32,19,29,52,24,10,27,39,32,,,,,,,,,,,
940 110012305651,w192591,940 110012567496,2647,No Shade,12,19,21,63,26,48,52,53,80,34,43,133,,,,24,77,71,79,55,11,,
940 110012305651,w192591,940 110012567575,2712,No Shade,18,55,21,64,40,116,81,22,53,39,47,54,,,,15,37,19,64,74,22,,
940 110012305651,w192591,940 110019091386,y427,No Shade,9,54,29,64,40,151,58,98,35,21,35,62,,,,35,76,124,57,88,1,,
940 110012305651,w192591,940 110009539487,w192286,No Shade,11,38,36,29,18,14,26,17,27,12,79,86,,,,44,232,77,26,54,118,,
940 110012305651,w192591,940 110009540610,y463,No Shade,9,20,37,41,22,19,268,50,24,6,16,9,,,,,,,,,,,
940 110012305651,w192591,940 110009539482,w1656,No Shade,13,37,23,33,39,26,52,62,34,40,133,51,,,,44,26,41,114,85,,,
940 110012305651,w192591,940 110009539709,2475,No Shade,22,39,86,55,33,34,26,41,34,27,83,28,,,,23,56,41,456,78,2,,
940 110012305651,w192591,940 110009539789,3716,No Shade,11,71,25,28,35,263,44,45,38,52,27,34,,,,21,,,,,,,
940 110012305651,w192591,940 110009541085,y1088,No Shade,4,29,8,48,17,53,15,26,20,24,39,20,,,,21,53,62,37,25,44,,
940 110012305651,w192591,940 110009423327,w1791,No Shade,7,15,85,57,51,28,36,19,23,46,163,67,,,,70,64,40,30,81,7,,
940 110012305651,w192591,940 110012565619,w788,No Shade,7,31,26,17,22,15,39,21,39,25,83,21,,,,30,36,56,20,37,6,,
940 110012305651,w192591,940 110012566374,2040,No Shade,10,18,37,41,32,47,28,41,43,61,61,180,,,,52,51,111,31,85,19,,
940 110012305651,w192591,940 110012565504,w299,No Shade,8,33,21,59,13,43,21,49,56,48,164,27,,,,54,31,71,36,48,87,,
940 110012305651,w192591,940 110009423076,w192203,No Shade,14,23,25,42,122,29,41,50,37,41,52,29,,,,42,39,50,50,20,68,,
940 110012305651,w192591,940 110009539979,y435,No Shade,5,29,79,71,61,32,31,20,37,71,113,33,,,,31,49,53,99,58,3,,
940 110012305651,w192591,940 110009421854,2312,No Shade,10,24,36,38,35,239,21,77,50,19,53,61,,,,40,77,62,47,55,11,,
940 110012305651,w192591,940 110009423267,3745,No Shade,12,16,33,66,143,69,23,34,25,56,53,40,,,,48,40,28,120,30,11,,
940 110012305651,w192591,940 110012554069,2649,No Shade,10,51,15,28,62,45,21,24,45,67,20,71,,,,18,50,43,44,26,164,,
940 110012305651,w192591,940 110009421856,w192300,No Shade,7,18,22,48,35,35,43,37,55,41,45,56,,,,70,44,166,72,83,1,,
940 110012305651,w192591,940 110009422300,2575,No Shade,21,38,21,25,20,37,8,23,50,24,98,170,,,,33,18,71,25,32,6,,
940 110012305651,w192591,940 110012567561,w192556,No Shade,19,36,52,35,26,37,27,50,60,38,100,83,,,,56,40,48,56,45,20,,
940 110012305651,w192591,940 110009540374,w192226,No Shade,8,36,41,29,41,50,50,31,72,34,62,77,,,,63,25,27,26,43,5,,
940 110012305651,w192591,940 110019091494,y1092,No Shade,9,29,36,44,81,39,39,52,51,59,49,43,,,,29,66,53,45,36,25,,
940 110012305651,w192591,940 110019088608,w956,No Shade,8,16,29,25,34,48,19,47,58,25,111,42,,,,51,70,79,66,60,21,,
940 110012305651,w192591,940 110019088588,2307,No Shade,3,25,19,68,12,21,34,55,66,26,93,31,,,,48,44,93,78,43,4,,
940 110012305651,w192591,940 110012554130,w192254,No Shade,4,25,53,22,35,39,38,35,68,24,19,81,,,,21,70,19,50,107,1,,
940 110012305651,w192591,940 110019089803,w1605,No Shade,9,13,51,40,20,17,14,18,26,10,15,202,,,,49,7,53,56,25,5,,
940 110012305651,w192591,940 110019091488,w1641,No Shade,7,44,25,24,23,64,91,39,22,48,94,146,,,,33,28,19,70,57,1,,
940 110012305651,w192591,940 110009422821,2405,No Shade,12,14,28,44,21,16,32,49,128,14,36,67,,,,45,45,110,87,40,11,,
940 110012305651,w192591,940 110012554841,2940,No Shade,16,80,25,23,56,5,15,57,27,60,94,69,,,,94,56,64,111,56,14,,
940 110012305651,w192591,940 110009540904,w192320,No Shade,7,10,34,22,17,20,44,11,58,41,9,349,,,,46,33,98,64,57,9,,
940 110012305651,w192591,940 110009538672,2946,No Shade,5,21,35,33,16,27,27,16,21,13,95,34,,,,64,8,19,15,14,14,,
940 110012305651,w192591,940 110009541648,2406,No Shade,5,24,25,178,17,42,42,11,21,25,42,41,,,,9,56,52,59,70,6,,
940 110012305651,w192591,940 110009541265,2608,No Shade,10,35,44,37,47,44,50,69,33,172,75,19,,,,29,58,57,34,57,3,,
940 110012305651,w192591,940 110009538917,w1536,No Shade,1,27,14,13,27,19,40,78,22,20,46,2,,,,,,,,,,,
940 110012305651,w192591,940 110019088452,2021,No Shade,11,45,19,33,26,45,39,66,73,45,132,27,,,,77,60,56,36,128,71,,
940 110012305651,w192591,940 110009421841,y1080,No Shade,15,56,39,57,52,25,32,74,66,36,79,40,,,,61,82,128,29,45,10,,
940 110012305651,w192591,940 110019091989,2660,No Shade,9,36,24,31,32,23,27,73,36,43,91,31,,,,69,77,88,30,21,12,,
940 110012305651,w192591,940 110009541522,w1713,No Shade,13,227,39,52,44,43,54,30,93,46,188,60,,,,69,50,59,89,103,93,,
940 110012305651,w192591,940 110009541499,2560,No Shade,7,25,70,24,51,40,28,16,79,23,70,53,,,,8,29,42,36,295,19,,
940 110012305651,w192591,940 110009421996,o26,No Shade,12,48,36,41,72,31,23,33,36,36,57,201,,,,26,32,105,78,56,9,,
940 110012305651,w192591,940 110009538382,2682,No Shade,11,41,20,35,20,40,60,62,27,69,74,31,,,,58,65,32,71,56,3,,
940 110012305651,w192591,940 110009539735,w192251,No Shade,7,35,30,14,26,10,14,47,61,30,434,132,,,,56,25,17,102,24,2,,
940 110012305651,w192591,940 110012553813,w1780,No Shade,4,19,15,17,33,17,25,31,26,12,36,11,,,,46,47,58,73,20,7,,
940 110012305651,w192591,940 110009538716,w1679,No Shade,14,22,586,38,18,22,25,32,19,42,41,27,,,,14,40,32,14,48,4,,
940 110012305651,w192591,940 110012566693,w1657,No Shade,5,37,18,66,19,32,28,44,67,72,21,54,,,,34,46,70,41,77,,,
940 110012305651,w192591,940 110019088647,w1651,No Shade,11,55,22,39,23,25,22,73,38,21,165,153,,,,205,60,50,57,113,6,,
940 110012305651,w192591,940 110019088485,2693,No Shade,13,27,39,52,21,20,40,36,78,41,49,861,,,,17,33,35,41,41,13,,
940 110012305651,w192591,940 110009540139,2945,No Shade,19,10,20,27,43,39,15,24,41,18,28,49,,,,153,23,20,30,44,120,,
940 110012305651,w192591,940 110012567583,w928,No Shade,27,70,12,46,34,28,37,52,25,39,55,42,,,,38,58,43,75,81,9,,
940 110012303405,w192373,940 110009539086,w696,No Shade,11,34,21,63,57,46,42,71,31,76,26,94,22,40,64,,,,,,,,
940 110012303405,w192373,982 123812217553,2400,No Shade,16,35,48,60,38,56,37,56,64,62,29,67,31,42,49,,,,,,,,
940 110012303405,w192373,940 110012565646,3712,No Shade,16,29,28,36,25,28,16,69,76,31,30,26,45,108,30,,,,,,,,
940 110012303405,w192373,940 110019091442,w797,No Shade,7,22,35,77,31,33,27,32,50,36,67,28,29,85,99,,,,,,,,
940 110012303405,w192373,940 110012564878,w192255,No Shade,10,19,43,31,21,21,28,9,79,18,17,40,125,52,92,,,,,,,,
940 110012303405,w192373,940 110019088608,w956,No Shade,13,36,72,25,35,53,39,79,45,27,17,21,185,101,51,,,,,,,,
940 110012303405,w192373,940 110019088701,w192313,No Shade,8,20,25,44,28,247,247,24,85,70,48,70,100,85,34,,,,,,,,
940 110012303405,w192373,940 110009540316,2033,No Shade,13,39,28,22,38,39,29,41,55,42,27,98,79,32,38,,,,,,,,
940 110012303405,w192373,940 110009422824,y447,No Shade,13,27,55,45,46,38,45,114,36,89,64,34,75,23,57,,,,,,,,
940 110012303405,w192373,940 110019092805,w1664,No Shade,4,57,22,43,28,28,21,88,55,33,201,32,11,38,14,,,,,,,,
940 110012303405,w192373,940 110012565504,w299,No Shade,12,50,24,61,11,27,26,43,37,43,53,32,60,26,62,,,,,,,,
940 110012303405,w192373,940 110009539115,2583,No Shade,12,46,44,45,17,27,29,14,42,42,34,96,35,146,812,,,,,,,,
940 110012303405,w192373,940 110009538750,2534,No Shade,19,54,53,59,70,44,82,76,70,61,24,24,75,54,45,,,,,,,,
940 110012303405,w192373,940 110019091368,2637,No Shade,16,44,17,62,29,23,33,24,28,46,20,27,23,40,40,,,,,,,,
940 110012303405,w192373,940 110012567023,2614,No Shade,15,47,53,87,92,29,105,35,54,24,43,41,43,44,72,,,,,,,,
940 110012303405,w192373,940 110012567072,2035,No Shade,29,33,31,29,37,21,35,65,38,20,19,46,34,34,80,,,,,,,,
940 110012303405,w192373,940 110019091207,2665,No Shade,14,32,28,93,59,12,64,25,104,29,67,40,46,20,30,,,,,,,,
940 110012303405,w192373,940 110012566439,w192249,No Shade,14,22,30,53,232,22,48,27,45,40,42,57,50,19,13,,,,,,,,
940 110012303405,w192373,940 110009530573,2643,No Shade,12,30,68,27,25,44,29,72,94,41,44,22,67,50,20,,,,,,,,
940 110012303405,w192373,940 110012568263,w1624,No Shade,6,53,20,51,35,32,35,59,57,52,22,26,82,38,64,,,,,,,,
940 110012303405,w192373,940 110009539378,3798,No Shade,10,64,48,100,41,40,97,28,58,52,22,73,8,32,14,,,,,,,,
940 110012303405,w192373,940 110009539903,w192012,No Shade,7,44,21,27,47,38,54,32,60,93,32,32,37,98,78,,,,,,,,
940 110012303405,w192373,940 110009538648,w923,No Shade,9,26,19,36,24,78,25,42,46,75,16,27,30,30,26,,,,,,,,
940 110012303405,w192373,940 110019090350,w192043,No Shade,9,23,15,29,38,31,27,54,40,52,37,44,60,97,57,,,,,,,,
940 110012303405,w192373,940 110019090667,w1622,No Shade,7,41,29,8,27,15,12,11,50,36,13,16,36,54,43,,,,,,,,
940 110012303405,w192373,940 110009538770,y470,No Shade,13,23,23,38,25,34,21,11,15,27,19,125,47,39,35,,,,,,,,
940 110012303405,w192373,940 110012567833,w281,No Shade,16,35,46,56,37,41,49,33,65,46,49,45,18,40,28,,,,,,,,
940 110012303405,w192373,940 110012553844,2970,No Shade,13,39,70,30,35,17,29,57,55,37,18,42,21,53,33,,,,,,,,
940 110012303405,w192373,940 110012554703,2343,No Shade,5,24,32,41,52,47,63,40,42,49,39,22,59,24,36,,,,,,,,
940 110012303405,w192373,940 110009538618,w1544,No Shade,9,9,14,19,20,67,13,12,37,35,25,80,55,63,28,,,,,,,,
940 110012303405,w192373,940 110009541386,w192519,No Shade,13,57,63,78,30,51,43,84,77,33,30,65,46,63,41,,,,,,,,
940 110012303405,w192373,940 110012566988,w1726,No Shade,12,30,53,39,37,44,74,42,62,34,28,80,35,29,20,,,,,,,,
940 110012303405,w192373,940 110009538415,w9559,No Shade,11,36,22,25,38,33,35,40,44,78,56,57,50,44,40,,,,,,,,
940 110012303405,w192373,940 110009540648,w744,No Shade,17,54,48,43,22,23,32,80,52,41,24,7,7,11,12,,,,,,,,
940 110012303405,w192373,940 110012567028,w1683,No Shade,,,,,,,,,5,12,74,30,16,44,69,,,,,,,,
940 110012303405,w192373,940 110009423261,2633,No Shade,17,100,21,49,16,61,19,41,18,31,37,69,55,34,67,,,,,,,,
940 110012303405,w192373,940 110009539841,w287,No Shade,14,27,39,35,18,21,33,16,58,37,12,20,45,114,97,,,,,,,,
940 110012303405,w192373,940 110009539369,2490,No Shade,8,50,49,80,55,97,45,49,81,68,29,50,44,51,70,,,,,,,,
940 110012303405,w192373,940 110009423327,w1791,No Shade,11,29,53,61,31,71,39,48,35,46,26,19,68,15,37,,,,,,,,
940 110012303405,w192373,940 110009539082,2479,No Shade,22,79,25,33,27,22,37,23,37,31,87,143,12,52,110,,,,,,,,
940 110012303405,w192373,940 110009539487,w192286,No Shade,13,42,42,47,17,21,35,19,60,19,37,14,46,10,45,,,,,,,,
940 110012303405,w192373,940 110009538428,w1612,No Shade,9,32,40,35,25,40,72,81,56,75,21,29,112,49,101,,,,,,,,
940 110012303405,w192373,940 110012554855,w764,No Shade,10,25,54,33,47,39,48,32,45,33,45,41,19,27,35,,,,,,,,
940 110012303405,w192373,940 110009541265,2608,No Shade,14,39,31,63,35,18,26,71,38,68,114,45,38,14,30,,,,,,,,
940 110012303405,w192373,940 110009538608,w192160,No Shade,5,11,48,18,28,20,20,47,38,31,14,4,4,3,16,,,,,,,,
940 110012303405,w192373,940 110009540874,w192057,No Shade,10,59,26,40,62,23,55,41,83,31,41,73,100,80,48,,,,,,,,
940 110012303405,w192373,940 110009540097,w192081,No Shade,8,43,31,30,18,10,35,58,26,28,28,31,23,49,33,,,,,,,,
940 110012303405,w192373,940 110019091248,3726,No Shade,6,29,32,59,36,30,33,33,28,100,160,14,59,61,23,,,,,,,,
940 110012303405,w192373,940 110012566899,w9537,No Shade,13,20,27,25,26,44,27,25,76,166,16,68,49,24,43,,,,,,,,
940 110012303405,w192373,940 110009541497,2667,No Shade,20,53,42,30,34,38,32,61,40,62,54,47,45,50,43,,,,,,,,
940 110012303405,w192373,940 110009540871,2528,No Shade,8,23,28,43,21,50,39,59,71,95,76,23,8,64,39,,,,,,,,
940 110012303405,w192373,940 110012567497,w1653,No Shade,14,28,59,34,45,34,47,126,66,29,33,49,46,54,86,,,,,,,,
940 110012303405,w192373,940 110012567575,2712,No Shade,13,64,19,37,40,51,33,27,57,53,23,53,69,54,37,,,,,,,,
940 110012303405,w192373,940 110009538619,3736,No Shade,4,30,14,17,191,35,28,31,65,16,37,34,24,46,22,,,,,,,,
940 110012303405,w192373,940 110012565591,2684,No Shade,10,29,32,42,27,32,11,22,50,26,17,84,38,11,18,,,,,,,,
940 110012303405,w192373,940 110012565654,2618,No Shade,6,33,49,47,37,38,49,69,56,61,24,38,54,60,169,,,,,,,,
940 110012303405,w192373,940 110009540139,2945,No Shade,18,23,31,38,42,31,34,23,39,39,61,17,15,11,121,,,,,,,,
940 110012303405,w192373,940 110012553568,2974,No Shade,,,,,,,,,10,2,3,21,19,18,17,,,,,,,,
940 110012303405,w192373,940 110009541538,w192278,No Shade,8,26,33,38,87,23,42,37,70,32,22,18,12,38,49,,,,,,,,
940 110012303405,w192373,940 110009538666,w986,No Shade,12,33,60,43,16,31,36,26,39,24,12,23,54,54,33,,,,,,,,
940 110012303405,w192373,940 110009540453,2371,No Shade,7,36,33,40,31,30,15,19,23,39,34,16,49,73,39,,,,,,,,
940 110012303405,w192373,940 110009538631,2316,No Shade,11,36,33,50,25,56,23,45,67,38,54,8,34,47,75,,,,,,,,
940 110012303405,w192373,940 110009423027,2542,No Shade,18,47,68,29,56,34,46,72,40,52,42,33,36,111,44,,,,,,,,
940 110012303405,w192373,940 110009538594,2689,No Shade,5,38,23,15,38,17,16,21,46,38,60,16,10,57,61,,,,,,,,
940 110012303405,w192373,940 110009540716,2385,No Shade,10,69,34,47,46,56,25,37,95,196,143,85,12,18,73,,,,,,,,
940 110012303405,w192373,940 110012553817,w1797,No Shade,5,27,35,53,48,74,25,18,25,29,47,113,43,26,9,,,,,,,,
940 110012303405,w192373,940 110012554841,2940,No Shade,14,69,32,39,61,29,38,84,37,53,50,38,30,53,101,,,,,,,,
940 110012303405,w192373,940 110009539709,2475,No Shade,17,47,67,46,27,38,36,42,26,77,34,63,25,32,30,,,,,,,,
940 110012303405,w192373,940 110009541057,2953,No Shade,11,31,31,51,45,56,21,57,49,41,117,39,48,65,30,,,,,,,,
940 110012303405,w192373,940 110009539843,2439,No Shade,18,43,32,53,33,46,20,62,25,39,37,36,55,76,23,,,,,,,,
940 110012303405,w192373,940 110019089913,3715,No Shade,17,29,33,33,33,27,65,65,63,46,28,72,81,41,38,,,,,,,,
940 110012303405,w192373,940 110019091494,y1092,No Shade,17,32,69,70,20,31,54,50,33,45,54,45,46,55,74,,,,,,,,
940 110012303405,w192373,940 110009539785,y1077,No Shade,12,58,46,29,48,19,28,37,48,50,33,77,51,107,63,,,,,,,,
940 110012303405,w192373,940 110009538776,w978,No Shade,11,18,29,18,26,30,17,25,102,27,34,45,105,13,29,,,,,,,,
940 110012303405,w192373,940 110009540172,w9277,No Shade,6,44,29,52,49,36,19,32,42,26,50,7,11,10,10,,,,,,,,
940 110012303405,w192373,940 110009538450,w9279,No Shade,14,32,32,36,17,34,47,39,50,43,43,16,23,57,82,,,,,,,,
940 110012303405,w192373,940 110012565638,w1549,No Shade,36,21,51,18,70,25,11,31,68,34,20,109,18,51,32,,,,,,,,
940 110012303405,w192373,940 110012554102,y1028,No Shade,8,47,18,32,42,26,34,45,58,25,17,48,32,223,119,,,,,,,,
940 110012303405,w192373,940 110009422194,w1689,No Shade,14,35,30,53,17,58,45,23,49,26,66,138,33,33,126,,,,,,,,
940 110012303405,w192373,940 110009541522,w1713,No Shade,16,124,127,61,39,31,28,43,46,45,32,79,23,54,26,,,,,,,,
940 110012303405,w192373,940 110012554680,Y498,No Shade,8,31,33,47,53,62,84,65,34,149,100,14,123,27,38,,,,,,,,
940 110012303405,w192373,940 110019091831,w1671,No Shade,13,29,16,26,26,44,32,41,30,34,57,81,151,19,53,,,,,,,,
940 110012303405,w192373,940 110012566852,2669,No Shade,18,50,27,41,32,39,34,35,24,33,21,4,2,7,21,,,,,,,,
940 110012303405,w192373,940 110012554149,2036,No Shade,13,35,27,58,41,31,19,59,70,52,34,84,57,52,17,,,,,,,,
940 110012303405,w192373,940 110009422847,2645,No Shade,11,49,41,76,59,69,30,78,59,46,49,44,64,68,50,,,,,,,,
940 110012303405,w192373,940 110009538656,w1597,No Shade,24,31,41,58,32,13,25,21,71,31,50,56,91,156,52,,,,,,,,
940 110012303405,w192373,940 110009539851,w192094,No Shade,7,60,45,48,34,44,52,63,45,34,44,17,62,43,47,,,,,,,,
940 110012303405,w192373,940 110019091208,w293,No Shade,9,21,23,87,61,47,30,45,61,81,30,30,44,33,73,,,,,,,,
940 110012303405,w192373,940 110012567439,3763,No Shade,10,35,30,32,44,52,28,10,43,24,82,47,25,20,23,,,,,,,,
940 110012303405,w192373,940 110009538934,2714,No Shade,17,39,29,34,17,34,39,23,27,41,19,28,93,75,68,,,,,,,,
940 110012303405,w192373,940 110009540403,w192579,No Shade,10,69,17,34,31,38,22,30,150,346,42,34,45,134,17,,,,,,,,
940 110012303405,w192373,940 110009539003,w768,No Shade,6,19,28,44,39,35,29,25,24,22,27,36,62,39,20,,,,,,,,
940 110012303405,w192373,940 110012554069,2649,No Shade,16,40,51,43,25,25,33,25,39,56,62,27,464,224,39,,,,,,,,
940 110012303405,w192373,940 110009422169,2380,No Shade,10,45,13,23,30,32,39,63,34,57,44,7,7,17,7,,,,,,,,
940 110012303405,w192373,940 110009539138,2391,No Shade,19,27,45,27,12,36,36,33,70,34,23,38,14,89,37,,,,,,,,
940 110012303405,w192373,940 110019089803,w1605,No Shade,15,23,16,21,27,17,25,33,50,23,131,71,92,34,48,,,,,,,,
940 110012303405,w192373,940 110009539357,w1707,No Shade,8,41,45,26,35,11,39,28,67,56,33,30,20,68,52,,,,,,,,
940 110012303405,w192373,940 110019090739,2950,No Shade,14,35,22,48,27,31,40,42,55,53,56,95,54,37,104,,,,,,,,
940 110012303405,w192373,940 110009539831,2331,No Shade,,,,,,,,,11,6,6,22,21,40,32,,,,,,,,
940 110012303405,w192373,940 110012554430,2644,No Shade,11,62,20,48,13,31,44,14,42,36,8,23,15,79,48,,,,,,,,
940 110012303405,w192373,940 110009540303,2928,No Shade,15,25,26,91,26,26,26,65,85,45,42,29,56,70,53,,,,,,,,
940 110012303405,w192373,940 110019089959,2711,No Shade,18,52,64,68,69,46,17,78,72,39,146,33,61,103,43,,,,,,,,
940 110012303405,w192373,940 110009422300,2575,No Shade,20,41,19,28,24,22,45,22,63,26,24,50,23,60,66,,,,,,,,
940 110012303405,w192373,940 110019090431,2344,No Shade,13,18,34,24,54,51,16,27,52,31,43,40,70,36,41,,,,,,,,
940 110012303405,w192373,940 110009539979,y435,No Shade,12,69,43,68,111,41,43,64,35,56,51,26,32,198,25,,,,,,,,
940 110012303405,w192373,940 110019091989,2660,No Shade,10,39,61,80,30,38,36,100,47,54,71,73,39,55,56,,,,,,,,
940 110012303405,w192373,940 110009539429,y1074,No Shade,8,61,43,97,45,43,42,86,65,41,43,67,27,55,59,,,,,,,,
940 110012303405,w192373,940 110012553725,w789,No Shade,16,35,38,21,41,18,24,34,72,77,42,23,24,34,23,,,,,,,,
940 110012303405,w192373,940 110012567583,w928,No Shade,19,42,28,26,27,29,32,56,33,58,27,27,57,22,35,,,,,,,,
940 110012303405,w192373,940 110009541499,2560,No Shade,8,51,70,40,31,72,33,45,67,31,59,16,12,46,46,,,,,,,,
940 110012303405,w192373,940 110009421854,2312,No Shade,8,38,51,48,33,62,36,71,93,61,31,87,26,22,103,,,,,,,,
940 110012303405,w192373,940 110009540395,y443,No Shade,9,37,68,37,74,73,24,30,43,26,24,74,13,13,8,,,,,,,,
940 110012303405,w192373,940 110019089989,2557,No Shade,20,31,80,62,36,23,46,19,65,22,28,47,32,61,25,,,,,,,,
940 110012303405,w192373,940 110012554425,2332,No Shade,11,33,25,56,31,36,58,21,45,34,54,32,35,20,51,,,,,,,,
940 110012303405,w192373,940 110019090722,w192530,No Shade,10,66,49,52,39,14,68,40,43,28,23,9,45,59,47,,,,,,,,
940 110012303405,w192373,940 110009540770,w1751,No Shade,6,42,54,48,18,50,36,49,42,42,22,77,15,43,30,,,,,,,,
940 110012303405,w192373,940 110012553572,w1638,No Shade,14,82,47,46,53,47,61,41,60,27,291,20,59,26,53,,,,,,,,
940 110012303405,w192373,940 110012567192,w1750,No Shade,14,43,161,60,38,78,27,45,54,35,50,29,40,32,39,,,,,,,,
940 110012303405,w192373,940 110009540560,w784,No Shade,6,27,46,28,86,48,34,42,51,35,46,54,67,47,84,,,,,,,,
940 110012303405,w192373,940 110012553575,w192108,No Shade,18,58,63,17,51,47,49,14,27,24,15,1,11,5,5,,,,,,,,
940 110012303405,w192373,940 110009423147,2680,No Shade,13,26,59,51,34,24,75,69,266,26,18,16,56,45,49,,,,,,,,
940 110012303405,w192373,940 110009538497,2459,No Shade,14,47,28,13,43,125,37,24,45,50,18,12,19,40,29,,,,,,,,
940 110012303405,w192373,940 110009422875,2029,No Shade,17,42,82,40,47,54,30,19,52,32,94,24,33,39,52,,,,,,,,
940 110012303405,w192373,940 110009541579,2419,No Shade,19,49,29,70,59,46,34,30,70,33,17,30,98,40,71,,,,,,,,
940 110012303405,w192373,940 110009538382,2682,No Shade,10,59,13,46,18,45,13,66,31,84,25,32,66,25,54,,,,,,,,
940 110012303405,w192373,940 110009540821,2352,No Shade,16,19,41,27,34,37,21,22,57,39,57,12,21,59,56,,,,,,,,
940 110012303405,w192373,940 110009539365,w1721,No Shade,15,53,19,40,33,69,27,42,28,37,37,13,13,10,10,,,,,,,,
940 110012303405,w192373,940 110009539563,y1060,No Shade,5,25,18,34,42,23,45,18,40,42,10,171,307,14,35,,,,,,,,
940 110012303405,w192373,940 110019088662,2921,No Shade,11,41,48,25,46,35,36,31,24,24,27,11,4,4,4,,,,,,,,
940 110012303405,w192373,940 110019091076,2954,No Shade,18,93,40,17,20,31,17,30,31,45,48,2,9,25,2,,,,,,,,
940 110012303405,w192373,940 110012566807,2678,No Shade,12,55,39,93,27,26,40,18,41,54,49,20,40,60,13,,,,,,,,
940 110012303405,w192373,940 110009423180,2382,No Shade,20,46,50,89,76,33,40,33,62,83,56,106,87,58,58,,,,,,,,
940 110012303405,w192373,940 110019088585,2496,No Shade,9,18,72,21,22,29,24,44,43,347,141,19,28,35,44,,,,,,,,
940 110012303405,w192373,940 110009541605,w273,No Shade,21,44,49,47,44,31,38,70,36,37,29,84,53,7,48,,,,,,,,
940 110012303405,w192373,940 110009539773,3741,No Shade,16,73,43,98,35,77,42,24,44,44,39,106,45,60,33,,,,,,,,
940 110012303405,w192373,940 110019091247,2346,No Shade,2,47,15,25,40,41,39,56,32,34,146,101,40,29,34,,,,,,,,
940 110012303405,w192373,940 110009541593,2533,No Shade,10,36,43,41,62,47,53,38,84,47,84,12,47,128,69,,,,,,,,
940 110012303405,w192373,940 110009538728,w192503,No Shade,25,55,43,18,26,40,39,46,38,22,61,40,33,66,55,,,,,,,,
940 110012303405,w192373,940 110019091488,w1641,No Shade,8,35,24,35,35,46,17,27,32,36,137,35,40,21,107,,,,,,,,
940 110012303405,w192373,940 110019090723,2388,No Shade,9,19,24,47,23,46,23,20,50,57,37,53,32,46,69,,,,,,,,
940 110012303405,w192373,940 110009538759,w192334,No Shade,13,18,41,30,57,98,49,28,90,61,34,39,120,50,46,,,,,,,,
940 110012303405,w192373,940 110012565516,w1673,No Shade,18,23,27,40,37,28,26,29,45,287,156,47,48,22,38,,,,,,,,
940 110012303405,w192373,940 110009540904,w192320,No Shade,14,15,24,33,33,47,41,28,75,28,26,113,24,41,52,,,,,,,,
940 110012303405,w192373,940 110019088447,w723,No Shade,8,27,48,37,41,57,47,52,61,58,19,24,90,45,58,,,,,,,,
940 110012303405,w192373,940 110009422259,2527,No Shade,14,15,23,46,199,68,32,16,43,50,8,9,45,42,19,,,,,,,,
940 110012303405,w192373,940 110019090286,2591,No Shade,9,27,24,80,51,46,64,45,102,25,52,57,46,31,32,,,,,,,,
940 110012303405,w192373,940 110009540374,w192226,No Shade,14,25,58,59,56,41,89,61,57,64,11,24,164,89,30,,,,,,,,
940 110012303405,w192373,940 110012567496,2647,No Shade,12,26,26,70,66,30,25,56,40,34,22,35,23,60,46,,,,,,,,
940 110012303405,w192373,940 110019088419,w192215,No Shade,11,28,36,48,18,18,37,28,289,460,40,56,65,44,38,,,,,,,,
940 110012303405,w192373,940 110012554130,w192254,No Shade,7,54,59,29,26,27,71,41,74,30,22,25,45,126,32,,,,,,,,
940 110012303405,w192373,940 110009539735,w192251,No Shade,10,17,19,22,51,20,48,44,45,24,38,191,31,53,36,,,,,,,,
940 110012303405,w192373,940 110012554697,w939,No Shade,11,55,166,79,8,21,28,11,71,32,25,23,33,30,61,,,,,,,,
940 110012303405,w192373,940 110016191551,2707,No Shade,12,149,39,37,30,26,37,56,62,98,40,30,23,34,65,,,,,,,,
940 110012303405,w192373,940 110012567361,2420,No Shade,9,20,42,31,13,27,58,49,105,297,48,40,11,29,42,,,,,,,,
940 110012303405,w192373,940 110009540226,2694,No Shade,11,25,43,44,52,39,33,45,81,31,27,26,17,50,40,,,,,,,,
940 110012303405,w192373,940 110009540104,w192120,No Shade,6,53,27,61,30,23,86,56,45,32,26,68,40,25,146,,,,,,,,
940 110012303405,w192373,940 110009539590,2939,No Shade,7,66,50,36,24,46,29,128,69,76,28,101,28,87,31,,,,,,,,
940 110012303405,w192373,940 110019088542,3737,No Shade,11,31,13,47,19,29,31,47,33,42,23,28,52,24,66,,,,,,,,
940 110012303405,w192373,940 110009539352,y1005,No Shade,14,30,24,56,43,34,28,32,58,37,44,114,34,54,27,,,,,,,,
940 110012303405,w192373,940 110019088430,2515,No Shade,13,19,65,33,49,21,19,62,38,21,13,42,22,19,26,,,,,,,,
940 110012303405,w192373,940 110009539060,2700,No Shade,11,71,38,37,44,39,35,81,51,42,25,42,59,36,62,,,,,,,,
940 110012303405,w192373,940 110012554100,w1698,No Shade,5,41,35,74,34,70,38,26,29,26,38,30,24,21,243,,,,,,,,
940 110012303405,w192373,940 110012565593,w192587,No Shade,7,22,59,40,26,31,19,49,34,40,28,74,52,42,44,,,,,,,,
940 110012303405,w192373,940 110012566524,w1547,No Shade,13,41,50,31,14,26,28,96,63,31,59,22,22,38,34,,,,,,,,
940 110012303405,w192373,940 110009539504,2696,No Shade,14,33,30,46,27,25,45,30,55,44,17,92,72,76,63,,,,,,,,
940 110012303405,w192373,940 110019091322,2340,No Shade,12,21,38,18,39,23,46,50,47,39,30,41,47,107,70,,,,,,,,
940 110012303405,w192373,940 110009421996,o26,No Shade,12,69,50,69,102,69,29,47,41,29,73,35,45,40,38,,,,,,,,
940 110012303405,w192373,940 110019091568,2329,No Shade,5,33,43,37,13,30,33,25,27,53,83,72,38,22,21,,,,,,,,
940 110012303405,w192373,940 110019091386,y427,No Shade,14,47,52,47,64,105,34,56,64,30,26,24,42,21,46,,,,,,,,
940 110012303405,w192373,940 110009539789,3716,No Shade,22,57,61,34,24,112,68,78,36,40,16,34,32,26,36,,,,,,,,
940 110012303405,w192373,940 110009541227,2361,No Shade,21,22,22,39,22,26,42,36,46,58,13,34,39,41,73,,,,,,,,
940 110012303405,w192373,940 110009540534,2697,No Shade,9,32,36,59,22,22,36,27,27,51,78,149,32,48,31,,,,,,,,
940 110012303405,w192373,940 110019088549,w290,No Shade,8,33,131,55,27,32,19,40,73,53,33,6,20,66,20,,,,,,,,
940 110012303405,w192373,940 110009541612,w192202,No Shade,10,24,26,56,49,46,20,51,18,40,16,31,28,28,19,,,,,,,,
940 110012303405,w192373,940 110009538695,2324,No Shade,10,36,32,50,42,30,37,39,47,91,49,37,32,44,80,,,,,,,,
940 110012303405,w192373,940 110009541616,2549,No Shade,14,27,38,46,28,28,40,33,79,45,71,57,79,151,75,,,,,,,,
940 110012303405,w192373,940 110009538339,2971,No Shade,9,26,24,31,39,33,53,34,51,46,20,24,34,67,61,,,,,,,,
940 110012303405,w192373,940 110012565614,w263,No Shade,11,31,58,35,41,17,26,45,45,95,133,21,38,46,33,,,,,,,,
940 110012303405,w192373,940 110009541085,y1088,No Shade,12,46,14,45,50,49,35,47,24,35,31,23,23,92,38,,,,,,,,
940 110012303405,w192373,940 110019089945,y457,No Shade,14,50,29,47,41,37,42,26,61,64,11,43,40,22,72,,,,,,,,
940 110012303405,w192373,940 110012565619,w788,No Shade,9,17,34,26,32,38,28,28,30,23,53,48,42,23,16,,,,,,,,
940 110012303405,w192373,940 110009540814,3742,No Shade,11,32,24,38,38,31,36,30,34,140,79,24,17,39,13,,,,,,,,
940 110012303405,w192373,940 110009538664,w1556,No Shade,11,34,17,23,65,29,24,14,70,236,184,66,70,78,35,,,,,,,,
940 110012303405,w192373,940 110012553757,w280,No Shade,11,21,50,32,29,40,57,119,86,43,34,52,63,21,71,,,,,,,,
940 110012303405,w192373,940 110019090064,2975,No Shade,14,58,61,30,58,42,55,68,44,86,52,45,143,187,53,,,,,,,,
940 110012303405,w192373,940 110012553565,w192559,No Shade,8,65,51,48,60,26,48,52,31,53,68,47,69,36,26,,,,,,,,
940 110012303405,w192373,940 110009539736,w745,No Shade,15,42,32,35,33,38,36,30,56,51,36,47,95,66,48,,,,,,,,
940 110012303405,w192373,940 110019090013,2540,No Shade,15,26,41,47,38,51,39,48,108,30,89,91,60,23,31,,,,,,,,
940 110012303405,w192373,940 110009538609,2943,No Shade,19,35,34,40,35,39,45,46,85,45,83,40,21,56,34,,,,,,,,
940 110012303405,w192373,940 110009540288,2320,No Shade,11,32,40,44,27,23,49,64,28,39,36,18,76,30,34,,,,,,,,
940 110012303405,w192373,940 110009541010,w300,No Shade,11,24,34,37,24,23,49,66,52,61,33,27,45,30,29,,,,,,,,
940 110012303405,w192373,940 110019092789,2944,No Shade,13,18,26,24,22,93,56,19,20,38,30,47,19,26,56,,,,,,,,
940 110012303405,w192373,940 110012554293,y423,No Shade,19,37,43,21,40,30,47,36,27,35,74,22,35,53,43,,,,,,,,
940 110012303405,w192373,940 110009541075,2942,No Shade,18,51,50,33,63,69,34,29,41,51,49,48,54,56,78,,,,,,,,
940 110012303405,w192373,940 110009539564,w192186,No Shade,10,51,77,50,60,24,66,51,56,36,40,43,31,74,68,,,,,,,,
940 110012303405,w192373,940 110009538938,2582,No Shade,7,44,44,42,25,38,34,24,23,43,14,45,46,53,59,,,,,,,,
940 110012303405,w192373,940 110009540753,2541,No Shade,9,45,61,10,50,36,32,32,81,19,63,40,12,33,47,,,,,,,,
940 110012303405,w192373,940 110009539281,2016,No Shade,16,36,18,51,39,43,85,62,41,39,8,46,38,66,35,,,,,,,,
940 110012303405,w192373,940 110009540428,y1019,No Shade,17,26,33,24,38,22,17,38,72,46,19,56,36,39,74,,,,,,,,
940 110012303405,w192373,940 110009539447,w192149,No Shade,16,46,24,60,67,42,44,102,42,63,12,60,71,47,76,,,,,,,,
940 110012303405,w192373,940 110009538976,2422,No Shade,9,46,38,34,73,40,42,39,24,68,30,22,65,59,75,,,,,,,,
940 110012303405,w192373,940 110009421855,2572,No Shade,7,34,14,39,25,28,39,39,32,32,29,25,8,57,73,,,,,,,,
940 110012303405,w192373,940 110012566859,3711,No Shade,13,117,37,71,40,36,50,21,97,33,75,27,22,46,69,,,,,,,,
940 110012303405,w192373,940 110009539817,2601,No Shade,16,38,31,30,176,54,21,23,52,37,44,36,49,21,34,,,,,,,,
940 110012303405,w192373,940 110019088452,2021,No Shade,2,39,51,39,32,19,67,43,53,64,41,58,25,61,38,,,,,,,,
940 110012303405,w192373,940 110019091903,w9510,No Shade,15,40,44,48,42,37,31,54,84,27,33,72,28,35,89,,,,,,,,
940 110012303405,w192373,940 110009538791,3792,No Shade,8,19,37,46,21,43,30,35,61,25,60,39,185,58,28,,,,,,,,
940 110012303405,w192373,940 110012566374,2040,No Shade,12,79,36,59,42,69,24,33,28,41,67,44,25,56,56,,,,,,,,
940 110012303405,w192373,940 110009541144,w1690,No Shade,12,68,53,24,27,30,18,28,50,78,84,40,40,27,27,,,,,,,,
940 110012303405,w192373,940 110009539860,2981,No Shade,8,124,59,70,45,32,49,22,56,50,32,54,33,97,35,,,,,,,,
940 110012303405,w192373,940 110009540194,2997,No Shade,11,25,22,26,18,32,41,16,62,43,13,19,32,140,33,,,,,,,,
940 110012303405,w192373,940 110009541648,2406,No Shade,7,46,38,100,45,29,19,16,20,43,29,38,37,72,23,,,,,,,,
940 110012303405,w192373,940 110009539482,w1656,No Shade,10,24,46,49,32,44,51,46,55,22,18,6,59,33,38,,,,,,,,
940 110012303405,w192373,940 110012554759,2432,No Shade,17,43,69,48,35,48,60,26,44,32,13,6,12,7,13,,,,,,,,
940 110012303405,w192373,940 110009540732,y476,No Shade,9,42,83,41,19,86,33,29,37,35,16,85,16,43,40,,,,,,,,
940 110012303405,w192373,940 110009540984,2463,No Shade,12,36,33,26,42,35,20,17,35,19,23,28,29,40,43,,,,,,,,
940 110012303405,w192373,940 110009538716,w1679,No Shade,8,78,82,51,61,27,32,26,42,54,12,40,18,11,74,,,,,,,,
940 110012303405,w192373,940 110019091837,2536,No Shade,16,44,49,58,51,75,73,32,82,74,32,31,29,53,93,,,,,,,,
940 110012303405,w192373,940 110012554665,w1538,No Shade,11,46,37,44,39,41,27,46,21,65,38,18,4,9,10,,,,,,,,
940 110012303405,w192373,940 110012566754,2672,No Shade,11,25,18,28,39,49,35,21,25,33,45,7,11,5,9,,,,,,,,
940 110012303405,w192373,940 110009538672,2946,No Shade,7,41,60,29,46,32,24,23,48,22,76,30,42,29,26,,,,,,,,
940 110012303405,w192373,940 110009423185,2972,No Shade,13,66,37,46,29,30,27,96,43,29,25,46,25,47,26,,,,,,,,
940 110012303405,w192373,940 110009422827,w192009,No Shade,14,25,32,50,29,34,44,33,38,29,21,31,22,25,130,,,,,,,,
940 110012303405,w192373,940 110009541760,w192005,No Shade,9,29,22,68,202,121,59,44,27,34,22,5,7,9,20,,,,,,,,
940 110012303405,w192373,940 110009421856,w192300,No Shade,6,37,41,60,53,40,54,35,71,26,26,101,68,75,34,,,,,,,,
940 110012303405,w192373,940 110009423267,3745,No Shade,9,28,21,41,113,42,23,62,36,44,21,41,22,35,64,,,,,,,,
940 110012303405,w192373,940 110012567013,w192003,No Shade,9,23,61,19,68,18,46,48,41,27,20,16,5,5,19,,,,,,,,
940 110012303405,w192373,940 110019091346,2632,No Shade,5,26,70,45,56,38,17,68,17,18,24,4,11,10,40,,,,,,,,
940 110012303405,w192373,940 110012565400,w192463,No Shade,,,,,,,,,9,,8,41,22,9,38,,,,,,,,
940 110012303405,w192373,940 110009540610,y463,No Shade,16,46,48,34,24,44,73,31,27,20,16,6,2,3,7,,,,,,,,
940 110012303405,w192373,940 110012553813,w1780,No Shade,4,33,11,10,16,28,32,44,55,24,46,17,56,35,50,,,,,,,,
940 110012303405,w192373,940 110019088588,2307,No Shade,19,26,32,68,29,36,34,36,77,39,44,24,21,39,71,,,,,,,,
940 110012303405,w192373,940 110019088485,2693,No Shade,11,54,42,41,42,36,37,52,52,31,37,164,38,47,47,,,,,,,,
940 110012303405,w192373,940 110009423076,w192203,No Shade,11,41,33,69,136,42,42,44,35,40,46,21,46,43,31,,,,,,,,
940 110012303405,w192373,940 110019091379,3749,No Shade,,,,,,,,,10,7,4,80,29,34,44,,,,,,,,
940 110012303405,w192373,940 110012567070,w192145,No Shade,,,,,,,,,3,18,5,15,52,32,37,,,,,,,,
940 110012303405,w192373,940 110009421841,y1080,No Shade,17,89,62,82,48,33,51,47,64,50,52,59,41,49,45,,,,,,,,
940 110012303405,w192373,940 110019088647,w1651,No Shade,11,50,31,57,32,46,22,69,26,27,41,41,25,23,124,,,,,,,,
940 110012303405,w192373,940 110012567561,w192556,No Shade,17,17,43,56,40,65,89,24,62,32,67,77,55,119,48,,,,,,,,
940 110012303405,w192373,940 110009422821,2405,No Shade,18,20,44,25,37,17,23,43,128,31,43,34,51,48,52,,,,,,,,
940 110012303405,w192373,940 110012554559,w9330,No Shade,22,77,20,,,,,,15,6,8,13,29,92,57,,,,,,,,
940 110012303405,w192373,940 110009538917,w1536,No Shade,9,33,46,53,60,34,42,27,10,18,16,2,11,13,17,,,,,,,,
940 110012303405,w192373,940 110012567032,2673,No Shade,8,43,45,5,,,,,17,76,22,34,25,28,46,,,,,,,,
940 110012303405,w192373,940 110012566693,w1657,No Shade,8,17,35,26,26,34,54,44,43,50,23,18,35,34,27,,,,,,,,
940 110007343058,w192408,940 110009539462,2561,Medium Shade,14,23,30,17,38,40,19,38,46,37,65,20,83,4,,,,,,,,,
940 110007343058,w192408,940 110009539751,y1021,Medium Shade,26,52,47,20,38,23,25,44,26,36,55,10,18,,,,,,,,,,
940 110007343058,w192408,940 110009539049,w192040,Medium Shade,32,35,21,34,24,37,55,21,52,46,15,10,38,26,,,,,,,,,
940 110007343058,w192408,940 110012567780,w192115,Medium Shade,6,46,31,19,40,32,23,31,31,59,16,5,37,,,,,,,,,,
940 110007343058,w192408,940 110009538342,W1594,Medium Shade,23,40,35,24,26,23,12,8,45,40,630,34,45,54,,,,,,,,,
940 110007343058,w192408,940 110019091210,y1075,Medium Shade,,23,22,50,20,56,54,29,23,32,17,5,32,,,,,,,,,,
940 110007343058,w192408,940 110009540276,w192123,Medium Shade,14,49,96,18,12,37,79,30,13,31,12,10,38,,,,,,,,,,
940 110007343058,w192408,940 110019091427,w192523,Medium Shade,1,17,15,76,3,19,22,13,40,22,35,7,19,,,,,,,,,,
940 110007343058,w192408,940 110009540034,y1057,Medium Shade,9,51,28,34,45,31,27,43,43,90,75,11,26,3,,,,,,,,,
940 110007343058,w192408,940 110012567356,W192374,Medium Shade,7,99,35,53,43,22,40,46,88,43,69,21,68,27,,,,,,,,,
940 110007343058,w192408,940 110009538669,w192272,Medium Shade,1,35,39,40,52,21,15,21,111,27,30,8,23,5,,,,,,,,,
940 110007343058,w192408,940 110009541163,2892,Medium Shade,8,66,35,15,30,21,18,52,115,86,15,8,25,,,,,,,,,,
940 110007343058,w192408,940 110009538983,w192443,Medium Shade,,22,13,13,43,53,13,44,13,33,41,4,13,,,,,,,,,,
940 110007343058,w192408,940 110019088638,2655,Medium Shade,16,51,45,9,19,16,78,16,37,29,50,5,30,7,,,,,,,,,
940 110007343058,w192408,940 110019090704,w192029,Medium Shade,1,33,30,59,43,46,27,32,32,105,98,7,65,9,,,,,,,,,
940 110007343094,w192350,940 110009421859,w790,High Shade,,,,,,,,,,,,,,,,19,17,47,74,18,,,
940 110007343094,w192350,940 110009423044,2991,High Shade,10,40,20,47,48,26,26,61,,,,,,,,40,45,25,24,56,539,75,43
940 110007343094,w192350,940 110019090446,2987,High Shade,2,36,13,13,82,67,19,43,,,,,,,,43,28,13,3,,,,
940 110007343094,w192350,940 110019088573,2393,High Shade,,17,48,72,22,567,119,38,,,,,,,,20,53,27,25,64,16,,
940 110007343094,w192350,940 110012566936,2358,High Shade,14,70,43,13,37,48,63,17,,,,,,,,52,31,23,27,34,34,32,
940 110007343094,w192350,940 110009540229,2960,High Shade,5,14,4,12,33,,7,46,,,,,,,,17,34,27,14,11,24,25,32
940 110007343094,w192350,940 110019091199,w192410,High Shade,1,27,33,65,25,34,56,26,,,,,,,,135,44,11,25,35,33,48,28
940 110007343094,w192350,940 110012565403,w1737,High Shade,3,24,34,80,9,15,30,30,,,,,,,,19,67,13,17,8,26,23,3
940 110007343094,w192350,940 110009538417,w9331,High Shade,3,11,21,11,30,43,59,81,,,,,,,,39,17,31,14,34,18,43,23
940 110007343094,w192350,940 110009539441,2600,High Shade,10,44,19,11,32,63,24,42,,,,,,,,15,43,66,21,32,19,,
940 110007343094,w192350,940 110012568314,2301,High Shade,2,7,52,20,15,,68,41,,,,,,,,29,25,33,29,38,44,6,
940 110007343094,w192350,940 110019091079,2967,High Shade,8,36,37,72,24,49,35,55,,,,,,,,29,21,22,35,17,25,29,
940 110007343094,w192350,940 110009540863,2709,High Shade,2,2,25,11,15,31,13,19,,,,,,,,38,44,37,24,36,68,96,
940 110007343094,w192350,940 110019088702,2631,High Shade,8,30,60,51,10,26,19,29,,,,,,,,38,42,29,38,42,28,43,7
940 110007343094,w192350,940 110009423189,2686,High Shade,5,12,11,14,50,11,41,27,,,,,,,,18,11,19,76,18,50,2,
940 110007343094,w192350,940 110009422277,w1741,High Shade,10,21,29,15,37,8,34,39,,,,,,,,60,23,70,64,31,58,50,
940 110007343094,w192350,940 110009540159,w192170,High Shade,2,49,57,36,39,60,32,4,,,,,,,,164,104,27,17,,,,
940 110007343094,w192350,940 110009539745,2535,High Shade,5,36,58,40,50,49,68,28,,,,,,,,31,59,35,45,60,62,1,
940 110007343094,w192350,940 110009541187,y464,High Shade,14,15,20,15,80,24,37,34,,,,,,,,59,71,13,18,38,54,76,10
940 110007343094,w192350,940 110012553605,2302,High Shade,5,18,18,10,28,14,20,17,,,,,,,,21,24,22,23,42,26,32,
940 110007343094,w192350,940 110012567558,w229,High Shade,1,68,46,29,28,11,202,38,,,,,,,,62,27,16,85,86,43,87,15
940 110007343094,w192350,940 110012554299,y1053,High Shade,3,23,13,44,20,15,12,15,,,,,,,,24,86,37,44,30,30,105,27
940 110007343094,w192350,940 110009540606,2990,High Shade,10,29,13,41,32,25,66,32,,,,,,,,28,28,23,35,73,33,7,
940 110007343094,w192350,940 110009540937,2428,High Shade,,18,11,13,10,10,10,45,,,,,,,,66,31,31,64,36,21,51,24
940 110007343094,w192350,940 110012568230,w192423,High Shade,6,22,33,39,65,25,29,77,,,,,,,,25,88,25,37,48,23,33,131
940 110007343094,w192350,940 110019089933,2364,High Shade,15,17,16,51,17,102,10,50,,,,,,,,46,29,21,42,24,54,18,
940 110007343094,w192350,940 110009539746,w9563,High Shade,1,64,25,39,67,53,11,13,,,,,,,,20,28,31,17,5,71,78,30
940 110007343094,w192350,940 110009540041,w192163,High Shade,,14,61,52,22,5,37,38,,,,,,,,38,28,21,52,39,43,40,94
940 110007343094,w192350,940 110012568040,w1749,High Shade,37,676,56,18,20,19,22,24,,,,,,,,50,19,24,34,66,38,101,100
940 110007343094,w192350,940 110009422175,2595,High Shade,1,32,22,14,18,38,8,17,,,,,,,,39,43,49,72,46,60,58,4
940 110007343094,w192350,940 110019090321,3746,High Shade,6,5,8,27,24,21,25,30,,,,,,,,37,24,16,15,40,22,47,28
940 110007343094,w192350,940 110009423109,w9281,High Shade,4,60,29,48,31,10,18,45,,,,,,,,51,19,44,64,240,66,54,18
940 110007343094,w192350,940 110012564941,3762,High Shade,10,38,33,13,58,29,16,42,,,,,,,,23,45,69,47,19,47,18,5
940 110007343094,w192350,940 110009540280,w841,High Shade,25,29,9,97,44,5,7,43,,,,,,,,26,28,31,37,21,21,30,1
940 110007343094,w192350,940 110019091174,y1115,High Shade,14,54,75,25,19,43,29,28,,,,,,,,24,41,59,51,57,85,76,100
940 110007343094,w192350,940 110019088438,W210,High Shade,,49,59,29,22,40,27,47,,,,,,,,42,39,21,33,58,51,18,
940 110007343094,w192350,940 110009541433,w1772,High Shade,1,22,17,17,7,10,83,70,,,,,,,,23,16,24,20,12,16,8,2
940 110007343094,w192350,940 110009538766,w192204,High Shade,149,84,11,18,22,7,19,30,,,,,,,,57,20,31,38,44,40,38,
940 110007343094,w192350,940 110019091090,3756,High Shade,3,15,19,28,31,20,29,46,,,,,,,,29,75,32,29,19,41,41,
940 110007343094,w192350,940 110009423265,2965,High Shade,17,9,18,10,12,12,52,19,,,,,,,,164,107,22,23,38,53,14,35
940 110007343094,w192350,940 110009538890,2550,High Shade,2,28,18,26,44,21,70,56,,,,,,,,41,32,71,59,28,68,74,1
940 110007343094,w192350,940 110012567214,2648,High Shade,,16,27,30,10,6,126,174,,,,,,,,23,30,26,32,15,19,39,32
940 110007343094,w192350,940 110009421860,w192380,High Shade,7,30,28,196,96,24,63,80,,,,,,,,19,43,18,31,22,32,84,13
940 110007343094,w192350,940 110019092821,W1636,High Shade,16,264,65,27,25,48,16,31,,,,,,,,35,84,45,21,17,36,19,
940 110007343094,w192350,940 110012567539,w1793,High Shade,4,18,44,18,44,22,12,19,,,,,,,,71,34,67,76,65,38,101,2
940 110007343094,w192350,940 110009539963,2993,High Shade,8,43,50,10,43,26,9,17,,,,,,,,35,33,38,56,93,83,32,49
940 110007343094,w192350,940 110009423238,2313,High Shade,,20,23,28,15,9,40,22,,,,,,,,20,41,38,35,42,34,46,
940 110007343094,w192350,940 110009422835,2510,High Shade,13,10,7,12,17,15,60,38,,,,,,,,32,34,68,27,10,33,35,
940 110007343094,w192350,940 110009539147,2544,High Shade,7,18,35,28,47,2,47,23,,,,,,,,71,33,40,11,26,52,48,23
940 110007343094,w192350,940 110019090333,2441,High Shade,9,35,54,18,56,72,100,56,,,,,,,,17,35,19,38,15,33,44,
940 110007343094,w192350,940 110009539426,w1531,High Shade,10,15,31,41,26,47,17,52,,,,,,,,63,49,28,23,13,12,21,24
940 110007343094,w192350,940 110009539560,w1570,High Shade,17,34,13,8,11,14,28,49,,,,,,,,38,13,14,47,40,27,,
940 110007343094,w192350,940 110009422307,2681,High Shade,,,,,,,,,,,,,,,,50,56,25,93,48,68,19,
940 110007343094,w192350,940 110009539749,w1774,High Shade,9,133,53,35,69,14,7,41,,,,,,,,33,17,242,63,30,16,66,2
940 110007343094,w192350,940 110009540523,w192488,High Shade,17,82,44,30,41,45,61,53,,,,,,,,19,37,27,26,16,30,58,4
940 110007343094,w192350,940 110009538720,3728,High Shade,2,53,29,27,43,15,53,72,,,,,,,,28,35,39,67,31,34,45,2
940 110007343094,w192350,940 110009540645,2348,High Shade,3,34,60,23,45,21,58,74,,,,,,,,34,20,31,28,20,39,95,7
940 110007343094,w192350,940 110019090059,o75,High Shade,8,55,13,189,57,41,73,35,,,,,,,,27,59,23,59,35,18,40,
940 110007343094,w192350,940 110012567653,3799,High Shade,7,7,3,68,192,90,54,25,,,,,,,,65,38,29,59,20,210,91,
940 110007343094,w192350,940 110009423257,w192358,High Shade,13,6,11,14,29,17,26,39,,,,,,,,26,18,22,17,24,23,22,31
940 110007343094,w192350,940 110019091991,w192246,High Shade,6,32,59,17,35,56,48,28,,,,,,,,44,36,20,19,31,49,64,28
940 110007343094,w192350,940 110012553700,o40,High Shade,11,32,34,18,10,42,53,26,,,,,,,,21,24,23,44,61,31,55,1
940 110007343094,w192350,940 110019091545,3714,High Shade,138,26,56,39,46,51,24,107,,,,,,,,17,29,37,58,29,32,72,62
940 110007343094,w192350,940 110009422294,o77,High Shade,8,10,7,13,558,25,26,15,,,,,,,,24,71,49,41,25,67,74,51
940 110007343094,w192350,982 123539107431,2469,High Shade,9,17,19,13,100,32,56,41,,,,,,,,31,25,18,73,28,46,41,
940 110007343094,w192350,940 110012568205,2891,High Shade,,5,13,9,,,7,5,,,,,,,,16,22,27,21,13,24,26,
940 110007343094,w192350,940 110009541595,2925,High Shade,3,31,62,67,248,30,71,46,,,,,,,,43,56,21,45,16,39,28,79
940 110007343094,w192350,940 110019088500,y430,High Shade,12,21,14,37,52,23,29,16,,,,,,,,56,30,30,33,23,48,67,
940 110007343094,w192350,940 110012567794,w9280,High Shade,,17,8,55,33,28,16,30,,,,,,,,38,18,25,39,4,14,25,24
940 110007343094,w192350,940 110016191529,2899,High Shade,1,14,110,54,13,25,33,56,,,,,,,,29,58,12,29,34,21,39,2
940 110007343094,w192350,940 110009539432,2567,High Shade,3,20,25,29,47,78,16,14,,,,,,,,31,41,38,20,22,37,71,
940 110007343094,w192350,940 110009541504,2338,High Shade,1,15,16,11,12,15,28,16,,,,,,,,15,58,37,37,58,34,213,689
940 110007343094,w192350,940 110009539497,2328,High Shade,13,13,9,35,7,9,14,24,,,,,,,,16,79,45,68,64,14,37,43
940 110007343094,w192350,940 110009540062,w1765,High Shade,5,39,13,18,16,11,86,29,,,,,,,,64,33,17,27,71,15,,
940 110007343094,w192350,940 110009541001,w795,High Shade,21,35,33,34,42,56,41,27,,,,,,,,24,63,19,17,44,76,104,
940 110007343094,w192350,940 110009541455,2464,High Shade,7,2,16,14,21,5,9,26,,,,,,,,22,21,162,26,18,23,66,20
940 110007343094,w192350,940 110009539123,y486,High Shade,22,49,46,55,35,44,89,38,,,,,,,,45,34,31,47,28,48,27,36
940 110007343094,w192350,940 110009539500,2444,High Shade,,18,20,73,42,5,46,40,,,,,,,,30,41,35,38,38,53,72,101
940 110007343094,w192350,940 110019091898,5399,High Shade,9,64,35,46,22,59,22,69,,,,,,,,24,49,16,68,32,41,44,21
940 110007343094,w192350,940 110019091269,w192143,High Shade,9,81,11,32,37,16,20,54,,,,,,,,31,40,24,32,53,33,33,24
940 110007343094,w192350,940 110009538772,2607,High Shade,11,11,17,23,31,18,11,23,,,,,,,,27,23,25,101,32,32,30,108
940 110007343094,w192350,940 110012566479,w757,High Shade,1,48,21,13,9,20,104,25,,,,,,,,22,12,18,31,26,29,207,
940 110007343094,w192350,940 110009538570,w1506,High Shade,7,78,29,19,20,23,12,41,,,,,,,,70,68,31,38,71,34,72,11
940 110007343094,w192350,940 110009540889,2488,High Shade,,45,11,18,41,308,48,24,,,,,,,,49,25,51,35,64,27,42,69
940 110007343094,w192350,940 110012554719,w1614,High Shade,9,19,47,16,57,62,20,22,,,,,,,,19,27,31,43,47,24,93,10
940 110007343094,w192350,940 110019092801,2922,High Shade,5,69,34,11,16,38,11,29,,,,,,,,25,213,473,12,37,20,22,
940 110007343094,w192350,940 110019088618,2563,High Shade,1,25,47,9,23,32,33,48,,,,,,,,23,76,18,18,23,99,51,23
940 110007343094,w192350,940 110009539765,w1771,High Shade,11,12,3,25,22,21,17,41,,,,,,,,51,34,69,17,28,23,19,35
940 110007343094,w192350,940 110019091874,2933,High Shade,8,62,56,35,50,49,88,40,,,,,,,,51,37,30,50,11,,,
940 110007343094,w192350,940 110019090507,2590,High Shade,7,17,76,23,28,29,24,29,,,,,,,,27,31,31,22,36,60,296,75
940 110007343094,w192350,940 110009538677,W192239,High Shade,100,75,21,17,45,56,39,48,,,,,,,,61,35,52,45,28,76,78,
940 110007343094,w192350,940 110009541027,2930,High Shade,16,60,71,47,41,133,87,46,,,,,,,,44,23,21,23,15,36,35,
940 110007343094,w192350,940 110012567125,2363,High Shade,16,13,24,32,16,48,27,15,,,,,,,,15,237,136,71,16,17,12,36
940 110007343094,w192350,940 110020787431,w1706,High Shade,22,13,33,58,30,5,22,31,,,,,,,,25,27,182,46,47,11,58,
940 110007343094,w192350,940 110012567054,2411,High Shade,8,38,41,30,53,18,33,37,,,,,,,,58,52,26,58,39,33,62,33
940 110007343094,w192350,940 110009540879,w192135,High Shade,1,11,39,20,37,7,46,39,,,,,,,,27,38,31,59,90,25,64,56
940 110007343094,w192350,940 110012566916,2543,High Shade,21,40,9,25,133,2,15,25,,,,,,,,67,70,23,25,38,28,25,62
940 110007343094,w192350,940 110012553776,2571,High Shade,20,18,34,20,38,49,20,12,,,,,,,,25,58,23,46,29,33,33,46
940 110007343094,w192350,940 110009422880,2407,High Shade,2,16,15,20,52,47,31,54,,,,,,,,39,29,38,20,47,30,132,47
940 110007343094,w192350,940 110009541155,2399,High Shade,4,47,15,24,34,22,38,16,,,,,,,,18,25,30,38,17,16,29,16
940 110007343094,w192350,940 110012564910,2461,High Shade,12,4,8,17,17,25,28,12,,,,,,,,15,70,52,30,30,21,23,27
940 110007343094,w192350,940 110019088661,w791,High Shade,16,36,32,117,8,29,35,42,,,,,,,,37,19,35,17,14,39,75,
940 110007343094,w192350,940 110012567424,2305,High Shade,1,24,42,30,59,24,46,52,,,,,,,,43,105,41,31,21,67,89,34
940 110007343094,w192350,940 110009541284,2323,High Shade,,83,58,20,13,23,70,27,,,,,,,,31,32,30,83,43,36,,
940 110007343094,w192350,940 110009423155,w192406,High Shade,11,33,15,36,12,12,44,34,,,,,,,,17,13,10,25,46,30,18,7
940 110007343094,w192350,940 110012567049,2988,High Shade,13,12,32,6,44,71,43,48,,,,,,,,38,44,68,19,16,29,48,69
940 110007343094,w192350,940 110009539292,2958,High Shade,2,27,70,64,89,38,44,15,,,,,,,,13,24,19,50,41,15,46,6
940 110007343094,w192350,940 110009540852,3717,High Shade,26,28,226,30,17,17,23,27,,,,,,,,28,44,35,48,65,25,44,21
940 110007343094,w192350,940 110009538693,w993,High Shade,5,13,7,14,21,6,18,19,,,,,,,,25,114,76,25,24,28,24,
940 110007343094,w192350,940 110009541193,w226,High Shade,10,42,79,24,48,66,28,48,,,,,,,,24,94,36,56,33,49,38,1
940 110007343094,w192350,940 110009540641,w765,High Shade,3,16,20,29,45,29,69,20,,,,,,,,46,45,43,54,52,39,21,27
940 110007343094,w192350,940 110009423023,y455,High Shade,4,75,82,42,102,80,86,27,,,,,,,,30,14,36,14,34,28,47,31
940 110007343094,w192350,940 110009539574,W1585,High Shade,19,31,14,9,34,23,54,58,,,,,,,,13,14,23,32,41,15,28,
940 110007343094,w192350,940 110012566390,2467,High Shade,10,28,32,149,93,32,76,42,,,,,,,,14,59,20,19,15,60,16,
940 110007343094,w192350,940 110009540400,w192325,High Shade,1,23,51,13,52,23,58,47,,,,,,,,38,37,27,90,84,42,57,
940 110007343094,w192350,940 110012565375,3744,High Shade,1,22,17,6,53,40,80,28,,,,,,,,43,36,55,92,88,74,62,28
940 110007343094,w192350,940 110009540112,w192218,High Shade,6,15,31,57,60,22,33,41,,,,,,,,47,46,46,40,53,29,60,57
940 110007343094,w192350,940 110012567022,w937,High Shade,18,63,71,33,53,29,38,35,,,,,,,,47,42,37,32,28,37,1,
940 110007343094,w192350,940 110012553675,w192153,High Shade,7,10,28,28,41,53,26,12,,,,,,,,22,16,26,48,25,52,19,16
940 110007343094,w192350,940 110012554588,2628,High Shade,3,23,25,27,39,23,64,44,,,,,,,,20,29,31,15,12,31,40,23
940 110007343094,w192350,940 110012565425,2703,High Shade,6,13,44,15,23,13,8,35,,,,,,,,17,30,20,26,114,30,85,5
940 110007343094,w192350,940 110019090105,2520,High Shade,,10,48,27,30,40,42,74,,,,,,,,24,15,57,45,28,36,23,
940 110007343094,w192350,940 110019091541,2893,High Shade,5,4,24,11,9,4,3,26,,,,,,,,53,55,21,49,23,31,59,85
940 110007343094,w192350,940 110012554845,W192256,High Shade,3,18,39,38,100,50,7,22,,,,,,,,56,31,29,55,37,35,72,
940 110007343094,w192350,940 110019090374,2365,High Shade,8,20,27,71,28,46,20,37,,,,,,,,39,31,108,34,48,25,36,
940 110007343094,w192350,940 110009541586,w192277,High Shade,6,14,11,17,34,5,15,23,,,,,,,,38,125,25,15,17,19,43,
940 110007343094,w192350,940 110019091053,2671,High Shade,31,37,35,45,28,29,24,29,,,,,,,,23,74,23,31,12,26,71,14
940 110007343094,w192350,982 123812217444,w192236,High Shade,13,32,20,28,24,28,54,60,,,,,,,,49,48,31,28,26,62,34,
940 110007343094,w192350,940 110012567887,2650,High Shade,7,55,27,56,50,23,92,33,,,,,,,,30,56,72,74,75,71,41,
940 110007343094,w192350,940 110019090379,w1785,High Shade,16,57,116,10,64,28,28,12,,,,,,,,31,24,21,23,18,20,16,
940 110007343094,w192350,940 110019089911,2038,High Shade,3,27,41,8,65,36,55,24,,,,,,,,42,19,61,28,21,26,27,
940 110007343094,w192350,940 110009539063,w221,High Shade,2,48,44,20,23,11,24,51,,,,,,,,49,59,23,28,45,66,,
940 110007343094,w192350,940 110019091927,y493,High Shade,10,64,36,14,39,65,48,40,,,,,,,,31,51,26,61,32,62,72,
940 110007343094,w192350,940 110009539600,o22,High Shade,23,48,7,24,31,85,58,72,,,,,,,,31,71,32,22,45,20,85,6
940 110007343094,w192350,940 110009541457,y449,High Shade,36,30,10,13,15,9,4,50,,,,,,,,176,29,31,46,30,58,41,
940 110007343094,w192350,940 110009423145,w192150,High Shade,6,34,197,30,40,20,75,33,,,,,,,,26,23,28,64,106,84,64,
940 110007343094,w192350,940 110009541731,o41,High Shade,1,29,44,35,31,19,29,42,,,,,,,,20,10,16,76,20,8,,
940 110007343094,w192350,940 110019089807,w773,High Shade,8,24,62,25,17,21,26,31,,,,,,,,54,52,17,26,13,35,5,
940 110007343094,w192350,940 110009540892,2373,High Shade,7,35,34,18,7,11,27,39,,,,,,,,28,50,29,24,37,29,20,
940 110007343094,w192350,940 110012566714,3750,High Shade,16,9,11,47,27,6,13,40,,,,,,,,33,24,18,27,39,45,38,1
940 110007343094,w192350,940 110009539732,2639,High Shade,1,4,9,15,43,32,16,49,,,,,,,,37,20,22,54,84,32,33,24
940 110007343094,w192350,940 110009540691,2018,High Shade,8,49,69,24,23,42,27,15,,,,,,,,60,36,38,48,22,22,33,12
940 110007343094,w192350,940 110009422291,2900,High Shade,,24,22,14,17,4,27,44,,,,,,,,29,63,22,13,69,33,53,1
940 110007343094,w192350,940 110019090490,2627,High Shade,3,34,70,22,23,29,22,22,,,,,,,,33,91,46,22,8,17,21,
940 110007343094,w192350,940 110009540880,w897,High Shade,1,25,14,32,75,10,38,57,,,,,,,,43,26,35,27,41,80,77,
940 110007343094,w192350,940 110012565868,2952,High Shade,7,16,6,33,45,32,27,38,,,,,,,,33,31,30,78,52,28,23,
940 110007343094,w192350,940 110009539582,2602,High Shade,21,36,6,15,16,16,215,71,,,,,,,,59,27,90,35,30,48,34,
940 110007343094,w192350,940 110009541461,2621,High Shade,7,14,14,28,34,18,15,26,,,,,,,,76,27,40,21,29,32,76,9
940 110007343094,w192350,940 110009539701,w192055,High Shade,26,17,20,26,93,25,30,44,,,,,,,,23,73,29,19,19,27,55,
940 110007343094,w192350,940 110009541618,2559,High Shade,,25,10,29,17,6,11,25,,,,,,,,39,60,24,71,27,40,,
940 110007343094,w192350,940 110009539186,2625,High Shade,28,8,39,61,79,23,25,58,,,,,,,,23,23,29,28,24,45,55,
940 110007343094,w192350,940 110009538652,2574,High Shade,13,19,23,21,30,21,44,32,,,,,,,,39,30,52,20,26,33,40,25
940 110007343094,w192350,940 110012566735,2934,High Shade,9,42,19,43,27,32,43,44,,,,,,,,49,39,57,40,16,24,20,
940 110007343094,w192350,940 110012554672,y1024,High Shade,3,34,44,27,26,26,5,16,,,,,,,,103,27,46,51,44,53,19,
940 110007343094,w192350,940 110019091360,2937,High Shade,7,22,19,23,38,27,15,22,,,,,,,,48,30,40,28,24,42,9,
940 110007343094,w192350,940 110011991139,2653,High Shade,,13,,,,,,,,,,,,,,16,16,14,32,13,46,,
940 110007343094,w192350,940 110009540731,2713,High Shade,3,58,396,50,46,31,60,32,,,,,,,,22,14,25,23,61,42,52,
940 110007343094,w192350,940 110009541182,w192154,High Shade,4,23,25,28,37,29,53,34,,,,,,,,76,63,13,18,17,41,,
940 110007343094,w192350,940 110012567632,5361,High Shade,1,27,17,40,20,15,27,42,,,,,,,,13,24,36,13,29,42,60,
940 110007343094,w192350,940 110009541089,2568,High Shade,2,59,123,46,38,69,67,25,,,,,,,,33,15,26,25,33,22,70,
940 110007343094,w192350,940 110009540994,w192561,High Shade,11,17,57,98,17,22,78,39,,,,,,,,52,32,37,41,83,65,52,99
940 110007343094,w192350,940 110012567203,2537,High Shade,10,7,60,40,53,21,99,49,,,,,,,,36,27,76,30,43,34,39,
940 110007343094,w192350,940 110009541435,2979,High Shade,4,24,28,49,59,27,7,43,,,,,,,,27,119,26,39,25,31,4,
940 110007343094,w192350,940 110012553652,w9511,High Shade,5,30,15,24,22,34,16,38,,,,,,,,24,16,35,31,24,47,10,
940 110007343094,w192350,940 110012554433,y474,High Shade,,11,1,32,10,8,19,29,,,,,,,,26,33,38,22,145,26,36,
940 110007343094,w192350,940 110009539288,w192212,High Shade,6,32,23,17,20,69,20,26,,,,,,,,15,23,109,23,29,1,,
940 110007343094,w192350,940 110019090030,2629,High Shade,,74,68,42,19,22,11,26,,,,,,,,10,52,18,65,15,14,,
940 110007343094,w192350,940 110019091890,y460,High Shade,1,57,56,32,23,22,25,19,,,,,,,,21,47,59,15,15,3,,
940 110007343094,w192350,940 110009539164,2924,High Shade,6,17,71,34,59,55,41,44,,,,,,,,41,46,43,48,25,38,15,
940 110007343094,w192350,940 110009540290,2327,High Shade,,7,6,14,11,26,13,20,,,,,,,,33,114,35,24,53,23,13,
940 110007343094,w192350,940 110009540162,2433,High Shade,1,12,53,67,19,20,31,45,,,,,,,,32,49,33,35,27,29,,
940 110007343094,w192350,940 110009541259,3758,High Shade,32,13,29,551,42,18,86,66,,,,,,,,50,23,36,36,57,233,54,
940 110007343094,w192350,940 110012554553,w961,High Shade,11,26,90,29,44,32,59,68,,,,,,,,83,42,75,31,57,42,9,
940 110007343094,w192350,940 110009530579,w967,High Shade,1,20,66,27,144,12,13,24,,,,,,,,60,28,26,45,23,41,7,
940 110007343094,w192350,940 110009539267,y444,High Shade,,32,88,34,32,30,41,20,,,,,,,,15,20,24,13,13,23,9,
940 110007343094,w192350,940 110009539379,2646,High Shade,,44,22,66,30,23,122,46,,,,,,,,46,42,60,72,35,50,14,
940 110007343094,w192350,940 110009539523,2303,High Shade,9,12,32,10,13,32,26,41,,,,,,,,47,21,35,18,32,22,,
940 110007343094,w192350,940 110009540131,2640,High Shade,9,87,57,40,38,9,24,50,,,,,,,,30,57,22,22,33,52,34,
940 110007343094,w192350,940 110009539215,w979,High Shade,3,7,28,30,21,4,34,24,,,,,,,,30,37,31,27,140,37,16,
940 110007343094,w192350,940 110019091895,2394,High Shade,3,26,22,14,9,47,10,20,,,,,,,,48,179,22,45,23,67,1,
940 110007343094,w192350,940 110019090103,w192008,High Shade,15,12,17,66,28,191,26,31,,,,,,,,35,35,25,30,66,33,24,
940 110007343094,w192350,940 110012568291,y434,High Shade,1,28,20,49,47,66,18,22,,,,,,,,27,32,39,53,70,11,,
940 110007343094,w192350,940 110009539587,w192330,High Shade,15,5,10,30,54,18,248,50,,,,,,,,60,71,29,97,46,51,40,
940 110007343094,w192350,940 110012553789,2610,High Shade,4,33,37,55,16,15,25,37,,,,,,,,43,29,28,31,41,21,,
940 110007343094,w192350,940 110019091049,2418,High Shade,14,22,181,50,46,81,56,20,,,,,,,,85,41,30,36,32,13,45,
940 110007343094,w192350,940 110009540147,w1637,High Shade,14,15,8,14,49,24,17,18,,,,,,,,37,41,16,30,18,27,,
940 110007343094,w192350,940 110019091521,2350,High Shade,18,5,35,95,79,29,27,54,,,,,,,,24,23,10,25,27,33,38,14
940 110007343094,w192350,940 110012554501,2717,High Shade,9,52,36,51,29,20,36,32,,,,,,,,36,10,246,23,20,37,,
940 110007343094,w192350,940 110009422302,2616,High Shade,15,9,36,17,22,13,30,19,,,,,,,,50,26,51,88,110,56,108,
940 110007343094,w192350,940 110009538502,w1763,High Shade,,16,43,46,48,32,118,48,,,,,,,,36,37,34,42,47,24,30,
940 110007343094,w192350,940 110012565444,w1512,High Shade,11,70,68,34,34,20,76,24,,,,,,,,139,49,52,20,28,17,46,
940 110007343094,w192350,940 110009538623,2554,High Shade,5,14,3,46,25,53,19,26,,,,,,,,23,35,33,58,27,9,,
940 110007343094,w192350,940 110009539443,W1695,High Shade,14,21,34,19,43,25,27,72,,,,,,,,40,52,25,40,37,6,,
940 110007343094,w192350,940 110012566730,w192152,High Shade,13,64,72,49,23,28,35,49,,,,,,,,42,82,42,52,39,27,,
940 110007343094,w192350,940 110009538900,2659,High Shade,21,81,13,72,45,43,122,43,,,,,,,,34,34,31,35,74,62,32,
940 110007343094,w192350,940 110009539846,y448,High Shade,,,,,,,,,,,,,,,,44,29,30,21,387,61,58,
940 110007343094,w192350,940 110012564957,2622,High Shade,25,16,65,32,22,7,64,21,,,,,,,,68,31,28,39,97,33,76,
940 110007343094,w192350,940 110012567143,w1640,High Shade,12,20,48,31,21,13,24,71,,,,,,,,45,17,33,30,44,65,,
940 110007343094,w192350,940 110009539995,w213,High Shade,3,19,89,99,32,13,32,78,,,,,,,,48,66,42,37,41,48,27,
940 110007343094,w192350,940 110012566557,2688,High Shade,19,13,35,45,21,29,41,232,,,,,,,,48,41,46,22,76,33,,
940 110007343094,w192350,940 110009538743,2023,High Shade,5,49,9,18,17,20,8,18,,,,,,,,136,27,33,25,34,48,21,
940 110007343094,w192350,940 110009539721,w9513,High Shade,6,44,15,72,58,40,59,35,,,,,,,,76,53,97,40,70,63,,
940 110007343094,w192350,940 110009539113,2423,High Shade,,11,6,28,2,8,35,26,,,,,,,,38,20,23,26,17,34,,
940 110007343094,w192350,940 110009538774,2384,High Shade,1,13,5,19,20,8,28,25,,,,,,,,80,82,36,41,43,56,74,41
940 110007343094,w192350,940 110019090459,2626,High Shade,14,7,71,28,65,51,22,41,,,,,,,,20,40,14,15,36,36,36,
940 110007343094,w192350,940 110012565433,2674,High Shade,5,31,22,54,15,3,19,27,,,,,,,,37,28,40,64,22,3,,
940 110007343094,w192350,940 110009540630,2969,High Shade,8,18,2,9,30,18,45,35,,,,,,,,29,19,45,17,17,67,36,
940 110007343094,w192350,940 110009538571,2395,High Shade,4,33,36,10,14,25,12,16,,,,,,,,90,43,18,35,25,63,24,
940 110007343094,w192350,940 110019091513,w192087,High Shade,2,29,293,17,20,21,18,34,,,,,,,,21,22,14,30,114,56,10,
940 110007343094,w192350,940 110012554843,w1552,High Shade,4,32,62,39,26,9,17,27,,,,,,,,38,19,65,23,25,43,8,
940 110007343094,w192350,940 110009423166,2963,High Shade,23,10,20,55,13,10,16,45,,,,,,,,14,27,42,63,21,9,,
940 110007343094,w192350,940 110012568096,2620,High Shade,17,38,24,22,28,11,34,36,,,,,,,,51,125,26,104,44,29,18,
940 110007343094,w192350,940 110019091355,2321,High Shade,,37,41,13,24,48,16,53,,,,,,,,34,28,35,16,28,12,,
940 110007343094,w192350,940 110012564961,2335,High Shade,1,31,33,30,7,14,11,39,,,,,,,,32,15,40,14,34,31,10,
940 110007343094,w192350,940 110012554714,w192377,High Shade,6,20,19,68,23,13,15,46,,,,,,,,33,46,14,86,12,28,,
940 110007343094,w192350,940 110009421864,o27,High Shade,17,36,41,15,40,28,6,39,,,,,,,,58,16,33,23,85,40,10,
940 110007343094,w192350,940 110009423220,o24,High Shade,26,67,33,19,46,82,39,30,,,,,,,,88,40,52,31,30,52,,
940 110007343094,w192350,940 110009540190,1474,High Shade,1,5,14,17,49,38,20,37,,,,,,,,61,58,73,32,34,,,
940 110007343094,w192350,940 110009541679,w1661,High Shade,12,11,31,40,36,14,24,37,,,,,,,,27,28,51,69,74,75,7,
940 110007343094,w192350,940 110012554266,w1645,High Shade,,22,16,27,13,26,7,28,,,,,,,,23,83,33,51,149,80,1,
940 110007343094,w192350,940 110012566822,w192004,High Shade,1,25,26,30,14,59,26,23,,,,,,,,17,25,14,24,37,3,,
940 110007343094,w192350,940 110019091371,w1756,High Shade,3,69,70,16,18,9,34,45,,,,,,,,35,78,36,21,36,16,1,
940 110007343094,w192350,940 110009538722,3753,High Shade,3,6,238,29,13,36,17,34,,,,,,,,79,53,22,33,44,15,,
940 110007343094,w192350,940 110009541521,2613,High Shade,17,43,34,23,49,35,48,66,,,,,,,,27,37,27,49,17,45,9,
940 110007343094,w192350,940 110009423176,2451,High Shade,4,22,11,52,44,17,84,70,,,,,,,,27,34,39,41,34,26,45,
940 110007343094,w192350,940 110012566863,y472,High Shade,3,24,9,42,9,8,20,19,,,,,,,,34,37,31,186,42,31,109,
940 110007343094,w192350,940 110009541526,y428,High Shade,,35,19,6,14,4,6,17,,,,,,,,22,28,20,35,10,30,36,20
940 110007343094,w192350,940 110009539726,w952,High Shade,14,76,62,34,205,46,19,34,,,,,,,,38,41,74,32,118,47,67,9
940 110007343094,w192350,940 110009541103,w192002,High Shade,6,26,10,22,16,9,63,17,,,,,,,,31,34,51,21,44,40,26,
940 110007343094,w192350,940 110019088685,2931,High Shade,16,38,54,45,31,53,22,43,,,,,,,,19,77,36,55,39,59,27,
940 110007343094,w192350,940 110012567392,w192006,High Shade,4,24,40,194,34,45,42,28,,,,,,,,36,68,41,19,43,50,21,
940 110007343094,w192350,940 110019091854,w192180,High Shade,25,184,60,33,112,29,56,63,,,,,,,,51,22,23,36,15,82,58,24
940 110007343094,w192350,940 110019091342,y450,High Shade,23,51,44,23,79,47,27,33,,,,,,,,40,59,33,30,42,66,22,
940 110007343094,w192350,940 110012567798,w1697,High Shade,28,25,55,77,25,12,56,29,,,,,,,,48,47,22,31,123,55,49,41
940 110011818156,w192385,940 110012554375,2351,High Shade,9,53,22,34,53,38,112,11,11,36,28,10,12,10,44,,,,,,,,
940 110011818156,w192385,940 110019090775,w192050,High Shade,8,31,22,13,35,42,23,16,17,84,26,29,6,8,23,,,,,,,,
940 110011818156,w192385,940 110019091445,2664,High Shade,5,20,30,37,22,10,14,29,24,15,35,2,4,10,47,,,,,,,,
940 110011818156,w192385,940 110009538653,2658,High Shade,,16,38,15,19,27,30,17,20,42,37,10,30,5,53,,,,,,,,
940 110011818156,w192385,940 110012554675,2570,High Shade,3,39,35,54,20,67,127,63,19,22,27,23,8,15,27,,,,,,,,
940 110011818156,w192385,940 110019091443,w9534,High Shade,2,24,47,37,20,31,20,26,90,23,39,9,6,6,22,,,,,,,,
940 110011818156,w192385,940 110009422297,2376,High Shade,14,28,22,15,25,22,48,34,23,21,22,4,1,6,34,,,,,,,,
940 110011818156,w192385,940 110019090024,w192382,High Shade,3,43,48,26,44,62,21,90,90,25,19,11,7,9,44,,,,,,,,
940 110011818156,w192385,940 110019091352,w192172,High Shade,8,11,15,14,13,42,25,26,36,172,26,10,9,14,56,,,,,,,,
940 110011818156,w192385,940 110009539425,2619,High Shade,5,77,32,25,43,13,33,27,19,24,85,16,4,9,46,,,,,,,,
940 110011818156,w192385,940 110009538885,w9333,High Shade,7,26,22,35,30,41,10,48,64,35,19,6,83,19,48,,,,,,,,
940 110011818156,w192385,940 110019090749,2375,High Shade,9,39,63,41,30,23,14,32,24,32,28,16,13,8,30,,,,,,,,
940 110011818156,w192385,940 110009423244,w9536,High Shade,13,25,18,52,42,39,52,38,44,27,43,3,4,3,42,,,,,,,,
940 110007958008,w192415,982 123812217553,2400,No Shade,12,30,23,64,16,40,100,134,35,38,14,12,50,14,53,43,10,39,46,87,76,,
940 110007958008,w192415,940 110019088701,w192313,No Shade,3,30,36,82,46,141,49,46,62,22,38,49,41,58,32,36,13,41,53,54,77,,
940 110007958008,w192415,940 110009540316,2033,No Shade,14,82,60,53,51,21,44,110,109,64,30,37,244,45,37,33,44,45,61,104,109,4,
940 110007958008,w192415,940 110009422824,y447,No Shade,44,52,17,18,53,27,43,86,41,32,31,38,20,76,26,43,15,40,60,56,88,8,
940 110007958008,w192415,940 110019092805,w1664,No Shade,5,19,12,22,34,40,45,104,44,115,21,37,13,52,35,21,48,38,57,40,47,1,
940 110007958008,w192415,940 110009539115,2583,No Shade,9,26,53,16,41,28,24,67,70,39,35,24,45,36,203,25,20,77,33,131,114,4,
940 110007958008,w192415,940 110009538750,2534,No Shade,12,60,43,50,54,56,55,182,64,64,51,40,86,36,77,40,43,25,82,76,58,21,
940 110007958008,w192415,940 110019091368,2637,No Shade,11,29,27,61,76,26,32,48,26,46,56,35,120,28,30,30,16,186,198,72,50,7,
940 110007958008,w192415,940 110012567072,2035,No Shade,98,183,34,24,13,14,61,227,46,22,13,25,28,27,49,22,10,24,29,65,61,,
940 110007958008,w192415,940 110012566439,w192249,No Shade,21,18,18,24,172,25,55,72,101,55,26,71,21,36,15,35,26,68,50,56,38,98,
940 110007958008,w192415,940 110012568263,w1624,No Shade,5,60,46,46,54,18,46,147,50,57,22,23,40,18,33,16,34,28,98,83,201,5,
940 110007958008,w192415,940 110009539378,3798,No Shade,9,34,42,41,26,25,49,124,64,58,53,51,16,11,9,,,,,,,,
940 110007958008,w192415,940 110009539903,w192012,No Shade,6,29,41,34,71,20,43,65,101,35,40,33,47,93,26,53,32,51,95,58,135,20,
940 110007958008,w192415,940 110019090667,w1622,No Shade,7,20,5,14,26,29,11,17,50,76,46,125,20,105,16,12,13,42,35,51,58,10,
940 110007958008,w192415,940 110012567833,w281,No Shade,6,66,110,44,21,57,23,126,25,48,63,45,41,13,36,27,27,71,82,69,113,2,
940 110007958008,w192415,940 110012553844,2970,No Shade,4,36,45,29,20,46,20,45,56,50,71,21,29,15,20,34,62,34,90,197,143,6,
940 110007958008,w192415,940 110012566988,w1726,No Shade,12,44,72,64,35,67,15,171,71,44,11,37,80,47,39,89,13,48,14,77,43,10,
940 110007958008,w192415,940 110009540648,w744,No Shade,12,41,38,62,27,39,39,60,26,35,29,15,21,14,18,,,,,,,,
940 110007958008,w192415,940 110009423261,2633,No Shade,10,49,51,36,34,52,39,68,47,36,47,14,25,23,59,22,30,49,70,40,28,25,
940 110007958008,w192415,940 110009539369,2490,No Shade,5,44,42,56,51,199,43,135,80,46,48,37,41,27,40,40,27,70,64,76,128,12,
940 110007958008,w192415,940 110009539082,2479,No Shade,20,26,50,42,16,35,11,37,29,89,12,38,33,12,98,36,44,42,69,48,47,28,
940 110007958008,w192415,940 110009538428,w1612,No Shade,6,55,46,31,33,21,68,165,48,51,65,57,41,42,44,22,54,65,43,91,60,1,
940 110007958008,w192415,940 110009538608,w192160,No Shade,2,59,65,37,40,34,29,53,55,19,54,9,6,9,15,,,,,,,,
940 110007958008,w192415,940 110012554559,w9330,No Shade,10,42,14,,,,,,18,22,4,22,23,41,54,60,24,39,24,56,48,,
940 110007958008,w192415,940 110012566899,w9537,No Shade,9,17,10,11,9,34,16,56,186,50,11,45,28,36,23,19,28,55,121,61,19,45,
940 110007958008,w192415,940 110009541497,2667,No Shade,20,54,35,32,35,50,23,86,67,49,17,34,49,14,95,18,36,74,63,38,174,7,
940 110007958008,w192415,940 110009540871,2528,No Shade,12,34,49,29,60,25,58,104,113,43,101,28,26,16,56,33,40,68,66,57,80,7,
940 110007958008,w192415,940 110009538619,3736,No Shade,4,10,24,13,125,19,23,86,27,18,12,13,19,10,15,13,31,38,46,47,35,9,
940 110007958008,w192415,940 110012565591,2684,No Shade,11,45,50,51,19,46,15,104,24,34,45,186,10,6,19,3,,,,,,,
940 110007958008,w192415,940 110009541538,w192278,No Shade,13,27,36,32,422,6,23,153,24,31,27,43,68,20,27,25,41,43,66,61,74,1,
940 110007958008,w192415,940 110009538666,w986,No Shade,12,16,17,12,30,9,19,96,23,30,67,9,10,31,46,17,48,42,33,186,82,40,
940 110007958008,w192415,940 110009540453,2371,No Shade,10,46,46,17,28,20,20,45,37,50,22,16,22,12,26,21,38,71,40,32,516,17,
940 110007958008,w192415,940 110009538631,2316,No Shade,5,26,34,62,35,53,39,117,27,57,90,17,20,124,592,18,18,38,40,71,48,4,
940 110007958008,w192415,940 110009423027,2542,No Shade,16,88,40,45,33,41,49,123,26,31,66,62,46,31,48,111,43,50,60,70,72,4,
940 110007958008,w192415,940 110009539843,2439,No Shade,11,108,144,15,27,30,37,88,74,64,29,22,53,32,23,23,97,46,69,97,87,2,
940 110007958008,w192415,940 110019089913,3715,No Shade,14,51,139,22,29,47,41,120,59,98,10,56,37,27,32,16,22,59,219,121,59,3,
940 110007958008,w192415,940 110009539785,y1077,No Shade,13,36,56,48,26,38,43,78,61,46,47,18,62,98,37,22,18,38,59,56,63,1,
940 110007958008,w192415,940 110009538648,w923,No Shade,8,16,38,30,32,64,31,89,31,51,28,44,39,131,13,42,21,36,56,86,42,33,
940 110007958008,w192415,940 110009540172,w9277,No Shade,8,39,42,85,44,23,27,140,42,31,104,19,11,14,11,,,,,,,,
940 110007958008,w192415,940 110009538450,w9279,No Shade,21,42,71,130,71,57,46,96,19,26,17,21,60,53,42,50,32,42,33,61,87,3,
940 110007958008,w192415,940 110012565638,w1549,No Shade,33,46,17,25,19,18,55,82,27,11,33,81,84,27,20,35,28,45,59,52,61,65,
940 110007958008,w192415,940 110012566852,2669,No Shade,16,27,42,15,39,25,23,85,39,29,23,6,3,7,11,,,,,,,,
940 110007958008,w192415,940 110009538656,w1597,No Shade,17,38,23,76,46,29,26,220,56,42,23,55,133,119,67,35,88,32,108,72,90,2,
940 110007958008,w192415,940 110009539851,w192094,No Shade,12,46,53,40,17,28,21,106,40,40,46,48,34,29,37,623,322,35,117,101,92,8,
940 110007958008,w192415,940 110012567439,3763,No Shade,6,13,37,17,51,25,33,70,24,48,27,21,38,37,6,28,57,78,45,59,42,4,
940 110007958008,w192415,940 110009540403,w192579,No Shade,8,56,37,36,40,19,34,44,37,30,58,92,20,20,16,54,80,50,56,37,196,28,
940 110007958008,w192415,940 110009539003,w768,No Shade,4,28,27,26,25,28,30,61,31,103,56,181,50,23,19,22,18,37,39,29,26,7,
940 110007958008,w192415,940 110009539138,2391,No Shade,31,28,23,38,20,7,9,29,12,25,39,20,24,13,19,15,88,88,57,28,63,3,
940 110007958008,w192415,940 110009538618,w1544,No Shade,6,21,13,24,11,17,35,49,116,41,51,13,27,8,14,25,22,30,47,156,39,1,
940 110007958008,w192415,940 110012554703,2343,No Shade,9,27,43,42,47,34,70,103,111,75,70,64,14,72,29,31,23,66,62,194,50,2,
940 110007958008,w192415,940 110009539357,w1707,No Shade,16,31,78,21,23,19,22,77,51,38,79,33,10,24,147,134,38,21,46,52,62,2,
940 110007958008,w192415,940 110009422169,2380,No Shade,7,21,35,19,18,29,42,149,69,47,27,5,15,23,10,,,,,,,,
940 110007958008,w192415,940 110019090739,2950,No Shade,5,40,56,58,21,13,39,86,23,56,29,49,38,30,31,17,73,39,422,44,126,3,
940 110007958008,w192415,940 110012554430,2644,No Shade,7,60,27,23,32,26,25,54,16,20,52,31,38,549,37,27,34,45,57,83,73,3,
940 110007958008,w192415,940 110009540303,2928,No Shade,5,28,37,87,79,48,22,93,27,66,35,22,51,27,27,39,29,47,39,80,39,2,
940 110007958008,w192415,940 110019090431,2344,No Shade,5,38,22,24,19,23,24,85,44,45,109,67,46,79,46,22,9,50,66,98,42,6,
940 110007958008,w192415,940 110009539429,y1074,No Shade,4,42,30,40,46,24,28,89,77,41,58,7,34,251,189,72,38,30,31,64,56,2,
940 110007958008,w192415,940 110012553725,w789,No Shade,15,29,46,28,14,40,15,66,47,35,20,87,46,20,23,38,31,50,60,43,46,5,
940 110007958008,w192415,940 110009540097,w192081,No Shade,9,25,34,18,24,16,113,104,16,30,25,19,18,29,43,25,29,60,28,66,34,8,
940 110007958008,w192415,940 110009538934,2714,No Shade,14,43,56,27,15,32,38,77,25,35,14,37,140,45,14,29,49,39,80,34,57,22,
940 110007958008,w192415,940 110009538594,2689,No Shade,14,50,20,7,24,21,20,125,43,24,20,49,118,37,88,111,56,32,42,48,73,5,
940 110007958008,w192415,940 110012553817,w1797,No Shade,3,16,17,60,19,63,34,97,42,17,8,117,269,34,74,38,7,27,22,75,18,,
940 110007958008,w192415,940 110009539841,w287,No Shade,12,27,17,28,13,10,19,128,33,43,36,34,25,68,98,23,29,40,24,33,54,9,
940 110007958008,w192415,940 110019089989,2557,No Shade,9,53,32,44,48,35,33,90,41,64,260,112,65,44,46,21,36,35,28,70,22,3,
940 110007958008,w192415,940 110009541057,2953,No Shade,9,49,22,51,37,31,49,106,41,44,108,25,50,36,20,34,34,68,66,27,42,1,
940 110007958008,w192415,940 110009540770,w1751,No Shade,6,15,22,18,19,9,25,52,26,29,18,225,46,14,16,33,20,73,39,58,22,10,
940 110007958008,w192415,940 110009540560,w784,No Shade,23,24,24,31,23,24,74,49,30,38,12,47,35,16,36,29,52,63,38,71,33,7,
940 110007958008,w192415,940 110019090350,w192043,No Shade,6,35,29,14,53,38,21,70,50,30,15,25,44,27,28,48,31,39,24,36,47,56,
940 110007958008,w192415,940 110012553575,w192108,No Shade,9,55,27,36,36,52,29,74,84,55,31,7,8,4,8,,,,,,,,
940 110007958008,w192415,940 110009538497,2459,No Shade,13,16,17,23,28,50,10,101,25,51,22,42,16,33,32,21,55,36,103,79,82,4,
940 110007958008,w192415,940 110009423147,2680,No Shade,8,42,44,43,39,27,46,101,230,134,32,75,40,18,61,53,39,102,40,85,47,2,
940 110007958008,w192415,940 110019088662,2921,No Shade,8,20,38,15,24,15,28,36,27,84,40,5,12,2,2,,,,,,,,
940 110007958008,w192415,940 110009423180,2382,No Shade,18,65,83,26,43,43,70,161,86,57,65,39,33,36,61,20,32,33,42,76,71,1,
940 110007958008,w192415,940 110019088585,2496,No Shade,10,29,45,25,28,22,86,116,53,164,27,55,29,22,67,23,42,83,71,46,60,3,
940 110007958008,w192415,940 110019089959,2711,No Shade,13,29,101,23,44,32,39,68,45,39,65,45,49,17,46,71,30,46,47,56,77,3,
940 110007958008,w192415,940 110009539773,3741,No Shade,19,33,31,74,50,23,41,124,46,33,127,134,54,47,50,53,16,38,97,84,67,9,
940 110007958008,w192415,940 110012554102,y1028,No Shade,8,24,48,29,24,16,28,93,54,31,29,17,25,50,46,26,46,40,101,144,38,5,
940 110007958008,w192415,940 110019091247,2346,No Shade,7,26,25,19,27,24,27,41,93,37,15,86,101,95,48,179,54,75,133,87,61,2,
940 110007958008,w192415,940 110009541593,2533,No Shade,14,63,26,18,42,47,43,141,73,52,32,46,66,145,167,34,64,44,30,99,66,9,
940 110007958008,w192415,940 110009538728,w192503,No Shade,3,42,61,58,39,33,135,45,44,37,15,58,84,45,49,25,28,41,93,38,84,8,
940 110007958008,w192415,940 110012565516,w1673,No Shade,9,23,44,26,39,38,27,55,47,77,22,44,75,61,71,42,48,47,37,38,,,
940 110007958008,w192415,940 110009538415,w9559,No Shade,10,32,27,28,16,40,28,88,44,75,36,47,59,42,32,23,31,107,54,45,143,15,
940 110007958008,w192415,940 110019088447,w723,No Shade,13,54,20,29,55,39,156,140,63,63,65,75,46,89,25,35,28,54,47,60,54,5,
940 110007958008,w192415,940 110009538770,y470,No Shade,8,24,15,14,23,67,18,60,26,40,12,77,47,29,13,34,13,21,55,88,27,3,
940 110007958008,w192415,940 110019090286,2591,No Shade,8,25,32,77,24,22,36,99,41,61,29,29,63,31,67,47,185,39,62,60,75,27,
940 110007958008,w192415,940 110019088419,w192215,No Shade,3,21,37,28,57,22,74,112,99,79,41,34,54,12,20,23,60,71,37,40,101,33,
940 110007958008,w192415,940 110012567361,2420,No Shade,10,28,16,14,30,13,21,77,30,27,12,43,8,25,22,22,14,48,55,57,66,1,
940 110007958008,w192415,940 110009422194,w1689,No Shade,9,35,24,79,11,25,37,81,44,62,24,106,48,23,38,42,40,39,39,76,50,5,
940 110007958008,w192415,940 110009540395,y443,No Shade,6,22,17,28,87,142,13,34,35,115,11,13,5,8,1,,,,,,,,
940 110007958008,w192415,940 110009540104,w192120,No Shade,5,50,40,24,55,15,66,77,63,52,54,39,34,43,30,32,28,42,69,62,69,8,
940 110007958008,w192415,940 110009539590,2939,No Shade,16,53,22,37,33,35,35,385,64,47,26,46,38,28,18,23,67,40,81,29,138,6,
940 110007958008,w192415,940 110019088542,3737,No Shade,4,14,32,29,26,80,35,99,32,35,12,6,39,32,75,42,28,247,88,28,44,3,
940 110007958008,w192415,940 110016191551,2707,No Shade,10,245,51,32,51,24,34,119,68,53,78,9,25,80,48,38,32,52,103,55,89,7,
940 110007958008,w192415,940 110009539352,y1005,No Shade,13,43,42,42,56,8,30,75,80,72,46,41,18,12,40,50,37,44,77,36,62,14,
940 110007958008,w192415,940 110009539563,y1060,No Shade,6,21,39,23,29,41,47,129,43,14,22,623,153,29,45,48,30,47,69,51,30,6,
940 110007958008,w192415,940 110019088430,2515,No Shade,5,27,77,27,20,10,31,37,69,82,42,10,38,21,31,39,13,3,,,,,
940 110007958008,w192415,940 110009539365,w1721,No Shade,11,30,33,30,35,44,68,149,51,15,43,11,10,100,111,,,,,,,,
940 110007958008,w192415,940 110012565593,w192587,No Shade,7,24,34,26,35,23,15,111,54,44,30,24,54,56,13,33,63,32,49,89,56,13,
940 110007958008,w192415,940 110012566524,w1547,No Shade,21,40,34,62,48,28,40,144,47,23,52,34,17,15,30,33,42,53,72,59,53,7,
940 110007958008,w192415,940 110009538776,w978,No Shade,12,45,26,17,21,27,16,69,20,51,14,159,91,16,35,73,13,51,75,43,44,4,
940 110007958008,w192415,940 110009539504,2696,No Shade,5,28,41,29,44,32,40,107,82,34,46,13,75,47,46,52,37,40,45,74,36,7,
940 110007958008,w192415,940 110012567023,2614,No Shade,10,25,31,37,38,15,94,120,46,86,18,24,36,15,37,21,34,42,61,64,69,1,
940 110007958008,w192415,940 110012554697,w939,No Shade,8,36,49,115,22,21,29,167,47,71,38,35,22,58,36,21,51,38,19,37,,,
940 110007958008,w192415,940 110019091207,2665,No Shade,4,36,24,72,54,30,44,83,33,39,48,21,97,43,39,38,66,48,33,70,51,3,
940 110007958008,w192415,940 110009541227,2361,No Shade,13,51,44,26,21,16,32,42,31,37,52,66,37,46,145,34,24,53,59,45,65,4,
940 110007958008,w192415,940 110019091248,3726,No Shade,1,13,21,52,18,37,65,39,85,133,51,15,17,19,31,11,21,38,41,36,41,27,
940 110007958008,w192415,940 110009541612,w192202,No Shade,26,36,33,21,52,28,25,47,41,65,69,20,37,11,17,22,11,19,15,53,24,84,
940 110007958008,w192415,940 110009541616,2549,No Shade,18,38,54,58,48,42,41,55,50,67,128,73,92,111,120,53,43,66,84,61,37,9,
940 110007958008,w192415,940 110009538339,2971,No Shade,2,45,30,28,32,32,50,129,99,46,32,51,28,26,48,68,22,63,97,36,61,2,
940 110007958008,w192415,940 110012565614,w263,No Shade,11,16,34,26,61,32,32,136,33,93,242,21,45,35,63,44,23,50,61,53,25,,
940 110007958008,w192415,940 110019089945,y457,No Shade,9,33,39,48,31,14,90,158,63,36,21,22,43,25,38,37,24,58,62,59,72,2,
940 110007958008,w192415,940 110009540814,3742,No Shade,15,24,45,44,9,45,49,99,116,239,268,35,32,25,24,22,11,27,22,38,33,17,
940 110007958008,w192415,940 110019088549,w290,No Shade,3,20,101,66,44,41,32,76,57,56,25,119,39,21,43,23,44,37,78,185,61,3,
940 110007958008,w192415,940 110009538664,w1556,No Shade,12,44,55,30,36,34,22,86,21,105,25,22,29,42,29,17,24,27,41,40,29,13,
940 110007958008,w192415,940 110012553757,w280,No Shade,14,36,47,22,34,51,58,95,34,44,149,60,45,20,59,38,25,45,51,57,162,3,
940 110007958008,w192415,940 110019090064,2975,No Shade,14,42,32,23,53,23,65,128,60,64,77,79,58,209,59,24,25,85,76,88,66,14,
940 110007958008,w192415,940 110009539736,w745,No Shade,9,47,37,67,34,34,35,146,93,66,22,36,50,214,66,46,37,104,49,92,80,3,
940 110007958008,w192415,940 110019090013,2540,No Shade,9,23,66,53,41,42,40,75,52,72,109,25,49,111,58,41,402,75,76,91,61,,
940 110007958008,w192415,940 110012566807,2678,No Shade,6,35,60,53,52,44,57,52,90,46,43,20,36,10,55,41,52,64,39,83,51,2,
940 110007958008,w192415,940 110012554680,Y498,No Shade,2,40,49,45,32,87,65,86,60,60,37,21,55,33,61,63,30,26,24,77,40,2,
940 110007958008,w192415,940 110009538609,2943,No Shade,9,65,53,47,12,52,57,96,44,39,56,50,21,21,97,59,136,39,43,87,83,5,
940 110007958008,w192415,940 110009540288,2320,No Shade,8,16,45,32,18,12,45,103,46,31,31,64,103,35,56,26,25,127,32,105,56,1,
940 110007958008,w192415,940 110012554100,w1698,No Shade,4,32,62,49,37,123,41,98,38,34,66,10,34,48,138,46,46,46,35,83,57,11,
940 110007958008,w192415,940 110019092789,2944,No Shade,6,26,104,33,17,57,51,44,60,34,39,11,38,15,41,18,50,41,72,40,27,,
940 110007958008,w192415,940 110012554293,y423,No Shade,12,48,36,23,34,10,27,71,71,34,66,24,32,26,134,180,25,56,50,55,85,8,
940 110007958008,w192415,940 110009541075,2942,No Shade,24,34,48,50,36,48,30,51,52,52,109,54,37,46,94,45,62,107,73,161,49,5,
940 110007958008,w192415,940 110012554149,2036,No Shade,14,35,49,49,63,31,26,108,63,42,14,15,56,21,21,42,113,44,48,53,60,4,
940 110007958008,w192415,940 110009538938,2582,No Shade,10,27,19,52,18,44,21,147,83,32,36,29,41,19,39,69,37,74,126,49,81,6,
940 110007958008,w192415,940 110009540753,2541,No Shade,4,19,17,24,49,15,57,40,25,10,65,95,99,26,52,26,17,68,85,38,28,16,
940 110007958008,w192415,940 110019091322,2340,No Shade,20,54,47,28,29,30,35,108,67,48,41,37,53,31,84,49,43,84,100,45,59,7,
940 110007958008,w192415,940 110009539281,2016,No Shade,19,36,65,59,23,43,68,152,19,52,71,36,352,80,37,34,47,49,62,71,86,,
940 110007958008,w192415,940 110009540428,y1019,No Shade,4,35,34,23,32,38,24,137,63,50,17,27,28,32,109,33,15,49,113,75,76,3,
940 110007958008,w192415,940 110009540534,2697,No Shade,1,55,65,35,39,54,23,55,21,53,21,13,41,18,28,40,34,17,29,29,170,56,
940 110007958008,w192415,940 110019090722,w192530,No Shade,14,55,28,48,51,37,49,113,60,58,49,27,55,48,56,24,33,59,70,70,65,3,
940 110007958008,w192415,940 110019091208,w293,No Shade,5,35,42,157,24,82,36,154,99,47,43,20,72,70,48,33,35,114,70,82,47,26,
940 110007958008,w192415,940 110009539060,2700,No Shade,11,40,48,38,63,42,63,81,68,40,54,12,18,17,30,39,33,28,66,70,45,2,
940 110007958008,w192415,940 110009538759,w192334,No Shade,14,40,40,35,28,59,27,112,94,48,83,89,44,22,83,14,29,28,44,53,38,8,
940 110007958008,w192415,940 110009541605,w273,No Shade,10,76,20,38,49,27,55,118,34,67,75,24,42,47,53,27,69,31,94,120,68,2,
940 110007958008,w192415,940 110009422875,2029,No Shade,14,37,20,34,30,34,41,66,59,34,28,31,35,83,30,45,62,29,45,35,68,7,
940 110007958008,w192415,940 110009538976,2422,No Shade,13,27,47,43,92,17,45,81,54,66,49,15,28,40,44,31,29,54,29,65,37,25,
940 110007958008,w192415,940 110012554855,w764,No Shade,9,28,45,41,27,27,50,89,41,27,28,19,28,27,29,34,28,111,72,47,11,32,
940 110007958008,w192415,940 110009421855,2572,No Shade,15,43,32,43,48,33,42,89,34,77,82,25,14,46,20,28,25,66,52,41,171,5,
940 110007958008,w192415,940 110012566859,3711,No Shade,10,138,53,72,19,38,31,89,43,30,82,43,44,53,32,42,22,48,65,106,88,35,
940 110007958008,w192415,940 110012567032,2673,No Shade,10,36,18,9,,,,,13,25,15,23,28,49,24,28,16,62,50,32,109,2,
940 110007958008,w192415,940 110019091903,w9510,No Shade,17,36,130,31,26,58,39,111,103,55,34,25,82,58,93,20,35,83,82,78,104,8,
940 110007958008,w192415,940 110012553565,w192559,No Shade,9,34,23,47,46,38,70,153,73,33,18,17,35,60,59,16,23,47,52,49,52,4,
940 110007958008,w192415,940 110009538791,3792,No Shade,5,46,34,28,23,48,20,82,31,67,23,19,72,40,25,14,46,125,36,49,45,1,
940 110007958008,w192415,940 110009539086,w696,No Shade,10,82,47,39,64,41,38,86,42,44,22,21,22,24,57,14,49,48,57,65,43,38,
940 110007958008,w192415,940 110019091442,w797,No Shade,9,16,45,74,21,46,46,242,90,35,74,13,45,37,63,35,19,35,23,65,33,2,
940 110007958008,w192415,940 110009539564,w192186,No Shade,18,40,43,43,47,26,45,75,89,79,78,30,29,77,49,30,30,46,45,66,110,7,
940 110007958008,w192415,940 110009541144,w1690,No Shade,19,23,24,41,22,20,103,438,48,40,61,89,39,38,34,27,,,,,,,
940 110007958008,w192415,940 110012554425,2332,No Shade,11,54,35,34,36,26,49,174,36,45,50,60,19,79,36,12,23,42,68,97,69,1,
940 110007958008,w192415,940 110009539860,2981,No Shade,6,44,48,153,30,43,120,101,77,88,25,36,34,46,25,46,39,78,51,86,58,,
940 110007958008,w192415,940 110009540194,2997,No Shade,9,47,16,26,56,34,27,95,29,20,13,21,37,90,49,18,42,58,54,55,65,7,
940 110007958008,w192415,940 110009540716,2385,No Shade,5,45,56,34,23,22,25,55,41,155,124,19,69,32,12,31,14,60,82,48,35,3,
940 110007958008,w192415,940 110012565654,2618,No Shade,6,52,52,78,30,37,28,240,41,59,58,16,15,80,98,78,38,29,36,56,62,8,
940 110007958008,w192415,940 110009539817,2601,No Shade,9,41,42,23,135,65,26,74,42,77,18,24,49,19,54,25,24,59,97,61,59,,
940 110007958008,w192415,940 110009539447,w192149,No Shade,16,45,26,80,34,22,48,164,48,52,41,12,14,63,31,513,97,46,31,36,47,25,
940 110007958008,w192415,940 110009540821,2352,No Shade,6,50,35,54,28,12,43,76,88,52,31,21,30,834,65,19,62,39,36,25,86,4,
940 110007958008,w192415,940 110009541010,w300,No Shade,8,31,27,18,41,34,47,74,39,28,51,13,26,79,57,20,50,99,19,62,56,3,
940 110007958008,w192415,940 110009422259,2527,No Shade,11,17,29,47,85,44,25,75,24,83,18,53,31,19,17,28,23,28,28,33,28,6,
940 110007958008,w192415,940 110012554759,2432,No Shade,14,23,124,74,33,66,25,97,52,31,35,20,9,4,2,,,,,,,,
940 110007958008,w192415,940 110009540874,w192057,No Shade,10,41,42,22,25,25,29,75,34,52,24,29,40,23,30,30,317,76,75,77,66,23,
940 110007958008,w192415,940 110019091076,2954,No Shade,7,88,25,24,26,25,22,71,26,35,10,8,15,2,10,,,,,,,,
940 110007958008,w192415,940 110019091831,w1671,No Shade,15,23,37,28,29,66,35,101,43,25,35,38,121,4,52,36,40,73,22,12,9,,
940 110007958008,w192415,940 110009541386,w192519,No Shade,4,67,18,38,43,15,57,60,51,27,58,9,93,35,55,102,52,60,44,72,57,9,
940 110007958008,w192415,940 110019091837,2536,No Shade,10,32,55,80,43,78,79,119,54,69,51,67,46,47,88,50,21,133,131,69,28,14,
940 110007958008,w192415,940 110012565646,3712,No Shade,2,44,50,26,28,24,51,71,15,25,30,41,62,55,58,22,38,64,51,130,137,10,
940 110007958008,w192415,940 110009422847,2645,No Shade,13,71,42,39,86,41,52,91,46,88,52,24,42,39,66,44,61,90,44,109,141,48,
940 110007958008,w192415,940 110012553572,w1638,No Shade,7,17,27,28,20,34,22,68,32,35,29,32,49,45,80,35,37,31,20,75,35,1,
940 110007958008,w192415,940 110012567497,w1653,No Shade,9,37,24,40,12,71,22,169,123,44,85,37,86,47,160,47,87,66,64,55,48,,
940 110007958008,w192415,940 110012566754,2672,No Shade,9,20,28,12,101,27,22,72,20,37,21,5,11,4,3,,,,,,,,
940 110007958008,w192415,940 110009541579,2419,No Shade,12,57,52,66,24,45,36,162,226,73,49,39,39,20,49,26,32,44,36,65,73,5,
940 110007958008,w192415,940 110019090723,2388,No Shade,10,35,36,40,28,46,44,34,52,79,87,28,43,37,39,90,89,25,34,49,40,3,
940 110007958008,w192415,940 110009540984,2463,No Shade,9,29,27,15,52,45,44,37,17,23,92,44,46,18,23,19,60,39,62,25,60,5,
940 110007958008,w192415,940 110009423185,2972,No Shade,6,23,23,36,35,36,20,85,64,158,58,35,48,18,22,20,44,77,33,30,62,1,
940 110007958008,w192415,940 110012554665,w1538,No Shade,11,40,38,38,48,36,94,163,99,87,26,7,6,12,7,,,,,,,,
940 110007958008,w192415,940 110012567192,w1750,No Shade,6,65,104,45,33,48,19,99,36,44,63,41,21,77,26,20,21,29,37,35,49,3,
940 110007958008,w192415,940 110009540732,y476,No Shade,8,27,29,47,26,19,16,134,35,28,26,48,17,25,28,18,50,39,15,40,44,4,
940 110007958008,w192415,940 110009538695,2324,No Shade,12,42,28,30,26,45,19,62,117,25,24,44,45,45,19,253,156,46,111,70,63,8,
940 110007958008,w192415,940 110009530573,2643,No Shade,12,67,72,50,37,18,23,108,43,45,60,24,49,39,30,32,14,37,59,36,33,4,
940 110007958008,w192415,940 110009541760,w192005,No Shade,3,27,79,27,107,64,22,140,38,30,58,6,5,6,10,,,,,,,,
940 110007958008,w192415,940 110009540226,2694,No Shade,6,29,31,41,38,30,42,91,28,37,32,33,27,56,34,23,34,22,25,150,39,4,
940 110007958008,w192415,940 110019091568,2329,No Shade,10,37,32,40,19,26,21,45,34,72,335,21,35,23,22,21,13,39,55,46,48,13,
940 110007958008,w192415,940 110009422827,w192009,No Shade,12,41,36,23,46,19,41,61,21,53,36,20,28,13,239,78,34,36,51,33,108,14,
940 110007958008,w192415,940 110012564878,w192255,No Shade,10,12,26,27,39,39,24,65,39,52,75,16,66,70,39,81,26,33,50,52,91,5,
940 110007958008,w192415,940 110012567013,w192003,No Shade,7,27,47,24,43,18,28,45,31,29,24,11,16,1,12,,,,,,,,
940 110007958008,w192415,940 110019091346,2632,No Shade,8,41,23,59,9,20,34,116,54,37,12,1,3,27,23,,,,,,,,
940 110007958008,w192415,940 110012567496,2647,No Shade,12,50,57,95,80,28,46,169,96,54,60,21,35,146,36,55,37,53,42,53,62,34,
940 110007958008,w192415,940 110012567575,2712,No Shade,9,47,61,58,26,160,71,84,59,50,41,30,29,23,38,19,70,81,54,63,49,23,
940 110007958008,w192415,940 110019091386,y427,No Shade,12,30,18,32,30,135,24,62,67,45,25,16,26,41,49,33,32,36,20,36,78,2,
940 110007958008,w192415,940 110009539487,w192286,No Shade,21,20,23,39,26,33,46,49,60,20,51,43,131,29,34,20,53,72,34,22,32,3,
940 110007958008,w192415,940 110009540610,y463,No Shade,17,23,34,50,25,71,42,107,13,19,21,2,4,5,2,,,,,,,,
940 110007958008,w192415,940 110009539482,w1656,No Shade,6,8,77,28,59,15,56,133,58,41,32,93,132,44,26,26,18,41,52,49,44,1,
940 110007958008,w192415,940 110009539709,2475,No Shade,13,25,38,76,51,35,54,95,58,69,27,18,12,27,41,35,32,66,152,66,38,10,
940 110007958008,w192415,940 110009539789,3716,No Shade,15,23,28,31,38,53,38,163,108,49,23,18,60,31,46,27,,,,,,,
940 110007958008,w192415,940 110009541085,y1088,No Shade,11,27,47,38,51,36,36,36,38,42,37,17,27,30,61,48,395,304,24,91,31,5,
940 110007958008,w192415,940 110009423327,w1791,No Shade,8,37,83,214,33,57,66,85,63,23,43,26,35,24,13,5,19,34,39,49,187,5,
940 110007958008,w192415,940 110012565619,w788,No Shade,12,22,16,31,15,44,119,96,33,30,129,15,42,28,31,14,18,86,80,42,47,7,
940 110007958008,w192415,940 110012566374,2040,No Shade,8,24,12,44,25,103,60,94,49,40,77,44,37,80,122,59,33,91,36,56,55,4,
940 110007958008,w192415,940 110012565504,w299,No Shade,16,27,42,18,43,47,33,96,41,64,68,18,23,43,82,23,26,34,42,58,68,69,
940 110007958008,w192415,940 110009423076,w192203,No Shade,11,28,20,60,112,33,60,126,50,42,85,19,26,45,78,39,13,63,75,75,49,31,
940 110007958008,w192415,940 110009539979,y435,No Shade,12,44,31,51,55,40,55,108,39,47,47,38,35,237,73,35,29,32,36,60,53,3,
940 110007958008,w192415,940 110009421854,2312,No Shade,12,44,55,20,68,128,57,119,39,59,56,59,27,37,39,23,12,71,100,54,57,3,
940 110007958008,w192415,940 110009423267,3745,No Shade,14,44,40,24,53,156,37,55,22,84,18,29,36,40,28,48,24,36,39,78,32,2,
940 110007958008,w192415,940 110012554069,2649,No Shade,9,32,49,23,25,27,27,64,57,34,36,20,87,41,86,18,40,45,48,46,55,5,
940 110007958008,w192415,940 110009421856,w192300,No Shade,11,55,24,62,28,25,30,45,48,59,56,32,57,26,35,30,42,41,45,36,149,18,
940 110007958008,w192415,940 110009422300,2575,No Shade,15,41,31,20,22,29,33,69,31,40,25,20,10,55,44,29,19,71,52,52,105,7,
940 110007958008,w192415,940 110012567561,w192556,No Shade,6,47,21,40,38,52,31,108,45,33,40,98,24,97,36,29,45,98,44,67,90,17,
940 110007958008,w192415,940 110009540374,w192226,No Shade,24,17,80,31,46,53,39,120,45,35,126,24,101,42,22,20,33,71,26,79,86,4,
940 110007958008,w192415,940 110019091494,y1092,No Shade,16,48,44,22,30,54,36,139,313,72,69,23,48,43,47,36,30,48,53,109,50,1,
940 110007958008,w192415,940 110019088608,w956,No Shade,9,50,75,60,49,21,35,116,51,52,54,127,118,20,33,23,27,26,56,54,74,1,
940 110007958008,w192415,940 110019088588,2307,No Shade,8,32,36,118,20,20,49,69,25,96,45,40,41,84,46,23,28,32,64,62,80,4,
940 110007958008,w192415,940 110012554130,w192254,No Shade,12,42,31,24,41,34,39,93,44,38,29,52,193,136,34,27,22,31,27,133,81,2,
940 110007958008,w192415,940 110019089803,w1605,No Shade,5,18,48,22,28,44,24,52,29,87,31,325,121,32,25,7,10,24,32,53,36,,
940 110007958008,w192415,940 110019091488,w1641,No Shade,12,31,73,19,33,90,32,130,42,47,40,47,25,36,127,43,31,43,39,30,68,33,
940 110007958008,w192415,940 110009422821,2405,No Shade,12,45,50,29,49,17,29,66,86,35,44,48,159,28,74,17,14,56,104,66,38,2,
940 110007958008,w192415,940 110012554841,2940,No Shade,9,28,74,76,39,60,151,170,66,36,41,19,43,23,125,56,55,28,100,66,95,21,
940 110007958008,w192415,940 110009540904,w192320,No Shade,7,20,13,27,38,27,41,60,47,32,16,97,237,111,21,16,31,12,40,35,53,2,
940 110007958008,w192415,940 110009538672,2946,No Shade,5,13,12,14,37,24,25,75,26,9,17,33,21,57,58,59,14,29,65,40,15,5,
940 110007958008,w192415,940 110009541648,2406,No Shade,11,47,40,138,48,22,18,68,42,68,32,53,20,31,38,21,12,41,51,71,112,1,
940 110007958008,w192415,940 110009541265,2608,No Shade,11,60,31,33,32,31,41,113,55,52,261,16,12,17,57,22,21,71,75,71,53,20,
940 110007958008,w192415,940 110009538917,w1536,No Shade,15,62,30,41,78,20,17,82,61,44,27,9,21,50,3,,,,,,,,
940 110007958008,w192415,940 110019088452,2021,No Shade,11,33,36,29,41,43,71,183,132,53,67,45,90,54,47,254,21,74,48,96,55,1,
940 110007958008,w192415,940 110009421841,y1080,No Shade,32,117,43,51,50,30,20,163,48,63,35,100,41,54,61,42,19,47,63,83,64,39,
940 110007958008,w192415,940 110019091989,2660,No Shade,4,43,54,81,43,50,29,92,52,50,88,14,36,113,34,30,26,31,28,48,49,4,
940 110007958008,w192415,940 110009541522,w1713,No Shade,8,277,87,61,72,36,34,145,44,45,30,42,12,52,83,16,30,47,52,95,44,4,
940 110007958008,w192415,940 110009541499,2560,No Shade,15,35,237,30,29,48,36,103,64,25,37,77,37,23,17,26,12,25,49,545,349,7,
940 110007958008,w192415,940 110009421996,o26,No Shade,19,29,40,36,68,69,21,144,40,56,43,20,48,42,32,23,35,22,76,48,59,,
940 110007958008,w192415,940 110009538382,2682,No Shade,12,62,68,23,24,31,22,75,56,302,97,41,32,30,56,13,42,64,56,27,53,7,
940 110007958008,w192415,940 110009539735,w192251,No Shade,10,28,25,30,57,22,34,64,20,30,128,98,38,25,83,29,28,39,146,50,80,8,
940 110007958008,w192415,940 110012553813,w1780,No Shade,7,47,29,36,12,14,32,58,17,31,51,62,23,21,37,24,33,94,55,54,48,3,
940 110007958008,w192415,940 110009538716,w1679,No Shade,11,45,38,48,35,21,16,49,89,60,51,39,18,49,19,17,37,39,103,47,46,80,
940 110007958008,w192415,940 110012566693,w1657,No Shade,9,36,37,30,25,31,22,69,56,53,12,17,41,60,36,74,18,40,35,75,,,
940 110007958008,w192415,940 110019088647,w1651,No Shade,5,19,27,47,41,34,33,151,40,55,73,59,35,48,362,212,44,113,66,90,73,6,
940 110007958008,w192415,940 110019088485,2693,No Shade,17,35,67,60,40,33,34,109,48,60,92,82,135,44,71,15,11,29,43,55,52,3,
940 110007958008,w192415,940 110009540139,2945,No Shade,9,26,46,28,38,10,26,30,61,16,28,55,13,14,189,26,73,30,41,35,31,,
940 110007958008,w192415,940 110012567583,w928,No Shade,15,30,60,34,24,17,22,123,50,70,39,49,42,40,81,31,18,64,46,113,74,14,
940 110006914414,w192367,940 110009539845,2635,Medium Shade,11,23,65,37,27,38,30,43,35,48,70,29,54,96,85,43,46,32,21,43,70,37,
940 110006914414,w192367,940 110012554582,y465,Medium Shade,10,75,45,29,49,87,43,30,47,28,39,21,28,89,104,52,57,68,18,51,87,87,12
940 110006914414,w192367,940 110009540482,2623,Medium Shade,1,54,45,53,66,35,42,53,58,53,81,120,62,89,75,47,35,37,64,73,15,59,
940 110006914414,w192367,940 110019091126,w1524,Medium Shade,2,87,85,79,53,49,57,30,28,39,19,42,44,86,119,50,53,39,55,21,19,89,
940 110006914414,w192367,940 110009538773,W192534,Medium Shade,15,55,35,60,61,25,14,66,81,34,19,20,70,169,94,66,57,59,63,65,59,351,
940 110006914414,w192367,940 110009422305,w192301,Medium Shade,,86,40,63,39,167,57,48,36,22,31,18,78,53,39,42,72,45,15,44,60,105,
940 110006914414,w192367,940 110009539462,2561,Medium Shade,3,47,39,86,55,54,39,46,36,64,44,60,35,11,24,,,,,,,,
940 110006914414,w192367,940 110012568279,2487,Medium Shade,,19,27,30,68,32,93,52,24,71,19,52,49,143,107,25,71,32,45,54,45,,
940 110006914414,w192367,940 110009540542,w987,Medium Shade,30,55,71,70,59,50,96,25,36,76,46,39,11,93,60,50,77,22,34,35,31,32,
940 110006914414,w192367,940 110012565616,2446,Medium Shade,,32,35,26,29,24,91,26,83,22,62,91,57,72,82,28,36,53,54,146,67,8,
940 110006914414,w192367,940 110009538378,2516,Medium Shade,13,82,47,28,94,48,63,51,66,70,13,17,47,90,63,30,31,35,27,49,21,41,
940 110006914414,w192367,940 110009540938,2430,Medium Shade,,14,49,38,41,55,130,262,105,55,39,36,26,151,28,50,71,21,32,30,50,100,7
940 110006914414,w192367,940 110009538678,w1619,Medium Shade,10,27,46,43,81,68,42,40,55,30,112,26,27,95,14,90,68,26,19,36,34,39,
940 110006914414,w192367,940 110009540694,w192407,Medium Shade,9,26,88,82,24,8,47,25,20,66,95,31,26,84,51,28,40,47,17,29,22,57,
940 110006914414,w192367,940 110012566414,2330,Medium Shade,,23,39,59,48,26,43,20,20,42,48,51,132,30,139,88,39,45,12,54,22,5,
940 110006914414,w192367,940 110019091108,2532,Medium Shade,1,19,125,95,51,164,43,52,26,37,36,69,22,52,161,46,41,41,32,54,56,51,
940 110006914414,w192367,940 110012567544,2586,Medium Shade,1,22,50,26,55,81,17,93,18,24,30,44,21,187,50,75,26,42,40,36,20,,
940 110006914414,w192367,940 110009539751,y1021,Medium Shade,15,29,51,22,20,27,17,21,38,44,37,23,1,39,34,,,,,,,,
940 110006914414,w192367,940 110019090769,2718,Medium Shade,,29,292,43,18,62,41,29,24,22,25,39,24,20,121,37,34,28,30,37,38,27,
940 110006914414,w192367,940 110009422295,3760,Medium Shade,,12,27,103,54,32,41,26,51,29,24,27,56,41,73,42,58,28,12,40,24,32,
940 110006914414,w192367,940 110009539049,w192040,Medium Shade,19,56,21,109,98,29,54,25,51,47,38,8,9,27,30,,,,,,,,
940 110006914414,w192367,940 110009540965,w1659,Medium Shade,,45,81,71,31,39,64,102,29,42,41,12,62,69,52,59,46,22,14,19,38,86,
940 110006914414,w192367,940 110012568023,2370,Medium Shade,19,20,27,34,75,47,70,130,41,12,35,25,59,37,106,19,35,42,30,31,37,25,
940 110006914414,w192367,940 110009539776,w1562,Medium Shade,10,51,31,8,39,74,13,17,30,26,32,57,19,169,43,35,21,12,12,33,19,12,
940 110006914414,w192367,940 110009540223,2538,Medium Shade,,43,55,48,52,40,51,49,71,45,23,37,67,32,49,26,21,167,35,24,26,,
940 110006914414,w192367,940 110012568242,w1779,Medium Shade,,53,30,31,38,45,17,56,128,35,27,71,69,36,100,29,23,30,114,78,12,147,36
940 110006914414,w192367,940 110009540130,2685,Medium Shade,13,51,73,86,39,85,90,31,37,193,101,38,63,102,58,126,57,53,57,44,48,7,
940 110006914414,w192367,940 110009422834,2605,Medium Shade,17,49,41,26,56,30,72,47,45,67,58,17,49,291,99,24,47,63,44,14,56,38,
940 110006914414,w192367,940 110009540565,w1559,Medium Shade,11,43,35,33,14,17,52,36,37,61,79,53,38,98,118,40,34,68,21,84,38,,
940 110006914414,w192367,940 110009541646,W192086,Medium Shade,11,52,28,24,44,110,48,21,25,19,23,13,16,70,29,17,45,55,18,26,19,,
940 110006914414,w192367,940 110019091288,w1540,Medium Shade,,31,90,39,78,76,23,14,31,24,61,51,25,79,83,86,59,47,16,79,107,44,
940 110006914414,w192367,940 110009422264,2710,Medium Shade,,21,31,30,44,35,35,46,16,31,17,9,24,51,90,59,61,40,35,13,31,,
940 110006914414,w192367,940 110009539503,3800,Medium Shade,16,38,39,144,44,31,42,17,129,39,22,24,42,41,161,23,52,31,21,21,24,63,
940 110006914414,w192367,940 110019092751,2457,Medium Shade,,11,45,25,37,57,48,56,39,29,30,178,16,46,88,40,67,55,36,70,48,19,
940 110006914414,w192367,940 110009539436,3729,Medium Shade,6,42,24,296,65,52,21,63,52,50,84,37,37,54,45,138,28,39,19,24,61,,
940 110006914414,w192367,940 110009538820,w9535,Medium Shade,,52,21,46,30,78,88,37,64,42,16,18,59,42,32,69,38,43,51,23,11,,
940 110006914414,w192367,940 110012566552,2494,Medium Shade,14,69,46,30,40,102,49,84,31,27,49,37,50,80,57,58,134,52,46,57,62,27,
940 110006914414,w192367,940 110012567630,w1754,Medium Shade,14,75,34,36,28,57,84,27,29,33,15,63,40,43,159,17,59,56,118,50,38,1,
940 110006914414,w192367,940 110009423264,w192571,Medium Shade,15,31,65,30,63,12,65,51,60,21,68,17,48,15,32,37,18,24,21,44,27,27,
940 110006914414,w192367,940 110012567369,w237,Medium Shade,20,86,37,75,146,47,51,23,61,29,29,16,20,92,101,98,83,41,28,25,65,25,
940 110006914414,w192367,940 110009540242,w192165,Medium Shade,13,52,63,34,36,38,43,17,17,30,36,29,49,180,58,73,160,48,22,17,69,31,
940 110006914414,w192367,940 110019092824,w192394,Medium Shade,,39,49,49,53,42,26,66,31,16,11,16,17,219,56,26,68,47,5,15,88,24,
940 110006914414,w192367,940 110012564959,3735,Medium Shade,,38,33,52,45,69,53,32,28,39,34,87,141,14,67,32,27,54,28,103,72,20,
940 110006914414,w192367,940 110009539901,w787,Medium Shade,9,55,19,81,25,266,37,46,39,45,31,22,27,48,29,28,26,57,28,23,33,35,
940 110006914414,w192367,940 110012568355,w1658,Medium Shade,12,86,71,109,89,81,38,12,14,100,27,25,25,37,41,57,47,58,17,14,30,,
940 110006914414,w192367,940 110012567780,w192115,Medium Shade,20,79,34,31,65,45,25,135,67,104,16,19,16,11,7,,,,,,,,
940 110006914414,w192367,940 110009423063,w192381,Medium Shade,6,58,75,27,50,59,10,21,54,36,37,19,28,112,55,24,34,26,28,43,17,11,
940 110006914414,w192367,940 110019090422,3743,Medium Shade,9,40,24,39,36,92,121,88,26,50,47,31,17,62,29,34,33,36,71,71,75,28,
940 110006914414,w192367,940 110012567383,y1093,Medium Shade,5,38,204,45,77,60,31,42,57,97,39,48,23,50,72,33,27,29,21,87,58,33,
940 110006914414,w192367,940 110009539788,2896,Medium Shade,,18,27,46,130,22,79,18,67,34,23,22,21,52,136,78,81,31,23,40,34,39,
940 110006914414,w192367,940 110009540065,3767,Medium Shade,,71,53,45,35,76,59,45,25,35,17,50,43,68,116,26,37,88,28,56,93,36,
940 110006914414,w192367,940 110009538703,2589,Medium Shade,8,106,9,48,39,27,10,28,52,18,49,40,32,46,49,28,33,47,20,88,71,9,
940 110006914414,w192367,940 110019088599,3738,Medium Shade,,9,26,38,61,25,40,73,22,81,64,31,76,31,99,23,34,32,66,62,32,55,
940 110006914414,w192367,940 110009539869,2412,Medium Shade,22,43,26,47,60,63,25,23,89,40,48,39,23,58,37,46,37,28,13,26,26,44,4
940 110006914414,w192367,940 110009538645,2387,Medium Shade,7,47,37,28,24,18,48,82,8,11,32,52,27,42,52,25,29,24,11,40,56,32,
940 110006914414,w192367,940 110019089806,3752,Medium Shade,,61,69,57,126,30,60,25,15,45,35,7,11,12,64,78,60,64,10,9,21,23,
940 110006914414,w192367,940 110009541422,3734,Medium Shade,1,24,,,,,,,12,15,6,39,42,64,63,19,67,69,31,60,55,18,
940 110006914414,w192367,940 110019090472,W1663,Medium Shade,,30,100,110,37,71,57,18,44,94,31,21,42,104,87,40,46,44,40,42,,,
940 110006914414,w192367,940 110019090456,w192035,Medium Shade,,60,55,33,34,37,30,107,81,25,62,65,51,42,139,24,70,63,86,110,56,64,
940 110006914414,w192367,940 110012567347,4720,Medium Shade,,28,94,62,13,27,18,13,80,23,57,84,48,69,44,26,35,44,28,45,14,45,
940 110006914414,w192367,940 110012554097,2455,Medium Shade,34,48,37,18,53,26,28,71,59,84,20,63,21,72,74,43,26,37,35,73,39,131,
940 110006914414,w192367,940 110009538792,w192551,Medium Shade,9,17,19,63,18,22,40,19,37,29,25,30,58,55,214,21,75,49,14,35,22,24,
940 110006914414,w192367,940 110019089984,2580,Medium Shade,1,16,60,27,42,52,53,57,44,84,47,20,78,77,73,20,89,47,17,34,39,41,
940 110006914414,w192367,940 110009538342,W1594,Medium Shade,6,68,45,43,71,61,11,17,42,23,53,14,11,13,22,,,,,,,,
940 110006914414,w192367,940 110009423033,w192107,Medium Shade,,13,20,14,34,23,12,31,17,45,14,12,17,27,4,34,25,49,29,41,22,13,
940 110006914414,w192367,940 110009423289,2341,Medium Shade,,151,57,46,25,30,40,33,64,6,48,82,19,74,42,52,57,29,48,97,115,57,
940 110006914414,w192367,940 110019088457,w1541,Medium Shade,,54,50,55,40,21,48,48,66,32,14,47,24,151,39,22,50,19,14,3,83,,
940 110006914414,w192367,940 110012554600,2508,Medium Shade,17,34,27,35,28,30,47,37,22,36,43,13,33,30,77,37,34,24,19,59,13,18,
940 110006914414,w192367,940 110009422261,w9560,Medium Shade,,39,48,141,29,24,52,69,46,29,35,56,83,43,296,75,41,39,11,71,27,12,
940 110006914414,w192367,940 110012567015,2034,Medium Shade,,39,65,44,40,43,39,103,53,35,13,67,81,27,92,18,66,83,35,53,128,49,
940 110006914414,w192367,940 110009541581,2539,Medium Shade,15,86,49,96,35,48,39,46,79,83,154,65,48,139,136,50,29,60,15,49,47,55,
940 110006914414,w192367,940 110012568226,w997,Medium Shade,,34,36,66,134,86,36,36,45,22,40,37,28,74,69,18,52,46,17,31,33,44,
940 110006914414,w192367,940 110009538323,2499,Medium Shade,7,56,25,57,47,52,63,41,40,57,24,23,37,81,101,20,83,38,12,65,36,53,
940 110006914414,w192367,940 110009539554,2426,Medium Shade,8,65,33,49,85,48,71,32,22,52,13,29,60,98,53,17,33,95,38,26,33,,
940 110006914414,w192367,940 110019088459,w192346,Medium Shade,,36,71,57,73,80,33,58,37,22,14,90,25,68,42,24,22,27,28,,,,
940 110006914414,w192367,940 110019091096,3740,Medium Shade,,50,17,96,62,84,62,30,49,391,63,34,37,36,90,49,41,35,14,58,123,46,
940 110006914414,w192367,940 110009538667,2378,Medium Shade,29,51,20,11,32,32,30,28,15,19,50,25,20,237,33,22,44,32,71,30,37,,
940 110006914414,w192367,940 110009541019,W192051,Medium Shade,,30,40,19,44,56,61,60,57,27,15,30,40,70,111,111,96,35,22,42,22,48,
940 110006914414,w192367,940 110019088512,2525,Medium Shade,35,83,34,33,19,49,23,17,13,31,25,36,20,78,92,45,52,101,22,36,50,56,
940 110006914414,w192367,940 110009540872,y1052,Medium Shade,,20,40,52,35,16,53,43,45,13,9,86,35,86,82,42,30,19,42,134,37,34,
940 110006914414,w192367,940 110012567418,y471,Medium Shade,15,71,45,26,141,60,51,98,45,29,24,78,59,53,53,39,44,42,30,103,33,66,
940 110006914414,w192367,940 110012567777,W192402,Medium Shade,15,44,32,58,37,81,68,45,290,50,64,56,71,35,78,37,26,40,40,35,14,58,
940 110006914414,w192367,940 110009541492,2949,Medium Shade,5,35,28,32,42,47,47,62,43,46,29,65,57,46,154,31,33,16,16,85,10,,
940 110006914414,w192367,940 110009539763,w9285,Medium Shade,8,88,24,42,26,27,40,59,9,123,32,5,5,49,31,29,28,36,9,11,43,60,
940 110006914414,w192367,940 110009541384,2339,Medium Shade,7,38,42,42,83,38,47,23,10,39,20,25,78,273,73,21,24,33,15,29,58,11,
940 110006914414,w192367,940 110009541309,2611,Medium Shade,,19,42,61,25,112,41,34,48,69,61,61,110,80,142,48,71,56,65,51,40,16,
940 110006914414,w192367,940 110009540569,w743,Medium Shade,8,49,39,86,24,37,61,11,27,46,51,18,34,60,77,73,35,42,27,25,45,51,
940 110006914414,w192367,940 110009540382,2576,Medium Shade,17,86,35,70,22,26,37,67,29,304,93,28,23,33,65,15,45,31,54,26,15,29,
940 110006914414,w192367,940 110009540741,w275,Medium Shade,8,105,40,59,50,53,48,33,44,53,43,18,42,81,61,36,33,57,21,146,62,9,
940 110006914414,w192367,940 110009540573,2509,Medium Shade,47,24,93,20,18,29,23,22,80,45,13,35,32,36,139,23,37,80,40,29,20,,
940 110006914414,w192367,940 110012553681,2477,Medium Shade,13,52,42,26,40,98,191,38,37,20,28,16,38,106,66,28,51,75,11,30,51,31,
940 110006914414,w192367,940 110019091425,w1704,Medium Shade,,58,72,63,36,42,44,119,108,19,91,17,48,32,43,48,33,35,12,48,28,24,
940 110006914414,w192367,940 110009423237,2585,Medium Shade,6,43,32,45,81,14,19,60,37,40,8,60,69,36,22,36,81,53,16,68,15,43,
940 110006914414,w192367,940 110019090337,w233,Medium Shade,,15,26,38,19,29,57,40,35,13,71,31,27,25,18,18,13,48,57,25,50,44,
940 110006914414,w192367,940 110019091210,y1075,Medium Shade,,28,38,114,68,83,94,34,30,17,26,18,3,4,13,,,,,,,,
940 110006914414,w192367,940 110009541432,w1788,Medium Shade,12,22,31,62,25,37,16,52,28,65,16,51,31,47,49,28,54,48,23,42,18,30,
940 110006914414,w192367,940 110019092812,2599,Medium Shade,,14,68,106,68,25,58,63,32,25,29,37,38,39,62,35,19,35,40,46,74,34,
940 110006914414,w192367,940 110012567642,w9283,Medium Shade,,75,159,39,22,43,13,53,24,35,33,74,26,110,39,23,23,81,46,20,38,,
940 110006914414,w192367,940 110012554604,w192295,Medium Shade,16,44,127,99,11,70,64,35,32,36,31,14,25,66,115,20,43,19,61,31,19,41,
940 110006914414,w192367,940 110012554739,w1745,Medium Shade,14,75,53,73,34,111,26,35,38,30,43,66,27,112,78,37,41,39,17,80,55,31,
940 110006914414,w192367,940 110009530580,2386,Medium Shade,9,108,34,26,33,43,48,69,45,81,19,28,47,71,131,36,183,52,30,84,52,46,
940 110006914414,w192367,940 110009540276,w192123,Medium Shade,22,63,25,38,22,82,182,26,26,29,27,38,3,7,17,,,,,,,,
940 110006914414,w192367,940 110019090724,2306,Medium Shade,,19,30,29,41,82,33,70,33,29,17,21,17,60,71,27,70,60,30,44,6,,
940 110006914414,w192367,940 110009541067,w192001,Medium Shade,23,69,57,53,72,44,250,38,37,48,8,52,38,29,21,41,32,35,23,38,76,46,
940 110006914414,w192367,940 110009540824,2377,Medium Shade,,18,38,80,16,34,42,38,24,15,23,35,45,58,61,48,26,58,31,33,16,72,
940 110006914414,w192367,940 110009541500,2310,Medium Shade,,12,54,49,36,23,40,81,16,224,75,100,53,42,102,23,39,27,20,23,11,,
940 110006914414,w192367,940 110019088592,2024,Medium Shade,,46,31,55,80,31,67,46,28,55,21,67,117,49,35,25,20,39,19,57,65,78,
940 110006914414,w192367,940 110019091964,y451,Medium Shade,31,52,50,58,39,42,28,54,28,46,14,39,30,36,102,85,37,55,18,75,71,20,
940 110006914414,w192367,940 110009541058,2368,Medium Shade,16,44,58,25,17,54,42,45,103,86,80,126,159,172,88,57,69,67,74,49,32,60,
940 110006914414,w192367,940 110019090664,w778,Medium Shade,17,41,41,24,19,22,30,20,33,22,88,96,35,35,81,46,51,59,24,160,15,,
940 110006914414,w192367,940 110012567889,2421,Medium Shade,2,21,34,49,26,30,25,87,60,7,29,44,23,47,70,30,38,58,25,68,48,,
940 110006914414,w192367,940 110009538634,3000,Medium Shade,,30,41,34,4,47,11,70,110,38,8,11,62,39,68,16,26,85,31,19,68,5,
940 110006914414,w192367,940 110012565445,y1008,Medium Shade,15,53,55,42,44,94,49,59,29,72,33,19,167,176,123,36,17,41,20,62,24,89,
940 110006914414,w192367,940 110012566812,y1030,Medium Shade,12,42,28,46,7,67,62,13,42,41,27,205,103,59,113,91,43,32,80,95,88,30,
940 110006914414,w192367,940 110012568034,2390,Medium Shade,1,26,17,76,32,16,81,32,238,111,43,71,35,29,123,14,40,37,81,14,67,60,
940 110006914414,w192367,940 110009539598,2597,Medium Shade,17,74,44,53,66,109,36,62,56,54,53,19,54,93,176,74,58,79,28,73,23,53,
940 110006914414,w192367,940 110019091882,2424,Medium Shade,,61,66,20,38,73,28,101,20,8,21,21,40,32,71,73,13,66,141,120,18,,
940 110006914414,w192367,940 110009538769,y1002,Medium Shade,1,31,14,73,57,41,53,63,148,33,21,58,19,56,109,31,25,31,7,53,9,,
940 110006914414,w192367,940 110009422310,w192083,Medium Shade,,42,75,143,62,91,52,23,52,30,65,21,70,95,96,39,30,25,48,26,25,75,
940 110006914414,w192367,940 110019091482,w1631,Medium Shade,14,41,54,27,20,59,37,22,31,29,13,34,49,59,121,83,47,41,15,64,34,49,
940 110006914414,w192367,940 110009420489,1473,Medium Shade,,19,15,106,682,92,34,122,16,38,34,21,51,34,92,49,27,20,27,29,28,83,48
940 110006914414,w192367,940 110009541300,2462,Medium Shade,,36,46,25,29,47,39,21,25,97,116,37,18,64,74,30,46,31,33,12,19,,
940 110006914414,w192367,940 110009538626,w984,Medium Shade,17,27,26,28,65,10,34,17,29,23,26,13,33,18,63,21,30,46,66,48,86,54,
940 110006914414,w192367,940 110019091427,w192523,Medium Shade,2,13,34,27,34,82,29,56,29,11,59,14,6,15,39,,,,,,,,
940 110006914414,w192367,940 110009538492,w192361,Medium Shade,12,36,21,43,27,21,45,90,39,31,19,33,127,26,47,55,72,24,12,13,33,41,
940 110006914414,w192367,940 110009541417,2308,Medium Shade,1,23,22,12,44,28,26,17,12,62,17,145,38,17,36,19,44,33,50,67,45,38,
940 110006914414,w192367,940 110012554827,3718,Medium Shade,16,35,55,82,40,22,50,48,23,19,12,30,28,106,36,43,22,33,38,137,58,,
940 110006914414,w192367,940 110009538313,2992,Medium Shade,,44,36,39,46,23,43,11,74,43,10,24,19,67,33,35,30,52,9,37,28,16,
940 110006914414,w192367,940 110009538987,3723,Medium Shade,5,66,24,47,61,27,38,46,85,45,18,46,30,82,32,39,35,45,20,27,27,32,
940 110006914414,w192367,940 110019091548,y425,Medium Shade,1,31,21,29,49,34,29,20,23,68,36,112,33,54,62,27,28,117,43,33,27,20,
940 110006914414,w192367,940 110009540342,2414,Medium Shade,20,69,65,46,128,35,25,10,26,42,15,75,42,59,125,20,58,22,49,57,19,13,
940 110006914414,w192367,940 110019090665,w1747,Medium Shade,,25,73,114,59,58,50,50,40,61,26,94,28,37,147,42,53,112,40,45,37,83,
940 110006914414,w192367,940 110009538658,w192549,Medium Shade,,19,20,44,36,39,33,36,32,50,22,47,7,130,113,22,63,71,33,38,19,10,
940 110006914414,w192367,940 110009539892,W1578,Medium Shade,,43,54,57,36,43,25,106,22,59,49,52,44,105,78,70,90,29,25,73,54,42,
940 110006914414,w192367,940 110009538519,2985,Medium Shade,23,49,33,49,67,55,25,21,50,16,46,36,31,53,79,14,26,29,60,29,47,62,
940 110006914414,w192367,940 110009538600,O45,Medium Shade,12,39,41,27,41,45,15,43,25,19,17,42,50,99,18,15,41,27,35,28,45,18,
940 110006914414,w192367,940 110012553997,2566,Medium Shade,,10,48,33,10,21,37,27,63,32,15,11,2,13,97,47,31,22,37,52,50,48,
940 110006914414,w192367,940 110012553833,2465,Medium Shade,6,47,58,65,49,111,67,62,270,123,94,28,17,195,68,58,26,60,58,113,86,26,2
940 110006914414,w192367,940 110009540034,y1057,Medium Shade,8,97,32,44,41,90,42,41,47,38,29,14,36,36,25,,,,,,,,
940 110006914414,w192367,940 110009540590,3766,Medium Shade,,11,13,19,34,22,34,42,44,23,14,103,29,96,61,23,60,17,25,19,19,46,
940 110006914414,w192367,940 110012567879,2994,Medium Shade,1,33,40,62,64,14,68,15,119,31,48,27,25,59,161,47,70,56,67,57,44,,
940 110006914414,w192367,940 110009539956,2719,Medium Shade,9,17,101,40,26,8,26,30,10,13,13,30,25,104,59,13,34,26,13,18,37,46,
940 110006914414,w192367,940 110009540658,2564,Medium Shade,16,97,76,106,52,43,31,49,27,92,52,65,38,84,107,25,70,33,15,45,19,73,
940 110006914414,w192367,940 110012553990,2360,Medium Shade,1,20,77,50,44,22,28,21,25,40,80,46,65,39,34,36,32,43,27,28,40,28,
940 110006914414,w192367,940 110009539438,3761,Medium Shade,,16,35,20,25,19,17,22,14,35,32,14,10,36,39,34,49,26,22,22,40,40,
940 110006914414,w192367,940 110012567356,W192374,Medium Shade,24,87,68,35,17,56,47,35,41,32,38,23,22,401,140,4,,,,,,,
940 110006914414,w192367,940 110009540105,w192314,Medium Shade,8,35,39,33,56,45,54,34,32,46,22,36,38,104,92,69,137,57,36,53,32,,
940 110006914414,w192367,940 110009531315,w192428,Medium Shade,18,39,32,36,19,22,21,24,38,28,18,38,81,48,18,50,45,58,28,41,35,61,
940 110006914414,w192367,940 110019090378,2926,Medium Shade,,73,83,75,37,90,47,42,30,40,69,25,68,35,45,52,64,36,20,25,55,42,
940 110006914414,w192367,940 110009538665,2315,Medium Shade,14,63,33,44,88,46,46,13,75,39,18,45,111,56,51,69,66,100,29,43,47,10,
940 110006914414,w192367,940 110009539428,2342,Medium Shade,14,95,84,67,43,41,89,39,84,19,31,48,86,63,52,51,37,65,71,47,56,32,
940 110006914414,w192367,940 110009540744,3764,Medium Shade,20,64,43,48,52,98,39,31,43,23,19,29,24,133,50,21,18,25,31,16,15,50,
940 110006914414,w192367,940 110019090424,w282,Medium Shade,20,87,89,66,36,67,50,74,39,57,30,24,42,35,99,29,31,58,49,81,111,32,
940 110006914414,w192367,940 110019092820,w766,Medium Shade,,31,34,40,43,43,42,17,65,80,56,44,28,52,121,53,33,38,20,83,74,,
940 110006914414,w192367,940 110012567670,y422,Medium Shade,12,69,32,85,23,36,46,67,84,36,56,39,73,69,38,36,52,49,37,29,18,42,
940 110006914414,w192367,940 110012568163,Y1100,Medium Shade,17,40,51,136,82,70,48,60,35,83,29,15,87,76,228,38,42,62,25,95,133,30,
940 110006914414,w192367,940 110009540230,w192575,Medium Shade,24,54,40,41,36,54,258,164,17,60,36,35,69,244,31,55,41,55,12,20,28,8,
940 110006914414,w192367,940 110009541329,y462,Medium Shade,9,87,63,44,43,52,16,79,13,44,461,334,58,81,68,42,72,49,12,46,38,116,
940 110006914414,w192367,940 110019089967,2715,Medium Shade,33,43,47,40,30,40,35,24,34,16,38,25,24,102,111,88,44,81,47,56,45,40,
940 110006914414,w192367,940 110012566817,2404,Medium Shade,25,48,44,57,152,25,55,38,68,61,66,58,101,38,93,50,52,52,43,32,33,91,
940 110006914414,w192367,940 110009539512,y461,Medium Shade,18,46,41,26,29,48,18,37,27,31,11,9,45,22,110,65,33,53,22,31,25,,
940 110006914414,w192367,940 110009539959,w192501,Medium Shade,1,28,43,47,38,32,33,34,32,68,32,70,48,28,131,20,40,24,9,46,22,58,
940 110006914414,w192367,940 110009538669,w192272,Medium Shade,,38,52,40,31,37,24,87,123,66,30,9,3,21,12,,,,,,,,
940 110006914414,w192367,940 110012567096,w192033,Medium Shade,,44,78,172,42,78,26,41,38,73,23,28,41,35,27,30,36,88,21,27,20,56,
940 110006914414,w192367,940 110019090313,2453,Medium Shade,1,9,26,26,17,64,69,91,44,23,65,28,11,59,64,38,84,93,42,21,62,29,
940 110006914414,w192367,940 110009541617,2408,Medium Shade,9,22,40,18,79,50,29,32,53,25,33,34,25,577,61,53,11,28,20,41,35,37,
940 110006914414,w192367,940 110009423311,2474,Medium Shade,1,19,53,38,32,78,21,75,64,33,18,27,28,48,32,162,111,37,24,46,47,72,
940 110006914414,w192367,940 110009539528,w232,Medium Shade,,31,46,67,102,21,46,44,50,26,6,59,65,46,45,52,41,43,18,18,51,,
940 110006914414,w192367,940 110012553583,w1618,Medium Shade,,31,34,104,53,35,40,95,39,59,24,35,52,65,64,50,25,36,65,60,69,26,
940 110006914414,w192367,940 110009541163,2892,Medium Shade,3,54,39,66,30,16,42,31,50,46,15,8,10,11,28,,,,,,,,
940 110006914414,w192367,940 110009538983,w192443,Medium Shade,,56,29,60,31,33,14,39,28,103,38,9,7,,,,,,,,,,
940 110006914414,w192367,940 110019091579,w977,Medium Shade,12,26,58,44,49,74,35,21,32,56,61,47,105,74,47,31,44,24,13,41,46,30,
940 110006914414,w192367,951 000016128364,w192569,Medium Shade,20,88,68,69,99,43,44,46,52,31,96,27,106,5,55,51,33,49,23,49,78,58,51
940 110006914414,w192367,940 110009541005,w1581,Medium Shade,7,46,44,34,87,111,44,85,80,209,22,36,25,53,71,47,66,34,50,96,46,102,
940 110006914414,w192367,940 110009538980,w1680,Medium Shade,,64,36,27,34,30,46,57,52,29,42,91,51,57,98,52,79,46,50,76,33,15,
940 110006914414,w192367,940 110009539347,w192244,Medium Shade,13,22,24,91,171,22,18,20,9,20,28,50,18,50,45,17,26,25,15,14,77,106,
940 110006914414,w192367,940 110019091241,2367,Medium Shade,,47,37,31,212,68,38,62,60,66,96,44,38,49,113,69,25,69,32,54,73,42,
940 110006914414,w192367,940 110012567199,2442,Medium Shade,,44,34,100,46,58,25,39,42,84,67,32,43,37,57,36,33,40,43,41,45,,
940 110006914414,w192367,940 110009539591,w796,Medium Shade,,19,40,50,50,24,33,58,51,65,80,44,39,56,52,36,39,25,15,29,58,44,
940 110006914414,w192367,940 110009539850,2977,Medium Shade,1,52,37,59,83,38,69,25,36,40,21,17,36,46,49,13,13,15,8,8,4,8,
940 110006914414,w192367,940 110012553857,w1602,Medium Shade,7,72,664,53,74,34,70,10,11,43,54,23,15,34,45,59,64,49,14,43,21,29,
940 110006914414,w192367,940 110012565637,w1625,Medium Shade,29,98,52,60,103,44,50,60,15,26,149,85,28,88,183,47,49,24,19,34,64,15,14
940 110006914414,w192367,940 110009538466,w253,Medium Shade,,76,41,39,44,51,22,100,42,47,34,57,54,144,217,47,25,61,22,50,29,25,
940 110006914414,w192367,940 110009422214,w1648,Medium Shade,12,88,35,55,104,41,64,47,36,85,11,29,60,51,124,59,37,29,21,45,23,23,
940 110006914414,w192367,940 110012565629,2311,Medium Shade,31,93,21,34,77,27,17,142,40,47,57,86,40,54,75,28,45,44,14,22,15,43,
940 110006914414,w192367,940 110019088638,2655,Medium Shade,21,73,52,56,73,95,46,88,32,15,108,4,24,37,26,,,,,,,,
940 110006914414,w192367,940 110009423305,y1018,Medium Shade,11,89,36,63,58,41,51,80,44,36,73,70,50,73,41,76,37,56,57,22,23,18,
940 110006914414,w192367,940 110009540843,3730,Medium Shade,1,41,46,54,23,46,16,53,122,25,16,89,20,232,36,56,16,22,24,33,19,4,
940 110006914414,w192367,940 110012568175,2476,Medium Shade,10,25,48,25,17,26,12,18,41,34,51,28,31,46,21,27,37,33,29,32,25,55,
940 110006914414,w192367,940 110012567433,w9276,Medium Shade,8,59,52,51,42,136,19,26,52,72,75,22,21,39,41,10,32,35,21,11,168,24,
940 110006914414,w192367,940 110009541056,2334,Medium Shade,23,76,78,47,54,32,25,94,64,53,63,25,27,46,84,56,50,19,26,10,69,,
940 110006914414,w192367,940 110009539931,y1119,Medium Shade,,80,53,166,51,83,30,80,24,71,60,77,39,155,58,51,19,56,27,27,40,24,
940 110006914414,w192367,940 110009541611,2692,Medium Shade,16,65,36,70,113,52,60,50,41,84,43,72,220,71,33,72,44,43,45,63,56,32,
940 110006914414,w192367,940 110012568063,2011,Medium Shade,1,35,39,99,36,40,75,85,50,66,67,56,52,85,62,27,25,60,12,47,28,79,
940 110006914414,w192367,940 110019091098,w192426,Medium Shade,20,74,65,29,58,35,25,37,45,14,16,49,30,40,158,43,44,37,27,31,28,31,
940 110006914414,w192367,940 110009538800,w192595,Medium Shade,50,46,58,25,26,26,39,49,14,44,8,13,14,46,36,41,52,37,17,23,9,24,
940 110006914414,w192367,940 110009538761,2894,Medium Shade,26,63,66,47,50,102,56,84,72,37,29,20,27,126,29,60,85,22,131,30,40,72,
940 110006914414,w192367,940 110009541060,2349,Medium Shade,13,79,71,27,84,34,21,39,33,39,68,91,136,71,121,19,22,42,21,25,46,,
940 110006914414,w192367,940 110009541620,3768,Medium Shade,9,141,79,42,47,38,60,42,126,50,5,6,80,42,35,38,53,70,48,18,19,69,
940 110006914414,w192367,940 110009541106,2039,Medium Shade,14,35,41,60,57,111,75,42,70,37,62,46,48,148,109,69,31,80,15,78,54,28,
940 110006914414,w192367,940 110012565603,3721,Medium Shade,76,84,46,29,29,28,38,23,49,21,28,18,8,30,34,31,50,63,10,10,27,50,
940 110006914414,w192367,940 110009540164,3731,Medium Shade,29,60,41,57,23,43,194,45,27,12,110,35,21,13,37,26,35,40,29,76,31,44,
940 110006914414,w192367,940 110009541583,2569,Medium Shade,,42,39,47,78,123,57,19,176,111,59,38,28,88,53,41,47,34,46,18,76,8,
940 110006914414,w192367,940 110019090704,w192029,Medium Shade,,60,53,25,57,79,26,86,34,158,102,8,19,27,13,,,,,,,,
940 110006914414,w192367,940 110009541400,2497,Medium Shade,,63,64,45,24,58,30,15,72,143,37,44,373,170,195,37,63,30,50,33,37,75,
940 110006914414,w192367,940 110009540595,2530,Medium Shade,1,93,71,40,46,41,34,71,32,62,52,10,16,97,75,83,36,26,26,15,31,,
940 110006914414,w192367,940 110012566508,2403,Medium Shade,8,44,51,88,114,23,74,49,122,18,27,17,66,92,56,19,17,46,25,53,40,74,
940 110006914414,w192367,940 110009541424,2677,Medium Shade,,18,33,24,23,41,25,31,25,40,24,52,59,37,102,23,33,33,67,18,59,30,
940 110006914414,w192367,940 110019092819,3757,Medium Shade,,36,56,33,19,51,94,41,68,46,20,12,14,34,164,10,33,27,21,52,48,14,
940 110006914414,w192367,940 110012553723,w1527,Medium Shade,3,46,34,102,48,76,41,82,37,53,106,37,49,77,175,71,52,37,28,42,80,3,
940 110006914414,w192367,940 110012554464,w9561,Medium Shade,10,47,23,94,35,50,59,38,28,98,66,105,166,191,55,49,76,42,85,53,82,,
940 110006914414,w192367,940 110019090786,4056,Medium Shade,,13,51,42,103,122,25,42,65,33,40,29,56,62,29,45,64,29,92,22,63,33,
940 110006914414,w192367,940 110012566861,w949,Medium Shade,,23,32,65,44,45,50,54,64,68,56,31,31,41,83,50,38,87,18,23,19,,
940 110006914414,w192367,940 110019092000,y499,Medium Shade,1,102,40,80,82,36,32,52,59,47,63,23,77,94,210,97,40,28,33,13,18,32,
940 110006914414,w192367,940 110009540715,2612,Medium Shade,,57,71,44,44,69,99,39,116,133,92,12,39,60,42,19,56,30,31,15,46,85,
940 110006914414,w192367,940 110012568054,2452,Medium Shade,15,34,73,46,21,67,70,27,42,31,27,32,90,33,102,33,33,97,15,30,59,5,
940 110006914414,w192367,940 110009421837,w1554,Medium Shade,11,64,69,74,21,38,38,26,32,37,14,17,9,21,156,30,46,48,187,27,69,,
940 110006914414,w192367,940 110009540599,2514,Medium Shade,15,38,65,90,85,38,70,58,30,33,25,48,38,64,67,55,109,38,30,67,34,68,
940 110006914414,w192367,940 110019088481,w192206,Medium Shade,,55,29,51,9,52,14,24,10,24,35,204,38,34,30,50,36,26,9,56,147,22,
940 110006914414,w192367,940 110009422288,5426,Medium Shade,9,31,16,43,29,22,23,36,94,51,14,11,15,20,44,34,42,50,14,18,15,11,
940 110006914414,w192367,940 110009541128,W1775,Medium Shade,14,63,40,32,23,39,23,66,62,70,65,13,10,88,44,104,16,23,31,20,17,105,
940 110006914414,w192367,940 110019090804,w1682,Medium Shade,1,43,35,48,33,52,15,50,38,98,41,42,37,79,117,25,35,28,23,32,90,98,
940 110006914414,w192367,940 110019091847,y452,Medium Shade,1,15,34,42,40,46,41,87,73,36,50,30,75,42,108,45,34,47,27,72,78,,
940 110006914414,w192367,940 110012566856,2449,Medium Shade,,56,87,43,66,66,62,51,76,63,40,51,162,118,48,31,29,101,21,165,17,26,
940 110006914414,w192367,940 110012565625,w793,Medium Shade,15,29,38,76,87,58,39,16,26,18,56,16,64,66,46,67,55,49,32,45,61,,
940 110006914414,w192367,940 110009540544,Y1084,Medium Shade,,15,46,90,51,40,59,64,20,55,54,38,30,468,221,138,26,60,71,32,31,54,
940 110006914414,w192367,940 110019091113,2333,Medium Shade,2,28,17,67,43,62,41,115,79,81,34,67,49,48,128,67,40,26,15,51,43,2,
940 110006914414,w192367,940 110009422162,2531,Medium Shade,,21,65,51,118,78,39,49,26,45,35,67,92,48,14,30,49,41,19,35,4,,
940 110006914414,w192367,940 110009538683,2982,Medium Shade,,22,33,84,50,135,39,27,39,54,36,51,10,109,55,30,46,29,40,64,30,76,4
940 110006914414,w192367,940 110019090700,3797,Medium Shade,12,52,75,55,57,104,65,82,48,16,60,26,17,50,21,34,29,18,19,25,21,33,12
940 110006914414,w192367,940 110012566578,2996,Medium Shade,25,37,36,79,46,85,53,85,35,28,38,47,68,70,58,41,48,89,32,51,13,47,
940 110006914414,w192367,940 110019088560,2588,Medium Shade,,17,62,34,187,79,50,29,43,46,119,22,26,130,50,37,58,18,50,59,21,35,
940 110006914414,w192367,940 110009540324,2609,Medium Shade,,42,41,29,14,68,51,128,46,31,10,39,42,115,65,24,31,65,39,13,55,64,
940 110006914414,w192367,940 110009539531,2720,Medium Shade,16,119,262,30,72,42,12,62,19,69,26,103,21,57,40,41,19,44,20,19,28,23,
940 110006914414,w192367,940 110009538657,w767,Medium Shade,32,61,50,97,82,80,47,14,30,25,29,60,45,152,47,23,55,52,27,39,10,,
940 110006914414,w192367,940 110009539936,Y433,Medium Shade,15,34,80,18,33,40,28,48,125,38,19,81,18,49,42,52,81,27,25,39,22,2,
940 110006914414,w192367,940 110009541554,2435,Medium Shade,,34,29,27,37,70,28,43,23,40,55,62,194,69,66,48,38,31,30,32,50,50,
940 110006914414,w192367,940 110009540051,y1102,Medium Shade,8,43,33,51,66,116,74,43,67,44,16,11,87,414,62,48,45,28,21,91,57,4,
940 110006914414,w192367,940 110012566440,3722,Medium Shade,13,79,53,79,34,39,56,44,36,67,76,77,54,92,74,76,37,42,26,22,46,62,
940 110006914414,w192367,940 110009540683,2466,Medium Shade,13,57,25,21,48,51,21,33,22,128,43,8,35,36,93,41,28,35,37,,,,
940 110006914414,w192367,940 110009540986,2500,Medium Shade,1,38,63,85,11,25,60,70,50,27,12,23,10,106,22,50,47,44,17,26,19,11,
940 110007343094,w192350,940 110012554375,2351,High Shade,13,4,12,28,17,36,75,37,,,,,,,,,,,,,,,
940 110007343094,w192350,940 110019091445,2664,High Shade,,36,51,18,14,31,10,50,,,,,,,,,,,,,,,
940 110007343094,w192350,940 110009538653,2658,High Shade,1,17,21,13,29,39,31,31,,,,,,,,,,,,,,,
940 110007343094,w192350,940 110012554675,2570,High Shade,3,19,27,73,23,2,250,71,,,,,,,,,,,,,,,
940 110007343094,w192350,940 110019091443,w9534,High Shade,,16,71,33,10,31,25,12,,,,,,,,,,,,,,,
940 110007343094,w192350,940 110009422297,2376,High Shade,5,21,13,15,18,34,79,20,,,,,,,,,,,,,,,
940 110007343094,w192350,940 110019090024,w192382,High Shade,15,22,38,28,9,15,53,53,,,,,,,,,,,,,,,
940 110007343094,w192350,940 110019091352,w192172,High Shade,7,17,20,26,18,32,28,35,,,,,,,,,,,,,,,
940 110007343094,w192350,940 110009539425,2619,High Shade,4,21,18,13,37,23,33,54,,,,,,,,,,,,,,,
940 110007343094,w192350,940 110009538885,w9333,High Shade,1,8,22,51,15,2,19,141,,,,,,,,,,,,,,,
940 110007343094,w192350,940 110019090749,2375,High Shade,2,12,68,38,47,42,35,36,,,,,,,,,,,,,,,
940 110007343094,w192350,940 110009423244,w9536,High Shade,2,22,10,32,19,9,100,26,,,,,,,,,,,,,,,
940 110007343094,w192350,940 110019090775,w192050,High Shade,15,24,68,20,18,42,34,58,,,,,,,,,,,,,,,
940 110006914809,w192577,940 110009539845,2635,Medium Shade,6,44,18,51,24,14,30,38,37,62,39,54,82,46,51,415,42,53,51,63,,,
940 110006914809,w192577,940 110012554582,y465,Medium Shade,5,16,56,23,45,23,22,18,34,36,34,32,20,53,38,47,44,208,37,86,,,
940 110006914809,w192577,940 110009540482,2623,Medium Shade,,42,22,21,22,24,48,33,36,40,52,25,39,75,493,275,47,72,54,88,,,
940 110006914809,w192577,940 110019091126,w1524,Medium Shade,,39,109,33,25,20,46,21,65,33,37,22,73,54,23,49,39,82,34,54,,,
940 110006914809,w192577,940 110009538773,W192534,Medium Shade,9,38,40,40,46,29,26,33,41,49,48,46,65,72,37,56,35,37,43,85,,,
940 110006914809,w192577,940 110009422305,w192301,Medium Shade,,55,51,57,28,193,19,34,41,36,83,58,69,105,9,44,37,38,37,73,,,
940 110006914809,w192577,940 110009539462,2561,Medium Shade,6,13,35,17,27,25,24,15,40,75,29,10,17,8,6,,,,,,,,
940 110006914809,w192577,940 110012568279,2487,Medium Shade,,13,20,16,31,54,87,62,60,50,19,22,18,59,76,36,31,41,34,63,,,
940 110006914809,w192577,940 110009540542,w987,Medium Shade,25,134,41,42,48,48,66,36,25,115,26,25,27,46,7,27,54,36,68,47,,,
940 110006914809,w192577,940 110012565616,2446,Medium Shade,,62,28,33,46,35,36,33,36,50,69,34,8,35,10,22,78,27,33,68,,,
940 110006914809,w192577,940 110009538378,2516,Medium Shade,18,31,43,35,16,15,64,20,320,277,58,40,41,45,46,37,43,28,28,55,,,
940 110006914809,w192577,940 110009540938,2430,Medium Shade,,28,34,13,74,17,69,73,33,49,16,26,40,34,25,48,48,37,35,92,,,
940 110006914809,w192577,940 110009538678,w1619,Medium Shade,10,58,25,29,43,33,25,24,34,75,57,14,24,43,39,30,36,14,31,138,,,
940 110006914809,w192577,940 110009540694,w192407,Medium Shade,5,37,104,85,22,22,11,14,43,32,42,34,34,24,24,44,26,33,47,78,,,
940 110006914809,w192577,940 110012566414,2330,Medium Shade,1,22,27,24,4,17,33,26,37,12,38,32,226,21,11,36,30,28,19,49,,,
940 110006914809,w192577,940 110019091108,2532,Medium Shade,,39,51,22,52,32,52,36,24,96,29,20,19,32,49,140,34,46,125,117,,,
940 110006914809,w192577,940 110012567544,2586,Medium Shade,,16,44,41,20,68,19,31,21,36,24,22,43,265,22,20,45,30,47,83,,,
940 110006914809,w192577,940 110009539751,y1021,Medium Shade,10,45,46,23,49,20,16,35,19,26,27,9,10,33,46,,,,,,,,
940 110006914809,w192577,940 110019090769,2718,Medium Shade,,14,91,30,22,19,28,44,58,26,13,15,9,28,62,33,39,29,27,67,,,
940 110006914809,w192577,940 110009422295,3760,Medium Shade,1,11,12,23,32,25,25,18,47,31,16,24,68,29,58,49,44,26,19,88,,,
940 110006914809,w192577,940 110009539049,w192040,Medium Shade,21,62,11,65,21,45,43,26,34,59,82,8,9,4,5,,,,,,,,
940 110006914809,w192577,940 110009540965,w1659,Medium Shade,,14,102,23,27,8,37,33,37,60,25,28,29,35,19,47,32,25,46,78,,,
940 110006914809,w192577,940 110012568023,2370,Medium Shade,20,37,50,30,25,23,48,82,33,36,56,13,26,9,37,51,40,38,28,69,,,
940 110006914809,w192577,940 110009539776,w1562,Medium Shade,14,39,32,40,30,25,54,26,16,37,33,25,93,205,124,27,21,19,17,60,,,
940 110006914809,w192577,940 110009540223,2538,Medium Shade,1,29,17,11,43,33,15,14,22,15,21,7,62,22,27,68,48,47,18,131,,,
940 110006914809,w192577,940 110012568242,w1779,Medium Shade,1,25,57,42,40,73,58,40,33,49,79,20,39,35,41,73,55,20,19,73,,,
940 110006914809,w192577,940 110009540130,2685,Medium Shade,10,34,43,24,27,23,59,41,51,30,60,23,24,48,35,55,73,43,94,133,,,
940 110006914809,w192577,940 110009422834,2605,Medium Shade,7,34,21,32,21,26,27,22,79,50,56,144,25,92,44,13,44,20,17,83,,,
940 110006914809,w192577,940 110009540565,w1559,Medium Shade,5,20,27,19,13,32,30,14,78,10,17,21,33,48,39,103,70,63,44,64,,,
940 110006914809,w192577,940 110009541646,W192086,Medium Shade,11,50,19,11,35,23,23,28,10,29,72,29,54,27,34,24,41,45,11,59,,,
940 110006914809,w192577,940 110019091288,w1540,Medium Shade,1,22,85,22,39,39,68,23,24,21,19,30,45,38,46,61,72,33,40,73,,,
940 110006914809,w192577,940 110009422264,2710,Medium Shade,,6,11,27,10,6,42,12,74,78,41,31,25,21,22,29,52,334,37,65,,,
940 110006914809,w192577,940 110009539503,3800,Medium Shade,17,31,35,40,35,17,40,27,43,31,58,29,50,56,24,16,36,22,29,102,,,
940 110006914809,w192577,940 110019092751,2457,Medium Shade,,7,13,17,28,22,24,23,51,16,13,17,110,74,39,68,39,30,23,100,,,
940 110006914809,w192577,940 110009539436,3729,Medium Shade,2,28,60,93,46,38,28,29,48,19,53,75,10,36,34,27,35,29,89,81,,,
940 110006914809,w192577,940 110009538820,w9535,Medium Shade,,38,18,37,44,24,37,42,54,47,38,11,19,48,38,57,33,26,35,93,,,
940 110006914809,w192577,940 110012566552,2494,Medium Shade,13,50,32,22,25,33,79,25,33,17,46,46,36,48,30,34,33,26,32,77,,,
940 110006914809,w192577,940 110012567630,w1754,Medium Shade,8,25,57,26,33,62,43,24,77,37,13,19,33,55,69,25,54,34,186,108,,,
940 110006914809,w192577,940 110009423264,w192571,Medium Shade,10,38,31,51,29,61,50,47,68,35,92,10,39,34,17,43,44,26,49,41,,,
940 110006914809,w192577,940 110012567369,w237,Medium Shade,12,29,47,11,21,20,17,23,40,72,68,22,42,33,13,60,82,44,17,128,,,
940 110006914809,w192577,940 110009540242,w192165,Medium Shade,21,42,36,12,71,30,28,39,41,40,67,21,27,20,30,69,83,26,25,56,,,
940 110006914809,w192577,940 110019092824,w192394,Medium Shade,2,42,27,45,37,27,30,17,21,42,20,9,18,80,32,36,32,21,10,59,,,
940 110006914809,w192577,940 110012564959,3735,Medium Shade,,20,19,21,38,44,31,32,34,26,52,113,57,69,36,42,23,34,33,69,,,
940 110006914809,w192577,940 110009539901,w787,Medium Shade,12,27,41,17,19,106,39,25,69,56,53,39,31,29,25,40,56,32,49,131,,,
940 110006914809,w192577,940 110012568355,w1658,Medium Shade,21,42,49,59,11,9,9,16,23,41,31,41,25,24,44,32,68,29,22,62,,,
940 110006914809,w192577,940 110012567780,w192115,Medium Shade,14,18,23,24,32,18,26,34,43,58,37,2,4,8,7,,,,,,,,
940 110006914809,w192577,940 110009423063,w192381,Medium Shade,10,32,39,36,20,35,17,11,60,34,22,16,40,255,620,38,26,13,17,65,,,
940 110006914809,w192577,940 110019090422,3743,Medium Shade,12,14,33,37,35,64,59,131,24,40,38,18,30,22,26,32,40,42,22,40,,,
940 110006914809,w192577,940 110012567383,y1093,Medium Shade,14,53,82,60,50,44,41,40,63,59,49,18,29,55,14,32,36,27,29,67,,,
940 110006914809,w192577,940 110009539788,2896,Medium Shade,,29,26,72,396,35,23,19,16,18,28,26,27,34,37,15,24,23,18,39,,,
940 110006914809,w192577,940 110009540065,3767,Medium Shade,,14,13,28,20,25,37,16,29,24,44,42,88,10,27,67,63,30,17,85,,,
940 110006914809,w192577,940 110009538703,2589,Medium Shade,5,27,29,26,11,18,8,26,21,28,26,27,27,25,4,43,180,35,22,36,,,
940 110006914809,w192577,940 110019088599,3738,Medium Shade,2,25,19,34,58,34,34,27,41,57,21,43,34,39,35,26,34,34,68,56,,,
940 110006914809,w192577,940 110009539869,2412,Medium Shade,13,33,34,17,65,218,56,25,37,52,25,7,21,57,32,27,23,25,8,58,,,
940 110006914809,w192577,940 110009538645,2387,Medium Shade,9,26,16,11,13,17,28,55,19,17,30,29,29,30,23,9,33,56,33,105,,,
940 110006914809,w192577,940 110019089806,3752,Medium Shade,,37,30,35,95,19,24,26,25,41,10,24,13,21,21,20,53,24,4,50,,,
940 110006914809,w192577,940 110009541422,3734,Medium Shade,,14,,,,,,,6,6,3,22,32,40,59,49,45,36,47,120,,,
940 110006914809,w192577,940 110019090472,W1663,Medium Shade,,37,146,27,47,56,67,62,90,40,30,88,45,80,25,36,59,29,28,103,,,
940 110006914809,w192577,940 110019090456,w192035,Medium Shade,,51,51,24,43,26,40,17,34,27,46,41,30,41,62,39,55,38,36,67,,,
940 110006914809,w192577,940 110012567347,4720,Medium Shade,,4,45,31,10,22,21,19,37,38,44,21,44,44,16,18,43,27,46,78,,,
940 110006914809,w192577,940 110012554097,2455,Medium Shade,24,28,36,13,15,46,20,29,34,22,83,29,25,35,27,64,30,38,86,26,,,
940 110006914809,w192577,940 110009538792,w192551,Medium Shade,17,45,6,24,19,10,24,21,12,40,26,43,35,31,27,244,56,15,49,83,,,
940 110006914809,w192577,940 110019089984,2580,Medium Shade,1,21,35,43,28,28,53,32,34,233,132,30,33,18,31,36,43,82,49,65,,,
940 110006914809,w192577,940 110009538342,W1594,Medium Shade,18,41,40,20,14,29,19,32,53,37,114,32,9,9,5,,,,,,,,
940 110006914809,w192577,940 110009423033,w192107,Medium Shade,,6,9,21,11,18,13,10,28,207,49,13,14,6,12,19,35,64,22,60,,,
940 110006914809,w192577,940 110009423289,2341,Medium Shade,1,76,67,28,33,23,38,24,43,20,90,34,50,36,44,40,44,38,27,101,,,
940 110006914809,w192577,940 110019088457,w1541,Medium Shade,,36,23,54,20,20,32,55,18,27,18,11,17,29,43,32,56,20,23,110,,,
940 110006914809,w192577,940 110012554600,2508,Medium Shade,16,51,14,14,17,35,42,18,57,26,20,8,16,20,81,16,27,14,11,86,,,
940 110006914809,w192577,940 110009422261,w9560,Medium Shade,1,16,20,117,28,23,38,37,103,51,15,54,32,57,33,69,74,28,36,88,,,
940 110006914809,w192577,940 110012567015,2034,Medium Shade,1,10,24,26,60,31,37,41,58,27,40,752,42,26,57,71,53,24,20,64,,,
940 110006914809,w192577,940 110009541581,2539,Medium Shade,11,39,32,41,60,36,53,25,31,33,28,65,26,54,15,81,41,28,57,117,,,
940 110006914809,w192577,940 110012568226,w997,Medium Shade,1,57,41,23,121,37,41,26,22,24,14,20,34,47,16,54,39,24,81,77,,,
940 110006914809,w192577,940 110009538323,2499,Medium Shade,10,77,68,25,24,25,33,51,47,26,19,24,18,17,11,43,120,188,26,47,,,
940 110006914809,w192577,940 110009539554,2426,Medium Shade,11,52,24,24,19,16,38,18,39,45,40,15,44,124,44,48,47,27,19,136,,,
940 110006914809,w192577,940 110019088459,w192346,Medium Shade,,21,23,139,191,43,44,20,48,35,18,34,21,22,24,40,35,18,12,,,,
940 110006914809,w192577,940 110019091096,3740,Medium Shade,1,13,30,50,14,36,19,20,25,109,36,29,32,19,27,29,28,17,64,130,,,
940 110006914809,w192577,940 110009538667,2378,Medium Shade,18,52,22,15,20,31,17,11,62,23,23,21,56,308,408,38,38,52,49,104,,,
940 110006914809,w192577,940 110009541019,W192051,Medium Shade,1,26,34,41,9,61,38,23,60,84,19,40,18,35,17,53,134,30,79,59,,,
940 110006914809,w192577,940 110019088512,2525,Medium Shade,38,43,11,15,24,19,22,22,21,43,19,35,39,32,26,23,57,39,43,90,,,
940 110006914809,w192577,940 110009540872,y1052,Medium Shade,1,14,32,34,30,25,38,30,33,37,19,26,41,39,25,30,96,66,29,64,,,
940 110006914809,w192577,940 110012567418,y471,Medium Shade,10,29,47,31,54,39,24,35,62,27,69,178,33,68,54,33,77,51,46,115,,,
940 110006914809,w192577,940 110012567777,W192402,Medium Shade,10,46,46,23,25,28,41,71,63,62,59,26,18,34,24,39,38,19,42,120,,,
940 110006914809,w192577,940 110009541492,2949,Medium Shade,6,31,26,29,33,10,25,14,31,38,29,15,25,23,37,29,28,29,84,145,,,
940 110006914809,w192577,940 110009539763,w9285,Medium Shade,21,52,23,19,45,21,16,27,49,124,25,18,22,48,24,16,16,25,17,57,,,
940 110006914809,w192577,940 110009541384,2339,Medium Shade,7,42,53,18,44,45,18,43,34,28,30,34,132,612,22,26,29,43,37,114,,,
940 110006914809,w192577,940 110009541309,2611,Medium Shade,,25,37,21,12,31,18,28,54,33,17,31,85,70,19,62,56,39,23,101,,,
940 110006914809,w192577,940 110009540569,w743,Medium Shade,4,24,36,33,27,30,86,18,23,36,27,16,9,22,30,26,22,12,66,118,,,
940 110006914809,w192577,940 110009540382,2576,Medium Shade,13,28,28,32,23,13,51,48,64,311,128,101,16,18,40,33,50,34,52,70,,,
940 110006914809,w192577,940 110009540741,w275,Medium Shade,9,90,32,25,36,51,39,35,48,26,24,25,38,20,29,46,57,43,37,95,,,
940 110006914809,w192577,940 110009540573,2509,Medium Shade,35,36,24,20,20,15,10,26,33,85,13,19,20,42,32,23,21,20,22,73,,,
940 110006914809,w192577,940 110012553681,2477,Medium Shade,7,35,41,18,28,12,128,72,42,18,21,145,40,27,16,36,21,68,28,146,,,
940 110006914809,w192577,940 110019091425,w1704,Medium Shade,,13,40,41,36,41,41,18,49,33,43,21,45,41,36,17,44,27,7,59,,,
940 110006914809,w192577,940 110009423237,2585,Medium Shade,14,30,18,15,22,20,29,56,51,34,17,16,21,29,24,45,93,23,38,43,,,
940 110006914809,w192577,940 110019090337,w233,Medium Shade,,8,9,17,15,38,35,26,43,23,18,18,16,26,29,13,28,34,30,58,,,
940 110006914809,w192577,940 110019091210,y1075,Medium Shade,,26,39,16,14,50,41,26,25,23,44,4,2,3,9,,,,,,,,
940 110006914809,w192577,940 110009541432,w1788,Medium Shade,2,19,30,14,22,38,18,20,43,41,36,30,247,38,57,7,50,12,17,44,,,
940 110006914809,w192577,940 110019092812,2599,Medium Shade,,16,22,43,21,28,27,28,38,32,43,20,30,25,42,33,36,31,27,61,,,
940 110006914809,w192577,940 110012567642,w9283,Medium Shade,1,26,164,41,18,16,8,17,35,62,22,34,19,58,38,47,63,43,31,76,,,
940 110006914809,w192577,940 110012554604,w192295,Medium Shade,12,60,37,29,36,40,61,27,56,17,18,16,33,15,57,68,46,95,27,119,,,
940 110006914809,w192577,940 110012554739,w1745,Medium Shade,15,51,28,13,40,16,33,25,30,22,33,13,55,59,22,37,43,73,80,134,,,
940 110006914809,w192577,940 110009530580,2386,Medium Shade,9,55,17,44,42,39,37,24,54,29,17,35,49,38,22,46,72,305,79,72,,,
940 110006914809,w192577,940 110009540276,w192123,Medium Shade,23,40,37,29,37,23,87,28,23,26,68,10,6,5,6,,,,,,,,
940 110006914809,w192577,940 110019090724,2306,Medium Shade,,24,28,20,61,33,36,26,39,22,19,25,15,29,86,85,44,48,41,86,,,
940 110006914809,w192577,940 110009541067,w192001,Medium Shade,10,44,54,37,13,39,140,32,17,19,5,14,35,39,25,44,53,35,27,165,,,
940 110006914809,w192577,940 110009540824,2377,Medium Shade,,12,14,38,18,19,26,22,65,59,28,6,39,14,58,47,26,26,51,49,,,
940 110006914809,w192577,940 110009541500,2310,Medium Shade,,20,58,16,43,52,42,24,105,239,145,35,36,68,41,27,46,22,19,102,,,
940 110006914809,w192577,940 110019088592,2024,Medium Shade,,12,41,37,13,20,57,29,87,46,11,51,113,27,21,35,33,38,14,35,,,
940 110006914809,w192577,940 110019091964,y451,Medium Shade,57,41,61,22,27,32,59,39,44,46,25,43,42,39,28,63,44,27,22,91,,,
940 110006914809,w192577,940 110009541058,2368,Medium Shade,10,42,24,21,19,19,37,30,52,28,59,315,52,24,28,55,45,29,83,92,,,
940 110006914809,w192577,940 110019090664,w778,Medium Shade,7,36,49,26,20,36,12,30,44,27,157,20,74,40,20,7,45,69,16,116,,,
940 110006914809,w192577,940 110012567889,2421,Medium Shade,,14,17,17,19,36,36,18,15,12,23,31,29,50,57,41,40,55,40,122,,,
940 110006914809,w192577,940 110009538634,3000,Medium Shade,1,22,27,21,12,30,10,89,79,82,40,18,12,26,40,19,27,20,52,50,,,
940 110006914809,w192577,940 110012565445,y1008,Medium Shade,15,57,29,32,36,36,50,50,36,31,345,163,41,8,55,27,26,53,20,53,,,
940 110006914809,w192577,940 110012566812,y1030,Medium Shade,7,47,27,12,21,26,12,19,32,37,46,266,216,29,39,30,53,56,32,53,,,
940 110006914809,w192577,940 110012568034,2390,Medium Shade,,20,25,23,12,35,46,26,233,72,42,32,16,74,19,43,37,28,27,68,,,
940 110006914809,w192577,940 110009539598,2597,Medium Shade,10,57,57,26,32,38,37,32,35,31,73,37,32,49,64,36,31,40,79,50,,,
940 110006914809,w192577,940 110019091882,2424,Medium Shade,,2,21,30,9,16,29,14,8,30,49,15,21,51,33,26,42,30,162,177,,,
940 110006914809,w192577,940 110009538769,y1002,Medium Shade,5,20,25,26,58,28,37,37,380,28,50,24,36,22,24,20,48,19,19,118,,,
940 110006914809,w192577,940 110009422310,w192083,Medium Shade,,9,28,94,55,40,28,32,63,26,47,10,9,29,24,23,35,51,37,108,,,
940 110006914809,w192577,940 110019091482,w1631,Medium Shade,12,45,59,16,32,19,16,5,39,53,23,11,41,19,19,39,48,60,42,70,,,
940 110006914809,w192577,940 110009420489,1473,Medium Shade,,35,33,38,73,25,30,28,39,30,24,92,32,31,48,34,42,39,39,180,,,
940 110006914809,w192577,940 110009541300,2462,Medium Shade,1,39,45,67,28,38,25,29,27,33,38,19,55,63,19,31,29,32,24,131,,,
940 110006914809,w192577,940 110009538626,w984,Medium Shade,17,29,20,48,37,19,37,35,17,25,32,16,14,34,23,19,74,30,8,45,,,
940 110006914809,w192577,940 110019091427,w192523,Medium Shade,,8,18,20,24,20,32,29,15,31,35,10,3,2,139,,,,,,,,
940 110006914809,w192577,940 110009538492,w192361,Medium Shade,5,23,12,22,22,50,17,22,29,35,75,28,46,14,10,26,21,22,50,32,,,
940 110006914809,w192577,940 110009541417,2308,Medium Shade,,14,39,16,28,13,23,14,43,31,37,178,142,26,24,28,40,29,14,76,,,
940 110006914809,w192577,940 110012554827,3718,Medium Shade,19,36,21,18,30,28,28,68,79,28,46,13,26,54,58,27,32,21,39,37,,,
940 110006914809,w192577,940 110009538313,2992,Medium Shade,,66,27,25,35,24,24,37,23,29,44,97,21,36,48,28,25,36,19,62,,,
940 110006914809,w192577,940 110009538987,3723,Medium Shade,6,43,21,15,42,22,27,26,67,87,29,25,35,27,66,21,48,16,70,43,,,
940 110006914809,w192577,940 110019091548,y425,Medium Shade,,15,27,29,43,8,17,20,42,90,30,17,21,49,40,37,37,26,17,68,,,
940 110006914809,w192577,940 110009540342,2414,Medium Shade,5,49,22,27,24,47,15,50,67,98,28,14,36,28,18,47,49,35,179,157,,,
940 110006914809,w192577,940 110019090665,w1747,Medium Shade,,20,76,33,21,30,80,45,55,37,41,25,26,21,44,22,45,16,25,40,,,
940 110006914809,w192577,940 110009538658,w192549,Medium Shade,1,19,13,27,26,18,18,35,50,66,21,27,26,17,52,12,273,25,16,51,,,
940 110006914809,w192577,940 110009539892,W1578,Medium Shade,3,33,17,45,45,45,60,33,61,31,21,21,37,12,18,87,84,37,21,98,,,
940 110006914809,w192577,940 110009538519,2985,Medium Shade,7,41,38,24,19,80,24,14,42,35,26,23,25,28,41,40,23,24,26,65,,,
940 110006914809,w192577,940 110009538600,O45,Medium Shade,11,68,39,19,39,46,39,42,39,21,46,40,26,20,46,41,25,495,95,104,,,
940 110006914809,w192577,940 110012553997,2566,Medium Shade,,25,18,14,6,11,23,27,72,24,13,32,14,19,19,160,78,15,27,60,,,
940 110006914809,w192577,940 110012553833,2465,Medium Shade,13,34,41,37,22,28,15,26,80,142,46,14,42,23,74,49,45,35,20,50,,,
940 110006914809,w192577,940 110009540034,y1057,Medium Shade,7,33,63,27,24,34,35,34,28,54,39,,25,4,118,,,,,,,,
940 110006914809,w192577,940 110009540590,3766,Medium Shade,,9,3,21,27,30,22,28,57,24,10,22,46,149,284,25,30,36,6,46,,,
940 110006914809,w192577,940 110012567879,2994,Medium Shade,2,27,21,41,32,16,37,15,33,51,32,17,51,55,25,35,46,23,16,69,,,
940 110006914809,w192577,940 110009539956,2719,Medium Shade,14,11,94,7,11,14,14,17,12,38,38,41,13,9,25,34,11,31,26,75,,,
940 110006914809,w192577,940 110009540658,2564,Medium Shade,15,54,28,34,75,17,38,35,29,73,120,384,355,80,46,55,33,16,39,75,,,
940 110006914809,w192577,940 110012553990,2360,Medium Shade,,26,32,74,6,34,45,53,11,41,14,28,23,43,79,15,37,46,36,51,,,
940 110006914809,w192577,940 110009539438,3761,Medium Shade,3,13,18,217,43,4,28,14,16,61,15,33,44,22,13,23,55,51,16,53,,,
940 110006914809,w192577,940 110012567356,W192374,Medium Shade,19,53,65,29,15,39,42,45,63,36,74,12,7,57,38,22,,,,,,,
940 110006914809,w192577,940 110009540105,w192314,Medium Shade,12,50,26,58,30,39,37,21,45,35,41,18,16,28,45,32,67,38,126,74,,,
940 110006914809,w192577,940 110009531315,w192428,Medium Shade,9,32,35,18,23,12,35,15,36,38,24,30,62,32,31,23,24,49,32,44,,,
940 110006914809,w192577,940 110019090378,2926,Medium Shade,1,15,63,34,9,30,64,20,17,23,28,19,284,38,29,33,54,49,9,157,,,
940 110006914809,w192577,940 110009538665,2315,Medium Shade,4,48,37,19,44,32,11,46,63,24,19,19,491,391,41,36,29,77,64,99,,,
940 110006914809,w192577,940 110009539428,2342,Medium Shade,12,35,72,26,38,12,49,52,60,28,13,33,285,55,19,38,22,45,19,75,,,
940 110006914809,w192577,940 110009540744,3764,Medium Shade,8,56,35,21,43,19,32,22,34,27,66,32,15,23,591,135,31,27,20,39,,,
940 110006914809,w192577,940 110019090424,w282,Medium Shade,16,31,48,47,46,45,88,35,32,22,20,24,39,20,30,42,25,92,20,87,,,
940 110006914809,w192577,940 110019092820,w766,Medium Shade,,25,29,35,31,28,60,8,38,81,14,8,21,51,39,30,39,21,20,74,,,
940 110006914809,w192577,940 110012567670,y422,Medium Shade,20,34,41,12,49,44,46,26,139,21,56,32,26,28,51,31,53,22,65,96,,,
940 110006914809,w192577,940 110012568163,Y1100,Medium Shade,14,30,37,26,29,23,40,65,48,87,8,37,52,38,40,33,101,102,8,110,,,
940 110006914809,w192577,940 110009540230,w192575,Medium Shade,18,34,38,37,33,18,81,138,86,45,26,6,29,38,43,26,50,19,20,85,,,
940 110006914809,w192577,940 110009541329,y462,Medium Shade,8,44,33,35,29,43,33,39,95,39,16,27,34,31,50,33,34,59,27,80,,,
940 110006914809,w192577,940 110019089967,2715,Medium Shade,32,35,24,24,43,31,38,43,85,34,23,35,25,43,21,40,61,42,19,131,,,
940 110006914809,w192577,940 110012566817,2404,Medium Shade,17,71,18,38,33,31,23,70,62,32,77,63,47,56,25,100,43,26,44,91,,,
940 110006914809,w192577,940 110009539512,y461,Medium Shade,24,44,29,27,26,15,21,31,40,54,22,16,39,28,21,19,229,165,73,88,,,
940 110006914809,w192577,940 110009539959,w192501,Medium Shade,,14,35,17,8,29,25,29,20,27,40,1,23,20,9,38,39,21,62,52,,,
940 110006914809,w192577,940 110009538669,w192272,Medium Shade,,46,24,27,29,22,28,17,116,27,19,5,46,8,1,,,,,,,,
940 110006914809,w192577,940 110012567096,w192033,Medium Shade,1,20,68,84,18,26,31,46,61,62,41,42,23,34,15,55,40,47,66,123,,,
940 110006914809,w192577,940 110019090313,2453,Medium Shade,,8,33,23,33,26,57,70,44,67,28,22,85,55,9,57,43,33,63,66,,,
940 110006914809,w192577,940 110009541617,2408,Medium Shade,12,22,42,13,16,26,40,44,64,28,36,17,35,108,18,35,24,19,24,47,,,
940 110006914809,w192577,940 110009423311,2474,Medium Shade,,18,38,18,16,21,40,17,42,60,50,57,29,34,93,78,100,32,22,77,,,
940 110006914809,w192577,940 110009539528,w232,Medium Shade,,21,34,51,24,24,28,35,52,21,22,13,75,100,39,42,31,30,69,115,,,
940 110006914809,w192577,940 110012553583,w1618,Medium Shade,,18,21,43,44,7,21,23,28,41,38,17,39,25,36,35,30,31,84,66,,,
940 110006914809,w192577,940 110009541163,2892,Medium Shade,12,28,29,25,26,12,41,36,63,20,56,12,14,4,2,,,,,,,,
940 110006914809,w192577,940 110009538983,w192443,Medium Shade,1,16,32,84,42,36,32,29,32,212,274,3,1,,,,,,,,,,
940 110006914809,w192577,940 110019091579,w977,Medium Shade,13,37,29,14,35,32,26,22,54,49,22,23,102,15,20,17,39,21,8,44,,,
940 110006914809,w192577,951 000016128364,w192569,Medium Shade,11,30,45,39,79,33,32,55,60,56,39,25,54,23,58,48,50,72,19,110,,,
940 110006914809,w192577,940 110009541005,w1581,Medium Shade,26,40,11,26,50,9,30,37,82,407,102,37,29,21,59,47,49,23,53,94,,,
940 110006914809,w192577,940 110009538980,w1680,Medium Shade,2,61,44,31,40,26,24,29,33,23,44,60,31,25,45,50,44,18,62,120,,,
940 110006914809,w192577,940 110009539347,w192244,Medium Shade,10,24,9,49,37,34,38,42,54,38,18,8,21,19,24,17,15,47,19,43,,,
940 110006914809,w192577,940 110019091241,2367,Medium Shade,1,18,30,39,130,47,44,31,37,47,36,29,21,40,48,17,65,40,16,39,,,
940 110006914809,w192577,940 110012567199,2442,Medium Shade,1,20,22,61,42,24,28,25,40,37,30,109,45,31,47,28,53,56,10,75,,,
940 110006914809,w192577,940 110009539591,w796,Medium Shade,1,8,34,28,52,19,17,45,26,38,60,229,90,52,16,9,31,35,39,65,,,
940 110006914809,w192577,940 110009539850,2977,Medium Shade,,32,22,31,15,14,33,25,64,32,19,27,42,37,21,109,14,4,26,22,,,
940 110006914809,w192577,940 110012553857,w1602,Medium Shade,9,39,115,28,26,25,39,11,15,56,31,17,35,54,19,58,54,13,19,109,,,
940 110006914809,w192577,940 110012565637,w1625,Medium Shade,24,34,33,18,23,40,42,32,71,31,126,34,9,74,27,13,36,18,66,77,,,
940 110006914809,w192577,940 110009538466,w253,Medium Shade,,23,56,16,31,28,32,22,34,74,47,22,26,52,20,30,132,50,18,105,,,
940 110006914809,w192577,940 110009422214,w1648,Medium Shade,20,75,38,28,67,50,59,38,65,32,37,18,50,63,32,71,37,14,36,44,,,
940 110006914809,w192577,940 110012565629,2311,Medium Shade,21,71,18,35,42,19,27,18,29,52,44,25,24,30,54,34,43,30,38,56,,,
940 110006914809,w192577,940 110019088638,2655,Medium Shade,7,46,54,13,8,26,29,40,16,36,71,7,12,3,4,,,,,,,,
940 110006914809,w192577,940 110009423305,y1018,Medium Shade,12,30,19,16,26,41,32,27,41,27,25,28,292,68,58,44,29,43,16,138,,,
940 110006914809,w192577,940 110009540843,3730,Medium Shade,1,19,28,39,18,38,22,16,57,22,25,30,73,237,52,30,22,28,65,83,,,
940 110006914809,w192577,940 110012568175,2476,Medium Shade,9,18,21,10,46,24,19,12,23,29,60,43,33,38,27,19,33,30,23,72,,,
940 110006914809,w192577,940 110012567433,w9276,Medium Shade,11,41,32,31,32,148,39,55,51,24,59,31,20,51,12,23,34,35,39,81,,,
940 110006914809,w192577,940 110009541056,2334,Medium Shade,16,86,43,36,54,20,27,48,53,23,39,18,28,41,35,26,21,29,42,73,,,
940 110006914809,w192577,940 110009539931,y1119,Medium Shade,,43,38,40,34,33,34,60,36,58,29,17,43,33,259,39,76,24,23,111,,,
940 110006914809,w192577,940 110009541611,2692,Medium Shade,23,72,19,53,15,33,30,33,52,54,18,37,27,41,23,24,47,40,87,298,,,
940 110006914809,w192577,940 110012568063,2011,Medium Shade,2,30,40,25,21,57,21,40,53,39,60,24,19,84,18,60,54,15,53,71,,,
940 110006914809,w192577,940 110019091098,w192426,Medium Shade,26,57,24,21,26,14,30,22,49,17,34,23,25,37,26,24,27,40,27,72,,,
940 110006914809,w192577,940 110009538800,w192595,Medium Shade,125,103,37,57,18,22,48,20,34,28,79,18,37,29,26,14,46,39,16,31,,,
940 110006914809,w192577,940 110009538761,2894,Medium Shade,23,61,31,40,31,272,53,16,82,64,92,33,21,23,29,38,41,86,14,95,,,
940 110006914809,w192577,940 110009541060,2349,Medium Shade,15,38,33,79,60,119,41,42,37,44,111,44,203,49,24,17,38,37,23,72,,,
940 110006914809,w192577,940 110009541620,3768,Medium Shade,5,58,52,42,91,17,37,61,88,81,10,32,47,25,53,8,30,89,123,9,,,
940 110006914809,w192577,940 110009541106,2039,Medium Shade,5,67,77,36,23,75,48,51,61,30,32,33,34,45,82,57,25,30,20,84,,,
940 110006914809,w192577,940 110012565603,3721,Medium Shade,60,174,34,30,31,35,17,55,57,68,59,55,8,33,41,28,22,50,21,31,,,
940 110006914809,w192577,940 110009540164,3731,Medium Shade,21,45,15,33,31,40,161,33,33,35,19,16,12,32,28,27,33,41,14,66,,,
940 110006914809,w192577,940 110009541583,2569,Medium Shade,,26,28,22,56,25,45,35,153,44,52,27,28,58,50,50,45,54,111,86,,,
940 110006914809,w192577,940 110019090704,w192029,Medium Shade,2,20,41,42,81,63,34,33,49,29,56,3,19,8,6,,,,,,,,
940 110006914809,w192577,940 110009541400,2497,Medium Shade,,18,35,56,16,37,32,54,34,65,58,10,406,142,20,29,32,74,96,114,,,
940 110006914809,w192577,940 110009540595,2530,Medium Shade,1,21,41,52,47,23,18,29,34,51,125,19,16,47,113,79,39,55,26,99,,,
940 110006914809,w192577,940 110012566508,2403,Medium Shade,,26,23,54,18,95,80,27,31,25,99,23,28,70,23,78,49,22,83,64,,,
940 110006914809,w192577,940 110009541424,2677,Medium Shade,,8,35,26,14,36,24,18,111,31,26,16,8,34,21,17,33,41,18,54,,,
940 110006914809,w192577,940 110019092819,3757,Medium Shade,,9,42,20,10,18,35,54,10,49,9,25,23,24,67,25,40,17,20,57,,,
940 110006914809,w192577,940 110012553723,w1527,Medium Shade,12,45,20,16,43,43,49,36,34,43,187,39,43,68,53,66,54,30,31,133,,,
940 110006914809,w192577,940 110012554464,w9561,Medium Shade,12,45,26,28,41,12,23,21,63,27,30,22,121,58,22,65,41,47,81,57,,,
940 110006914809,w192577,940 110019090786,4056,Medium Shade,1,26,46,25,76,58,34,18,90,78,83,24,34,27,68,27,47,32,30,62,,,
940 110006914809,w192577,940 110012566861,w949,Medium Shade,,14,21,33,30,23,39,29,32,30,55,11,25,29,50,43,44,36,61,104,,,
940 110006914809,w192577,940 110019092000,y499,Medium Shade,,21,25,26,18,48,28,21,43,35,17,29,34,26,36,198,74,32,38,43,,,
940 110006914809,w192577,940 110009540715,2612,Medium Shade,,38,54,19,37,24,49,24,200,90,23,30,26,99,23,51,108,37,35,177,,,
940 110006914809,w192577,940 110012568054,2452,Medium Shade,14,46,40,20,24,28,108,24,56,49,46,21,44,20,10,49,111,27,20,85,,,
940 110006914809,w192577,940 110009421837,w1554,Medium Shade,8,34,19,16,14,25,29,24,34,52,12,35,9,40,40,37,25,43,188,121,,,
940 110006914809,w192577,940 110009540599,2514,Medium Shade,8,36,41,19,51,33,29,48,77,35,119,29,31,42,11,52,173,36,25,63,,,
940 110006914809,w192577,940 110019088481,w192206,Medium Shade,,15,27,20,48,33,20,30,20,36,53,213,185,13,11,41,43,24,27,37,,,
940 110006914809,w192577,940 110009422288,5426,Medium Shade,11,17,14,28,39,30,13,16,19,56,26,19,24,10,44,61,25,42,21,45,,,
940 110006914809,w192577,940 110009541128,W1775,Medium Shade,10,37,30,44,42,31,21,26,78,72,45,14,32,39,33,39,22,31,17,65,,,
940 110006914809,w192577,940 110019090804,w1682,Medium Shade,4,33,50,44,54,28,25,48,50,77,19,12,24,46,35,26,29,20,28,62,,,
940 110006914809,w192577,940 110019091847,y452,Medium Shade,1,20,23,28,25,41,47,69,78,28,25,14,56,33,49,56,48,27,64,69,,,
940 110006914809,w192577,940 110012566856,2449,Medium Shade,1,38,21,53,33,42,35,26,44,37,56,24,102,61,17,38,41,29,48,76,,,
940 110006914809,w192577,940 110012565625,w793,Medium Shade,7,51,42,51,47,22,29,33,16,76,32,48,19,81,18,17,70,50,33,101,,,
940 110006914809,w192577,940 110009540544,Y1084,Medium Shade,,23,23,40,48,50,35,101,60,29,28,48,40,87,52,28,29,19,24,99,,,
940 110006914809,w192577,940 110019091113,2333,Medium Shade,1,52,41,20,20,16,33,51,29,27,24,13,31,31,24,46,26,40,28,62,,,
940 110006914809,w192577,940 110009422162,2531,Medium Shade,1,15,16,46,88,75,26,12,74,59,60,25,21,44,46,30,46,34,26,103,,,
940 110006914809,w192577,940 110009538683,2982,Medium Shade,2,51,23,19,51,62,33,32,46,26,81,932,20,28,18,30,46,51,71,70,,,
940 110006914809,w192577,940 110019090700,3797,Medium Shade,7,35,22,51,31,52,31,80,68,45,35,17,32,65,24,16,26,17,10,64,,,
940 110006914809,w192577,940 110012566578,2996,Medium Shade,19,50,45,57,31,59,37,31,63,34,63,93,66,91,395,15,47,34,51,62,,,
940 110006914809,w192577,940 110019088560,2588,Medium Shade,1,40,31,40,152,32,48,42,54,61,55,46,72,77,48,26,51,39,19,78,,,
940 110006914809,w192577,940 110009540324,2609,Medium Shade,,27,19,19,29,23,22,282,79,22,18,32,35,48,20,34,118,19,23,78,,,
940 110006914809,w192577,940 110009539531,2720,Medium Shade,15,83,141,18,24,41,38,20,41,27,37,37,32,33,62,45,44,34,62,119,,,
940 110006914809,w192577,940 110009538657,w767,Medium Shade,36,65,27,45,42,48,58,31,46,36,73,24,48,35,16,26,18,41,75,108,,,
940 110006914809,w192577,940 110009539936,Y433,Medium Shade,9,25,11,18,18,21,23,44,28,67,39,16,22,47,14,32,50,33,43,81,,,
940 110006914809,w192577,940 110009541554,2435,Medium Shade,,23,43,19,38,28,19,31,19,40,41,22,240,241,37,33,48,48,29,101,,,
940 110006914809,w192577,940 110009540051,y1102,Medium Shade,9,43,37,16,55,32,43,39,83,39,53,19,137,195,113,33,45,24,15,87,,,
940 110006914809,w192577,940 110012566440,3722,Medium Shade,9,39,45,32,47,48,46,61,37,23,147,128,19,62,40,29,45,28,25,63,,,
940 110006914809,w192577,940 110009540683,2466,Medium Shade,4,32,34,79,17,7,63,42,33,45,31,17,63,24,21,43,13,19,13,,,,
940 110006914809,w192577,940 110009540986,2500,Medium Shade,1,17,27,45,24,18,30,39,35,44,16,53,14,51,21,43,38,26,11,83,,,
940 110007958008,w192415,940 110012567028,w1683,No Shade,,,,,,,,,17,11,28,18,35,19,29,28,17,55,66,82,43,5,
940 110007958008,w192415,940 110012553568,2974,No Shade,,,,,,,,,9,17,7,23,21,27,20,21,23,41,54,69,32,93,
940 110007958008,w192415,940 110009539831,2331,No Shade,,,,,,,,,13,11,6,16,21,41,32,55,22,89,90,68,51,9,
940 110007958008,w192415,940 110019091379,3749,No Shade,,,,,,,,,6,5,5,56,35,15,57,30,19,77,191,44,53,12,
940 110007958008,w192415,940 110012567070,w192145,No Shade,,,,,,,,,14,98,21,15,90,18,21,30,33,60,35,41,287,4,
940 110007958008,w192415,940 110012565400,w192463,No Shade,,,,,,,,,5,7,9,13,6,41,11,22,11,49,73,51,225,19,
940 110006987068,w192437,940 110009423305,y1018,Medium Shade,9,51,13,21,24,124,78,,30,83,29,282,5,,,39,18,37,51,46,60,30,
940 110006987068,w192437,940 110009538683,2982,Medium Shade,3,37,23,40,35,92,71,,24,45,35,428,7,,,39,46,38,20,29,71,45,4
940 110006987068,w192437,940 110009539776,w1562,Medium Shade,17,47,27,13,12,66,63,,51,37,41,93,7,,,22,30,18,11,15,28,62,
940 110006987068,w192437,940 110009538773,W192534,Medium Shade,26,20,12,35,20,87,96,,64,49,35,132,10,,,29,113,45,26,52,48,595,5
940 110006987068,w192437,940 110009539512,y461,Medium Shade,20,23,53,23,48,68,54,,33,30,15,181,21,,,22,56,40,24,29,29,,
940 110006987068,w192437,940 110012568063,2011,Medium Shade,4,50,33,69,29,126,103,,58,56,29,148,5,,,47,25,22,19,40,729,120,3
940 110006987068,w192437,940 110019090313,2453,Medium Shade,,24,17,18,16,33,56,,34,42,50,105,2,,,32,56,29,58,52,40,77,
940 110006987068,w192437,940 110009538600,O45,Medium Shade,25,77,27,45,25,161,70,,19,18,19,136,25,,,21,40,35,242,20,34,25,6
940 110006987068,w192437,940 110009539531,2720,Medium Shade,19,39,77,25,11,81,90,,53,68,22,173,20,,,48,27,33,15,28,45,29,
940 110006987068,w192437,940 110019091113,2333,Medium Shade,,17,11,34,28,97,64,,58,42,26,199,5,,,79,100,49,16,142,61,3,
940 110006987068,w192437,940 110009539554,2426,Medium Shade,13,28,23,35,26,38,66,,25,46,25,124,21,,,24,32,35,59,37,52,,
940 110006987068,w192437,940 110012567199,2442,Medium Shade,,31,34,126,29,60,40,,58,39,26,123,44,,,46,39,41,13,30,13,,
940 110006987068,w192437,940 110012567432,3739,Medium Shade,,,,,,,,,12,8,6,120,14,,,37,81,34,37,90,38,93,6
940 110006987068,w192437,940 110019091096,3740,Medium Shade,2,25,18,54,32,123,81,,59,112,49,100,17,,,32,59,43,7,30,27,42,9
940 110006987068,w192437,940 110009539788,2896,Medium Shade,,20,21,23,170,48,36,,59,51,42,116,39,,,33,29,17,12,36,48,51,
940 110006987068,w192437,940 110009538658,w192549,Medium Shade,2,12,9,11,34,86,65,,47,41,11,208,17,,,6,44,21,26,15,24,32,2
940 110006987068,w192437,940 110009539901,w787,Medium Shade,12,16,48,32,20,235,126,,96,17,31,99,3,,,25,38,24,28,51,72,104,
940 110006987068,w192437,940 110019090804,w1682,Medium Shade,4,31,14,20,37,78,171,,131,76,42,175,14,,,35,33,33,10,39,25,22,3
940 110006987068,w192437,940 110009422295,3760,Medium Shade,2,30,13,22,22,87,109,,61,51,16,161,17,,,88,270,15,11,24,45,35,
940 110006987068,w192437,940 110019090337,w233,Medium Shade,,7,9,13,29,93,57,,25,13,25,108,2,,,24,20,62,8,23,27,16,1
940 110006987068,w192437,940 110019090456,w192035,Medium Shade,,30,25,42,23,162,80,,24,43,1048,255,25,,,39,24,39,6,45,65,55,3
940 110006987068,w192437,940 110019091425,w1704,Medium Shade,,17,46,416,34,61,59,,65,15,21,70,2,,,42,39,32,3,26,96,92,6
940 110006987068,w192437,940 110019091126,w1524,Medium Shade,,194,284,35,21,75,127,,90,32,13,107,27,,,36,43,46,15,39,102,137,26
940 110006987068,w192437,940 110009539936,Y433,Medium Shade,16,24,39,11,20,77,55,,18,26,23,164,30,,,19,42,32,43,91,84,1,
940 110006987068,w192437,940 110012554582,y465,Medium Shade,11,32,36,34,28,80,107,,23,29,29,144,7,,,25,19,213,11,47,69,67,4
940 110006987068,w192437,940 110019089967,2715,Medium Shade,36,52,30,32,59,127,89,,57,20,18,162,4,,,47,58,42,20,52,48,86,
940 110006987068,w192437,940 110019091882,2424,Medium Shade,,17,11,30,7,105,50,,26,37,14,102,2,,,43,76,26,330,94,63,,
940 110006987068,w192437,940 110012567369,w237,Medium Shade,18,25,45,28,46,116,95,,59,96,52,180,14,,,97,88,20,26,30,30,56,8
940 110006987068,w192437,940 110009539428,2342,Medium Shade,15,37,58,32,36,85,96,,53,24,52,177,1,,,25,40,30,31,217,64,33,6
940 110006987068,w192437,940 110012553681,2477,Medium Shade,8,30,44,30,43,147,181,,37,11,29,137,4,,,26,16,21,12,60,18,46,4
940 110006987068,w192437,940 110019091482,w1631,Medium Shade,7,89,44,54,31,130,153,,28,25,59,105,4,,,34,71,137,51,33,43,91,4
940 110006987068,w192437,940 110019092812,2599,Medium Shade,2,29,24,109,49,144,48,,16,18,9,74,1,,,49,23,17,11,32,42,79,6
940 110006987068,w192437,940 110012568023,2370,Medium Shade,19,59,31,43,25,69,76,,42,15,20,76,45,,,6,9,38,69,14,27,30,9
940 110006987068,w192437,940 110012553997,2566,Medium Shade,3,3,8,25,48,51,39,,23,27,7,94,2,,,122,29,27,4,32,42,23,
940 110006987068,w192437,940 110019092000,y499,Medium Shade,,23,37,33,20,58,50,,50,22,66,106,,,,66,66,22,18,23,40,137,
940 110006987068,w192437,940 110009541309,2611,Medium Shade,,25,33,28,25,418,91,,56,58,43,165,37,,,32,48,65,136,19,68,31,
940 110006987068,w192437,940 110009541581,2539,Medium Shade,10,61,25,31,52,71,47,,67,294,74,215,6,,,54,53,42,18,77,73,81,
940 110006987068,w192437,940 110019089806,3752,Medium Shade,,29,24,37,68,113,96,,32,24,42,141,,,,36,37,20,6,94,62,12,
940 110006987068,w192437,940 110012566817,2404,Medium Shade,24,62,76,51,35,166,54,,103,63,90,203,1,,,95,126,34,31,49,149,56,3
940 110006987068,w192437,940 110009540223,2538,Medium Shade,,16,24,17,20,74,60,,62,26,13,103,14,,,12,14,114,15,56,30,,
940 110006987068,w192437,940 110009541067,w192001,Medium Shade,14,43,33,30,58,182,173,,11,134,17,136,15,,,46,21,51,10,40,36,44,18
940 110006987068,w192437,940 110019092766,2491,Medium Shade,,,,,,,,,6,11,4,97,33,,,20,29,22,10,28,69,76,1
940 110006987068,w192437,940 110019090378,2926,Medium Shade,3,33,41,55,11,125,84,,42,78,46,135,4,,,10,36,21,27,25,61,61,7
940 110006987068,w192437,940 110009540382,2576,Medium Shade,6,28,52,44,26,105,108,,24,137,39,110,3,,,30,23,28,11,92,58,66,10
940 110006987068,w192437,951 000016128364,w192569,Medium Shade,16,36,26,20,69,126,45,,22,38,66,485,313,,,44,34,40,18,33,46,35,4
940 110006987068,w192437,940 110009540658,2564,Medium Shade,15,62,43,35,33,105,78,,32,34,29,518,87,,,21,36,29,21,20,60,96,8
940 110006987068,w192437,940 110009538792,w192551,Medium Shade,7,23,38,16,33,45,56,,22,17,21,136,37,,,25,20,12,8,7,37,18,
940 110006987068,w192437,940 110009423311,2474,Medium Shade,2,36,54,38,20,99,70,,54,30,43,86,,,,82,33,25,5,21,55,32,
940 110006987068,w192437,940 110019090769,2718,Medium Shade,,50,70,10,9,53,70,,24,25,13,117,13,,,15,25,15,36,20,38,34,4
940 110006987068,w192437,940 110012567383,y1093,Medium Shade,17,49,111,140,79,184,164,,26,87,31,187,,,,47,49,31,32,54,44,47,7
940 110006987068,w192437,940 110009540938,2430,Medium Shade,,27,32,28,23,76,80,,23,41,33,91,4,,,32,31,22,29,40,52,74,8
940 110006987068,w192437,940 110009539956,2719,Medium Shade,11,13,50,19,38,28,25,,12,44,7,55,7,,,10,9,18,27,33,12,13,
940 110006987068,w192437,940 110012567670,y422,Medium Shade,16,23,48,33,30,75,89,,313,81,35,175,4,,,5,19,30,19,23,37,80,3
940 110006987068,w192437,940 110009422310,w192083,Medium Shade,,14,54,93,28,61,63,,154,17,23,77,6,,,19,38,32,22,16,31,38,
940 110006987068,w192437,940 110009423033,w192107,Medium Shade,,6,15,11,41,46,43,,7,170,24,105,19,,,26,28,15,19,15,30,41,
940 110006987068,w192437,940 110009540986,2500,Medium Shade,,15,40,98,20,74,51,,25,57,22,52,5,,,52,74,14,26,8,75,24,
940 110006987068,w192437,940 110009540715,2612,Medium Shade,,18,51,57,55,112,133,,202,77,38,159,35,,,34,25,53,13,27,15,74,8
940 110006987068,w192437,940 110009540242,w192165,Medium Shade,23,49,48,34,15,90,58,,28,21,49,143,1,,,42,134,47,16,41,40,32,
940 110006987068,w192437,940 110019091579,w977,Medium Shade,10,30,18,55,40,136,88,,19,48,25,266,223,,,32,25,16,2,34,42,10,8
940 110006987068,w192437,940 110009540590,3766,Medium Shade,2,5,32,36,17,83,79,,39,29,8,108,16,,,20,40,20,20,33,57,43,1
940 110006987068,w192437,940 110019090700,3797,Medium Shade,18,26,44,35,43,178,49,,60,42,84,105,6,,,27,21,14,4,24,45,23,7
940 110006987068,w192437,940 110012553857,w1602,Medium Shade,16,40,140,36,39,65,96,,23,62,24,152,29,,,26,96,18,17,35,84,60,2
940 110006987068,w192437,940 110019089984,2580,Medium Shade,3,23,24,45,16,220,136,,23,159,62,127,6,,,44,28,67,25,25,29,93,11
940 110006987068,w192437,940 110019091108,2532,Medium Shade,,59,21,27,35,131,176,,31,35,20,86,,,,218,60,21,111,32,35,17,2
940 110006987068,w192437,940 110019090665,w1747,Medium Shade,3,29,495,72,63,131,103,,17,51,31,142,2,,,35,26,38,8,17,77,38,18
940 110006987068,w192437,940 110012553583,w1618,Medium Shade,1,31,29,65,55,84,115,,55,22,33,135,7,,,13,52,45,17,65,91,55,16
940 110006987068,w192437,940 110019091098,w192426,Medium Shade,30,45,38,51,13,93,90,,32,47,22,187,8,,,14,39,59,15,29,92,84,6
940 110006987068,w192437,940 110012566414,2330,Medium Shade,,12,36,21,20,81,67,,23,45,37,115,47,,,61,10,13,25,27,49,86,7
940 110006987068,w192437,940 110012566856,2449,Medium Shade,1,61,26,37,60,64,107,,62,65,21,308,56,,,26,73,58,22,26,65,16,5
940 110006987068,w192437,940 110009540843,3730,Medium Shade,,27,23,35,58,80,94,,23,99,18,85,4,,,26,24,25,10,85,44,66,
940 110006987068,w192437,940 110009541384,2339,Medium Shade,12,63,65,30,23,123,88,,19,30,13,185,39,,,13,45,15,22,57,38,16,
940 110006987068,w192437,940 110009538987,3723,Medium Shade,14,63,26,27,23,89,36,,85,42,33,138,33,,,71,21,31,13,32,43,48,
940 110006987068,w192437,940 110009540744,3764,Medium Shade,8,34,38,14,32,65,37,,38,20,73,119,19,,,80,31,33,8,93,12,36,9
940 110006987068,w192437,940 110009539959,w192501,Medium Shade,2,33,44,23,32,98,106,,24,69,35,53,6,,,27,31,15,8,21,149,291,10
940 110006987068,w192437,940 110009541554,2435,Medium Shade,3,24,58,106,7,138,58,,14,18,30,153,18,,,18,24,30,47,16,91,64,11
940 110006987068,w192437,940 110019088512,2525,Medium Shade,61,35,19,25,18,41,95,,26,32,4,115,19,,,22,90,35,22,41,34,32,7
940 110006987068,w192437,940 110009538645,2387,Medium Shade,4,17,17,32,23,56,28,,24,12,34,100,2,,,9,28,13,3,59,67,43,
940 110006987068,w192437,940 110009422834,2605,Medium Shade,9,65,18,20,27,124,103,,47,30,23,158,42,,,24,39,41,57,5,12,54,11
940 110006987068,w192437,940 110012566508,2403,Medium Shade,3,26,37,32,24,124,169,,32,34,36,93,132,,,29,32,28,27,30,30,61,5
940 110006987068,w192437,940 110009541417,2308,Medium Shade,3,21,21,21,20,91,51,,20,26,16,689,47,,,48,25,126,16,28,86,60,3
940 110006987068,w192437,940 110012568279,2487,Medium Shade,5,17,22,20,15,158,102,,13,29,25,103,6,,,37,26,27,10,60,54,,
940 110006987068,w192437,940 110009423063,w192381,Medium Shade,21,40,36,30,44,100,54,,31,37,50,85,3,,,48,41,62,64,28,47,70,15
940 110006987068,w192437,940 110009538626,w984,Medium Shade,18,47,28,24,23,35,74,,46,26,43,122,,,,14,73,32,18,16,37,13,
940 110006987068,w192437,940 110019088560,2588,Medium Shade,,26,22,43,139,83,136,,48,36,32,137,8,,,56,21,11,20,23,36,64,
940 110006987068,w192437,940 110009539591,w796,Medium Shade,3,9,15,11,40,73,71,,20,21,9,280,68,,,13,24,11,4,15,21,59,
940 110006987068,w192437,940 110009540065,3767,Medium Shade,2,26,46,9,16,76,98,,29,25,13,156,7,,,53,59,51,23,68,76,48,3
940 110006987068,w192437,940 110012566861,w949,Medium Shade,,11,19,69,65,96,152,,58,48,23,182,36,,,32,33,35,11,52,109,7,
940 110006987068,w192437,940 110009538492,w192361,Medium Shade,12,19,7,29,27,69,73,,21,48,18,86,14,,,20,35,21,2,37,9,23,9
940 110006987068,w192437,940 110009540542,w987,Medium Shade,28,79,26,16,103,90,103,,43,52,58,157,8,,,27,40,14,4,41,53,25,6
940 110006987068,w192437,940 110012566440,3722,Medium Shade,20,51,63,59,48,127,126,,39,73,94,527,8,,,51,89,34,31,34,40,131,2
940 110006987068,w192437,940 110009541058,2368,Medium Shade,14,40,23,63,26,94,96,,60,44,67,285,68,,,36,43,23,37,50,37,19,
940 110006987068,w192437,940 110009531315,w192428,Medium Shade,13,12,20,20,5,36,71,,61,32,47,409,170,,,24,20,39,8,36,41,50,2
940 110006987068,w192437,940 110009423264,w192571,Medium Shade,14,20,32,85,18,106,58,,41,23,26,78,61,,,60,33,22,33,102,50,79,
940 110006987068,w192437,940 110009538313,2992,Medium Shade,1,128,53,19,16,55,31,,23,38,22,154,47,,,54,13,14,2,41,36,6,
940 110006987068,w192437,940 110012554097,2455,Medium Shade,18,23,23,25,20,126,145,,34,36,19,147,4,,,5,41,44,20,16,114,376,54
940 110006987068,w192437,940 110012566578,2996,Medium Shade,20,79,38,56,26,99,104,,100,29,22,137,40,,,94,52,42,10,43,58,37,10
940 110006987068,w192437,940 110009541400,2497,Medium Shade,2,26,52,28,18,86,99,,18,82,44,180,88,,,12,98,52,60,33,137,61,8
940 110006987068,w192437,940 110012567493,w781,Medium Shade,,,,,,,,,12,10,5,75,27,,,21,25,69,203,534,66,44,1
940 110006987068,w192437,940 110012567433,w9276,Medium Shade,14,51,30,95,50,283,60,,55,57,52,121,2,,,54,13,35,31,22,30,29,4
940 110006987068,w192437,940 110009540342,2414,Medium Shade,18,30,22,22,18,99,79,,30,12,5,204,20,,,12,35,24,70,30,38,29,13
940 110006987068,w192437,940 110009539869,2412,Medium Shade,15,45,7,19,96,191,41,,46,72,22,132,28,,,15,38,121,22,12,74,29,3
940 110006987068,w192437,940 110009538378,2516,Medium Shade,11,77,32,40,26,167,96,,144,60,21,97,3,,,31,45,22,13,65,68,101,7
940 110006987068,w192437,940 110019088459,w192346,Medium Shade,,31,32,42,62,73,85,,54,23,26,178,20,,,29,22,23,16,,,,
940 110006987068,w192437,940 110009541620,3768,Medium Shade,16,188,59,51,33,132,55,,15,24,27,97,36,,,60,15,39,11,24,35,23,3
940 110006987068,w192437,940 110009538665,2315,Medium Shade,10,39,27,66,23,80,85,,74,62,3,99,1,,,72,69,23,34,30,56,9,
940 110006987068,w192437,940 110009538800,w192595,Medium Shade,67,49,37,21,35,61,43,,29,54,22,143,1,,,30,23,25,7,32,33,77,
940 110006987068,w192437,940 110012554600,2508,Medium Shade,4,36,29,26,35,84,53,,14,31,56,82,15,,,7,64,17,14,16,35,45,3
940 110006987068,w192437,940 110009420489,1473,Medium Shade,,44,31,22,414,83,92,,40,44,26,171,19,,,31,54,36,3,19,132,21,1
940 110006987068,w192437,940 110009540683,2466,Medium Shade,15,43,27,16,24,57,37,,35,153,46,216,11,,,23,31,19,10,,,,
940 110006987068,w192437,940 110009539436,3729,Medium Shade,3,46,19,231,28,72,136,,34,35,4,167,41,,,21,42,28,10,12,10,,
940 110006987068,w192437,940 110012565445,y1008,Medium Shade,20,55,21,32,36,96,133,,53,57,266,158,16,,,21,38,20,9,38,64,111,
940 110006987068,w192437,940 110012568226,w997,Medium Shade,4,31,25,30,181,73,90,,19,33,26,168,24,,,19,52,112,23,47,133,65,13
940 110006987068,w192437,940 110012565637,w1625,Medium Shade,24,40,18,57,35,170,55,,40,50,33,224,2,,,17,84,24,30,9,65,21,
940 110006987068,w192437,940 110009539763,w9285,Medium Shade,4,37,16,16,38,92,49,,17,145,12,72,3,,,19,23,21,14,99,24,17,9
940 110006987068,w192437,940 110009541617,2408,Medium Shade,11,60,38,9,51,86,48,,24,47,56,97,,,,25,25,89,17,13,50,5,
940 110006987068,w192437,940 110019090424,w282,Medium Shade,11,48,49,35,36,98,106,,82,49,19,219,8,,,28,36,249,9,31,48,78,3
940 110006987068,w192437,940 110012567347,4720,Medium Shade,,16,685,30,9,58,34,,66,26,102,164,19,,,66,31,62,11,41,13,32,2
940 110006987068,w192437,940 110009540694,w192407,Medium Shade,10,30,39,48,15,64,62,,31,47,9,137,15,,,,17,16,13,16,58,42,3
940 110006987068,w192437,940 110012568175,2476,Medium Shade,17,42,16,16,6,149,47,,31,387,591,165,41,,,26,47,19,21,11,43,44,
940 110006987068,w192437,940 110012553833,2465,Medium Shade,14,25,42,29,20,130,63,,201,153,10,145,13,,,23,47,16,7,14,60,84,9
940 110006987068,w192437,940 110009541128,W1775,Medium Shade,14,45,33,23,47,132,81,,30,81,161,91,2,,,32,41,28,11,54,79,88,25
940 110006987068,w192437,940 110012568054,2452,Medium Shade,9,46,30,28,26,79,194,,24,23,15,159,61,,,32,28,34,13,37,46,31,
940 110006987068,w192437,940 110009423237,2585,Medium Shade,11,90,39,27,13,71,69,,39,69,7,136,14,,,338,29,12,23,19,131,69,
940 110006987068,w192437,940 110009540324,2609,Medium Shade,,14,11,28,19,84,100,,189,23,32,134,5,,,33,60,19,12,28,39,23,10
940 110006987068,w192437,940 110012567642,w9283,Medium Shade,,90,168,49,26,70,46,,22,39,38,200,12,,,23,24,28,24,19,43,3,
940 110006987068,w192437,940 110009539503,3800,Medium Shade,14,19,14,170,29,69,87,,40,25,16,125,8,,,52,27,21,14,32,36,32,
940 110006987068,w192437,940 110009539347,w192244,Medium Shade,10,34,8,108,13,37,76,,42,25,20,55,3,,,34,13,15,91,8,96,358,
940 110006987068,w192437,940 110009541646,W192086,Medium Shade,16,42,32,14,32,107,95,,15,27,39,150,10,,,30,34,45,39,40,24,,
940 110006987068,w192437,940 110009541583,2569,Medium Shade,1,8,21,57,61,62,157,,666,359,79,266,23,,,35,41,37,17,30,13,7,
940 110006987068,w192437,940 110012566812,y1030,Medium Shade,13,17,42,26,39,122,36,,41,38,45,218,54,,,46,54,48,36,51,43,12,
940 110006987068,w192437,940 110009538323,2499,Medium Shade,26,56,97,51,38,78,85,,20,37,34,134,1,,,21,145,208,30,62,58,22,2
940 110006987068,w192437,940 110019091548,y425,Medium Shade,,9,12,9,8,102,56,,33,537,26,118,25,,,15,23,18,21,49,27,22,
940 110006987068,w192437,940 110009541432,w1788,Medium Shade,5,31,17,23,27,89,29,,41,49,20,256,41,,,7,23,11,27,26,33,28,33
940 110006987068,w192437,940 110009539598,2597,Medium Shade,24,87,29,41,56,190,153,,108,38,41,234,8,,,25,76,62,21,34,142,59,2
940 110006987068,w192437,940 110009422264,2710,Medium Shade,,16,21,25,42,61,61,,8,35,26,84,42,,,21,27,54,28,5,62,3,
940 110006987068,w192437,940 110009538769,y1002,Medium Shade,1,55,17,26,27,148,46,,113,30,7,182,20,,,37,63,20,13,35,23,,
940 110006987068,w192437,940 110009540051,y1102,Medium Shade,23,67,18,32,34,132,68,,128,22,92,121,5,,,102,24,40,18,32,90,44,
940 110006987068,w192437,940 110009538820,w9535,Medium Shade,1,35,37,28,10,63,68,,66,29,26,148,95,,,71,31,31,47,7,35,,
940 110006987068,w192437,940 110009538466,w253,Medium Shade,,34,25,44,27,137,84,,47,36,25,148,3,,,50,84,218,24,38,51,87,
940 110006987068,w192437,940 110012566552,2494,Medium Shade,29,87,24,31,43,90,91,,55,25,76,158,51,,,115,55,61,20,23,32,28,
940 110006987068,w192437,940 110019088599,3738,Medium Shade,,68,23,41,12,62,38,,38,56,108,97,5,,,20,62,23,13,39,42,47,3
940 110006987068,w192437,940 110019091964,y451,Medium Shade,116,43,25,30,29,100,55,,39,30,17,117,8,,,39,73,26,19,44,39,31,
940 110006987068,w192437,940 110009423289,2341,Medium Shade,1,70,50,13,10,45,58,,130,25,10,149,32,,,38,64,39,59,48,69,53,6
940 110006987068,w192437,940 110009541422,3734,Medium Shade,4,5,,,,,,,12,9,14,118,19,,,20,47,52,49,15,122,14,
940 110006987068,w192437,940 110019088592,2024,Medium Shade,,73,18,19,16,74,75,,59,35,13,367,38,,,63,43,29,10,21,39,29,
940 110006987068,w192437,940 110012554604,w192295,Medium Shade,16,25,49,45,29,116,86,,78,23,65,63,11,,,10,23,49,17,41,60,55,1
940 110006987068,w192437,940 110009541500,2310,Medium Shade,5,69,23,48,18,123,91,,70,98,211,152,64,,,14,38,31,14,22,20,,
940 110006987068,w192437,940 110009540105,w192314,Medium Shade,9,80,52,32,22,105,69,,52,25,22,146,19,,,61,85,36,25,56,28,,
940 110006987068,w192437,940 110009539845,2635,Medium Shade,14,32,29,78,15,46,35,,32,37,34,223,54,,,45,66,32,26,48,80,38,
940 110006987068,w192437,940 110019089951,w192323,Medium Shade,,,,,,,,,16,12,7,91,,,,18,14,22,11,23,13,10,
940 110006987068,w192437,940 110012565603,3721,Medium Shade,47,62,20,16,18,69,79,,37,19,9,76,21,,,46,33,12,14,7,20,42,1
940 110006987068,w192437,940 110009541424,2677,Medium Shade,,6,7,25,48,86,64,,77,18,12,150,,,,7,20,20,19,36,24,47,
940 110006987068,w192437,940 110012554739,w1745,Medium Shade,30,65,13,24,27,86,41,,67,60,20,143,6,,,18,33,29,8,57,84,27,
940 110006987068,w192437,940 110009539438,3761,Medium Shade,,11,7,82,14,50,52,,10,23,38,118,10,,,19,30,23,6,7,55,36,
940 110006987068,w192437,940 110019090422,3743,Medium Shade,15,20,27,17,54,142,92,,24,54,46,126,1,,,12,52,43,15,52,34,12,
940 110006987068,w192437,940 110019090664,w778,Medium Shade,20,34,24,24,23,92,86,,35,84,684,170,,,,45,27,21,34,35,25,,
940 110006987068,w192437,940 110009538519,2985,Medium Shade,16,34,13,57,16,261,44,,21,55,43,60,6,,,10,17,37,19,42,53,15,
940 110006987068,w192437,940 110012553723,w1527,Medium Shade,6,54,30,42,23,143,101,,57,35,142,160,3,,,63,56,95,22,50,49,3,
940 110006987068,w192437,940 110019090724,2306,Medium Shade,,23,21,27,20,155,105,,53,53,35,125,36,,,86,49,34,41,28,9,,
940 110006987068,w192437,940 110009539850,2977,Medium Shade,,34,38,17,62,164,63,,28,70,44,227,37,,,30,21,10,7,13,68,12,
940 110006987068,w192437,940 110019092751,2457,Medium Shade,,2,29,30,15,75,28,,34,41,46,261,4,,,111,47,61,35,48,50,32,
940 110006987068,w192437,940 110009540230,w192575,Medium Shade,16,33,38,24,27,120,105,,16,41,26,120,9,,,33,23,35,17,82,84,10,
940 110006987068,w192437,940 110019092819,3757,Medium Shade,1,45,94,19,25,69,73,,62,28,17,100,9,,,20,34,46,17,15,40,26,
940 110006987068,w192437,940 110009540482,2623,Medium Shade,1,29,60,27,46,120,128,,153,35,15,121,37,,,183,46,34,30,35,139,98,
940 110006987068,w192437,940 110012567015,2034,Medium Shade,,27,46,23,33,68,81,,54,53,28,488,141,,,39,27,26,10,34,54,31,
940 110006987068,w192437,940 110009540565,w1559,Medium Shade,12,26,14,16,20,87,98,,50,30,26,214,87,,,58,46,33,23,64,115,,
940 110006987068,w192437,940 110012554827,3718,Medium Shade,10,54,24,50,30,48,61,,26,60,14,71,,,,10,30,14,46,3,40,,
940 110006987068,w192437,940 110019092824,w192394,Medium Shade,,50,64,19,33,56,69,,19,42,17,77,,,,14,24,20,7,9,34,36,7
940 110006987068,w192437,940 110009540872,y1052,Medium Shade,3,19,33,30,37,85,55,,29,36,34,131,3,,,12,96,6,28,70,27,9,
940 110006987068,w192437,940 110009538678,w1619,Medium Shade,15,46,29,37,11,96,118,,26,348,144,91,4,,,26,58,27,10,28,48,13,
940 110006987068,w192437,940 110009538634,3000,Medium Shade,3,6,10,12,111,32,35,,99,24,42,50,9,,,14,20,21,16,24,66,40,
940 110006987068,w192437,940 110009422305,w192301,Medium Shade,4,29,31,31,40,244,86,,47,48,16,124,43,,,36,36,35,13,31,79,47,
940 110006987068,w192437,940 110009540741,w275,Medium Shade,12,140,42,46,28,139,108,,57,53,25,126,5,,,23,28,30,17,54,66,8,
940 110006987068,w192437,940 110009539892,W1578,Medium Shade,,40,32,27,51,153,62,,52,14,12,112,1,,,87,71,45,18,38,154,39,
940 110006987068,w192437,940 110012565616,2446,Medium Shade,,40,27,28,53,100,134,,82,30,418,149,34,,,51,53,38,45,42,53,7,
940 110006987068,w192437,940 110009541019,W192051,Medium Shade,3,23,33,26,30,64,118,,52,48,1,101,32,,,146,41,26,20,69,111,68,1
940 110006987068,w192437,940 110012564959,3735,Medium Shade,1,42,35,46,38,96,54,,26,44,22,501,101,,,24,37,30,14,33,102,26,7
940 110006987068,w192437,940 110009538579,3755,Medium Shade,,,,,,,,,15,9,11,64,13,,,44,13,24,38,97,77,,
940 110006987068,w192437,940 110019088481,w192206,Medium Shade,1,16,63,13,25,88,97,,9,40,13,1125,60,,,24,21,62,9,60,17,3,
940 110006987068,w192437,940 110019092820,w766,Medium Shade,,23,37,43,11,50,104,,27,41,56,218,11,,,98,26,43,9,16,24,,
940 110006987068,w192437,940 110009540164,3731,Medium Shade,11,26,33,12,23,116,117,,38,17,32,184,4,,,13,33,31,14,9,85,26,
940 110006987068,w192437,940 110009540965,w1659,Medium Shade,2,72,86,91,22,86,56,,23,22,23,112,12,,,21,36,27,17,42,14,22,
940 110006987068,w192437,940 110009530580,2386,Medium Shade,21,72,58,17,74,137,140,,46,55,42,257,16,,,48,59,46,25,57,94,104,1
940 110006987068,w192437,940 110019090786,4056,Medium Shade,,22,24,29,12,81,114,,56,158,151,118,9,,,54,59,20,33,22,67,55,
940 110006987068,w192437,940 110009422288,5426,Medium Shade,7,41,25,257,261,23,75,,17,22,30,112,19,,,4,21,40,16,37,25,23,
940 110006987068,w192437,940 110009540824,2377,Medium Shade,,20,15,22,51,82,43,,32,19,38,145,18,,,26,71,44,22,29,37,30,15
940 110006987068,w192437,940 110012565625,w793,Medium Shade,23,60,24,63,20,136,100,,26,61,42,101,10,,,40,14,20,45,79,65,,
940 110006987068,w192437,940 110009541056,2334,Medium Shade,25,115,60,49,58,112,73,,89,52,44,125,,,,21,43,47,13,16,32,,
940 110006987068,w192437,940 110009422162,2531,Medium Shade,1,21,33,33,111,166,48,,93,23,12,175,81,,,36,25,23,20,50,89,,
940 110006987068,w192437,940 110019088457,w1541,Medium Shade,,68,10,14,16,99,62,,105,35,25,99,,,,20,26,30,12,15,27,,
940 110006987068,w192437,940 110009541106,2039,Medium Shade,14,53,44,25,21,324,86,,124,32,26,193,,,,47,55,61,8,55,115,8,
940 110006987068,w192437,940 110012565629,2311,Medium Shade,41,409,22,24,36,48,72,,44,26,49,124,17,,,20,28,45,19,12,65,13,
940 110006987068,w192437,940 110009421837,w1554,Medium Shade,14,31,11,53,64,48,57,,84,28,19,90,,,,28,13,27,77,25,7,,
940 110006987068,w192437,940 110009541060,2349,Medium Shade,17,68,30,37,61,239,45,,36,70,33,313,105,,,20,85,90,15,31,57,,
940 110006987068,w192437,940 110009541300,2462,Medium Shade,,14,25,55,12,33,59,,18,178,142,79,4,,,69,21,41,14,11,11,,
940 110006987068,w192437,940 110009540130,2685,Medium Shade,24,35,54,26,149,102,120,,40,45,64,180,6,,,95,34,74,22,28,199,39,
940 110006987068,w192437,940 110009538657,w767,Medium Shade,43,89,26,38,29,125,86,,32,43,20,128,22,,,14,58,43,55,14,61,5,
940 110006987068,w192437,940 110019091288,w1540,Medium Shade,1,13,63,30,22,110,72,,18,60,53,183,31,,,19,28,81,77,28,34,51,11
940 110006987068,w192437,940 110012567096,w192033,Medium Shade,1,38,40,40,53,54,70,,45,16,12,147,8,,,16,37,24,25,87,44,65,21
940 110006987068,w192437,940 110009422214,w1648,Medium Shade,29,116,47,30,59,128,157,,86,20,20,118,76,,,22,35,74,30,30,76,103,9
940 110006987068,w192437,940 110012567777,W192402,Medium Shade,14,51,45,41,17,122,168,,94,214,54,200,78,,,69,42,24,29,31,81,66,1
940 110006987068,w192437,940 110009539931,y1119,Medium Shade,,30,38,47,66,176,90,,64,53,18,277,7,,,75,17,32,21,30,51,86,
940 110006987068,w192437,940 110009541492,2949,Medium Shade,12,12,25,18,61,57,52,,32,14,46,137,53,,,35,15,44,9,26,10,,
940 110006987068,w192437,940 110012567630,w1754,Medium Shade,15,53,35,43,51,180,92,,33,50,27,163,7,,,86,51,44,273,44,94,50,
940 110006987068,w192437,940 110009422261,w9560,Medium Shade,1,48,51,70,18,73,127,,53,115,11,166,33,,,49,24,105,27,34,65,14,
940 110006987068,w192437,940 110009540569,w743,Medium Shade,11,27,61,26,36,143,319,,19,32,18,142,5,,,7,34,54,23,66,46,57,
940 110006987068,w192437,940 110009538703,2589,Medium Shade,8,30,20,31,16,48,73,,11,42,55,93,8,,,26,106,31,12,23,63,5,
940 110006987068,w192437,940 110009538980,w1680,Medium Shade,1,25,64,21,22,65,41,,35,40,65,460,45,,,28,109,81,39,42,88,30,
940 110006987068,w192437,940 110009540595,2530,Medium Shade,,16,44,41,36,99,111,,36,40,19,203,3,,,8,31,36,53,34,39,,
940 110006987068,w192437,940 110019090472,W1663,Medium Shade,1,19,93,41,37,94,70,,28,104,31,64,,,,28,36,57,18,31,,,
940 110006987068,w192437,940 110009540573,2509,Medium Shade,63,30,30,6,18,88,51,,18,18,16,86,17,,,16,33,49,7,30,10,,
940 110006987068,w192437,940 110019091847,y452,Medium Shade,,27,33,42,45,69,126,,66,45,24,163,48,,,73,32,22,9,41,92,5,
940 110006987068,w192437,940 110012567879,2994,Medium Shade,3,42,44,99,190,73,79,,52,40,83,153,,,,39,37,23,35,79,28,,
940 110006987068,w192437,940 110009538667,2378,Medium Shade,15,12,23,18,20,78,102,,29,53,21,172,29,,,15,9,109,11,36,31,,
940 110006987068,w192437,940 110012568355,w1658,Medium Shade,10,32,58,190,37,94,60,,36,43,50,181,39,,,58,32,22,8,33,10,,
940 110006987068,w192437,940 110009539528,w232,Medium Shade,2,54,37,35,41,137,84,,29,42,20,100,84,,,48,15,99,7,43,33,5,
940 110006987068,w192437,940 110012553990,2360,Medium Shade,,23,294,158,18,120,93,,26,50,10,90,25,,,20,19,32,27,50,16,,
940 110006987068,w192437,940 110012568163,Y1100,Medium Shade,27,44,33,38,12,87,128,,50,48,102,94,9,,,39,91,46,26,34,60,53,
940 110006987068,w192437,940 110012567544,2586,Medium Shade,5,10,39,30,15,132,40,,32,30,19,91,14,,,29,34,50,58,38,29,,
940 110006987068,w192437,940 110012554464,w9561,Medium Shade,16,125,34,29,53,144,98,,43,24,25,153,25,,,33,37,42,22,29,101,,
940 110006987068,w192437,940 110009541329,y462,Medium Shade,6,28,26,31,72,150,78,,80,26,33,232,20,,,18,27,46,11,30,55,70,10
940 110006987068,w192437,940 110009540599,2514,Medium Shade,11,87,21,23,27,82,84,,46,38,22,127,65,,,47,155,47,5,65,82,120,10
940 110006987068,w192437,940 110019091241,2367,Medium Shade,2,20,45,64,231,131,87,,60,33,32,188,65,,,54,22,35,15,45,96,6,
940 110006987068,w192437,940 110009540544,Y1084,Medium Shade,1,24,59,29,48,139,60,,18,79,63,181,4,,,10,56,42,24,41,25,34,2
940 110006987068,w192437,940 110009538761,2894,Medium Shade,11,43,50,35,50,193,96,,38,32,23,187,,,,20,51,32,30,19,73,72,10
940 110006987068,w192437,940 110012567418,y471,Medium Shade,11,49,20,19,36,132,122,,46,50,29,658,48,,,45,36,69,26,78,55,90,14
940 110006987068,w192437,940 110012568034,2390,Medium Shade,1,13,27,37,27,109,58,,352,66,33,179,4,,,31,58,35,3,30,24,87,6
940 110006987068,w192437,940 110009541611,2692,Medium Shade,9,72,20,60,17,127,98,,97,23,73,218,52,,,103,58,82,12,184,118,60,15
940 110006987068,w192437,940 110009541005,w1581,Medium Shade,17,53,56,25,20,105,64,,23,88,50,128,,,,91,23,59,21,30,45,89,1
940 110006987068,w192437,940 110012567889,2421,Medium Shade,,17,12,34,13,132,390,,13,47,7,269,1,,,27,33,27,61,25,42,,
940 110006987068,w192437,940 110012568242,w1779,Medium Shade,,22,41,14,26,151,108,,127,129,34,308,16,,,54,20,88,4,52,71,62,4
940 110012305898,2598,940 110009423257,w192358,High Shade,30,135,100,,,,,,154,228,116,53,,,,19,21,27,63,35,41,,
940 110012305898,2598,940 110009541193,w226,High Shade,13,155,215,,,,,,126,162,147,40,,,,27,22,24,24,51,95,,
940 110012305898,2598,940 110019091049,2418,High Shade,3,165,127,,,,,,22,141,127,28,,,,28,56,39,136,65,19,,
940 110012305898,2598,940 110012565425,2703,High Shade,1,185,175,,,,,,66,66,78,48,,,,43,35,28,99,131,85,,
940 110012305898,2598,940 110019088500,y430,High Shade,32,120,100,,,,,,58,65,103,69,,,,48,15,55,70,34,95,,
940 110012305898,2598,940 110019091898,5399,High Shade,13,173,43,,,,,,33,60,146,55,,,,22,8,37,72,73,30,,
940 110012305898,2598,940 110012554843,w1552,High Shade,2,92,125,,,,,,52,64,113,32,,,,22,39,38,46,124,29,,
940 110012305898,2598,940 110009539963,2993,High Shade,44,239,87,,,,,,40,117,130,68,,,,70,85,51,55,98,64,,
940 110012305898,2598,940 110009541457,y449,High Shade,25,138,128,,,,,,91,45,126,25,,,,34,30,56,19,238,72,,
940 110012305898,2598,940 110009541618,2559,High Shade,11,39,32,,,,,,59,142,39,51,,,,62,37,47,17,68,41,,
940 110012305898,2598,940 110012566730,w192152,High Shade,42,227,102,,,,,,71,99,124,54,,,,26,30,43,35,52,37,,
940 110012305898,2598,940 110012554375,2351,High Shade,29,76,21,,,,,,89,62,131,77,,,,,,,,,,,
940 110012305898,2598,940 110009539113,2423,High Shade,1,71,61,,,,,,63,93,97,34,,,,22,25,40,61,26,2,,
940 110012305898,2598,940 110019091079,2967,High Shade,27,130,225,,,,,,69,179,31,27,,,,60,26,23,41,64,8,,
940 110012305898,2598,940 110009538570,w1506,High Shade,21,144,213,,,,,,71,125,89,116,,,,56,62,40,40,116,89,,
940 110012305898,2598,940 110012565403,w1737,High Shade,1,92,93,,,,,,26,76,68,24,,,,76,29,20,23,17,113,,
940 110012305898,2598,940 110009539147,2544,High Shade,37,74,34,,,,,,52,86,94,87,,,,97,48,49,52,37,23,,
940 110012305898,2598,940 110009423155,w192406,High Shade,5,151,38,,,,,,93,361,144,18,,,,59,32,40,24,101,69,,
940 110012305898,2598,940 110009540863,2709,High Shade,37,145,117,,,,,,39,69,83,200,,,,26,34,22,52,85,27,,
940 110012305898,2598,940 110009423238,2313,High Shade,5,171,131,,,,,,22,99,49,61,,,,49,111,28,56,78,38,,
940 110012305898,2598,940 110019090446,2987,High Shade,,47,56,,,,,,31,55,102,165,,,,21,11,93,16,,,,
940 110012305898,2598,940 110019088702,2631,High Shade,8,396,274,,,,,,179,84,97,68,,,,75,99,56,65,57,139,,
940 110012305898,2598,940 110009541435,2979,High Shade,4,126,183,,,,,,52,40,62,121,,,,20,26,28,52,42,14,,
940 110012305898,2598,940 110009539500,2444,High Shade,,29,59,,,,,,38,53,169,92,,,,59,50,47,82,91,17,,
940 110012305898,2598,940 110012567887,2650,High Shade,4,221,101,,,,,,118,127,187,26,,,,51,107,51,45,122,134,,
940 110012305898,2598,940 110009539560,w1570,High Shade,16,138,121,,,,,,57,58,162,52,,,,49,10,12,123,37,7,,
940 110012305898,2598,940 110009541504,2338,High Shade,3,53,47,,,,,,66,71,47,123,,,,8,38,37,42,42,47,,
940 110012305898,2598,982 123812217444,w192236,High Shade,20,172,43,,,,,,76,53,98,47,,,,97,70,64,44,64,26,,
940 110012305898,2598,940 110009540523,w192488,High Shade,50,200,310,,,,,,143,117,128,40,,,,45,46,44,84,44,55,,
940 110012305898,2598,940 110019091174,y1115,High Shade,7,154,93,,,,,,78,261,118,146,,,,54,54,54,86,47,99,,
940 110012305898,2598,940 110009540889,2488,High Shade,,63,48,,,,,,93,144,88,71,,,,103,58,79,37,240,118,,
940 110012305898,2598,940 110012568096,2620,High Shade,3,162,27,,,,,,44,152,144,68,,,,34,30,34,38,80,82,,
940 110012305898,2598,940 110012565375,3744,High Shade,8,61,14,,,,,,59,176,23,67,,,,11,85,63,98,46,42,,
940 110012305898,2598,940 110019090030,2629,High Shade,3,251,43,,,,,,74,107,129,29,,,,16,59,62,16,7,4,,
940 110012305898,2598,940 110009539432,2567,High Shade,22,125,52,,,,,,38,436,204,22,,,,25,48,55,45,73,13,,
940 110012305898,2598,940 110009538743,2023,High Shade,39,262,101,,,,,,71,51,99,75,,,,87,167,20,29,209,35,,
940 110012305898,2598,940 110009539215,w979,High Shade,36,141,121,,,,,,55,108,179,242,,,,16,18,98,57,69,49,,
940 110012305898,2598,940 110019091053,2671,High Shade,192,186,66,,,,,,17,69,46,71,,,,29,38,47,35,51,11,,
940 110012305898,2598,940 110019091360,2937,High Shade,30,76,33,,,,,,39,89,65,80,,,,67,48,51,132,96,78,,
940 110012305898,2598,940 110009539441,2600,High Shade,10,96,66,,,,,,96,132,139,51,,,,35,15,85,44,37,39,,
940 110012305898,2598,940 110012567125,2363,High Shade,14,135,22,,,,,,44,78,64,68,,,,16,37,41,12,15,49,,
940 110012305898,2598,940 110012564910,2461,High Shade,23,87,17,,,,,,89,182,149,56,,,,16,31,46,25,111,43,,
940 110012305898,2598,940 110009421860,w192380,High Shade,10,116,70,,,,,,56,176,78,77,,,,58,23,49,26,66,81,,
940 110012305898,2598,940 110009541284,2323,High Shade,6,151,100,,,,,,45,81,62,61,,,,38,29,35,22,35,46,,
940 110012305898,2598,940 110012554845,W192256,High Shade,7,218,48,,,,,,87,178,202,83,,,,64,23,20,30,53,25,,
940 110012305898,2598,940 110009538772,2607,High Shade,9,170,70,,,,,,56,64,96,41,,,,20,14,50,28,29,54,,
940 110012305898,2598,940 110009538722,3753,High Shade,4,99,258,,,,,,50,106,116,105,,,,36,38,59,64,39,77,,
940 110012305898,2598,940 110012568314,2301,High Shade,6,118,46,,,,,,73,38,123,48,,,,51,40,68,64,158,52,,
940 110012305898,2598,940 110019091445,2664,High Shade,1,228,85,,,,,,29,32,41,30,,,,,,,,,,,
940 110012305898,2598,940 110009539765,w1771,High Shade,4,114,51,,,,,,37,423,160,64,,,,53,28,21,81,38,68,,
940 110012305898,2598,940 110019090379,w1785,High Shade,24,463,191,,,,,,59,107,54,99,,,,23,14,28,44,28,39,,
940 110012305898,2598,940 110009539292,2958,High Shade,10,81,141,,,,,,32,177,54,62,,,,23,20,26,78,67,24,,
940 110012305898,2598,940 110012566479,w757,High Shade,1,97,182,,,,,,83,22,56,92,,,,75,31,23,50,58,27,,
940 110012305898,2598,940 110009539267,y444,High Shade,2,49,84,,,,,,127,142,52,27,,,,19,22,60,11,15,26,,
940 110012305898,2598,940 110020787431,w1706,High Shade,32,40,24,,,,,,39,45,95,46,,,,57,75,430,95,53,104,,
940 110012305898,2598,940 110009541731,o41,High Shade,,80,10,,,,,,76,73,63,142,,,,56,16,37,69,52,16,,
940 110012305898,2598,940 110012567539,w1793,High Shade,4,63,21,,,,,,107,109,73,58,,,,44,38,66,179,67,47,,
940 110012305898,2598,940 110009538623,2554,High Shade,39,128,46,,,,,,68,94,69,105,,,,45,24,48,43,81,6,,
940 110012305898,2598,940 110009540641,w765,High Shade,4,80,12,,,,,,38,82,102,27,,,,32,76,51,42,62,32,,
940 110012305898,2598,940 110019088618,2563,High Shade,1,90,243,,,,,,61,36,68,13,,,,101,43,40,56,21,18,,
940 110012305898,2598,940 110019092801,2922,High Shade,17,227,59,,,,,,28,78,69,47,,,,43,41,65,40,24,32,,
940 110012305898,2598,940 110009538571,2395,High Shade,22,129,128,,,,,,78,54,112,49,,,,38,23,37,47,91,62,,
940 110012305898,2598,940 110009423176,2451,High Shade,11,130,40,,,,,,100,153,111,67,,,,26,23,51,52,33,25,,
940 110012305898,2598,940 110019091342,y450,High Shade,27,246,231,,,,,,55,70,114,65,,,,28,60,63,21,58,86,,
940 110012305898,2598,940 110009540159,w192170,High Shade,10,251,113,,,,,,18,34,20,50,,,,53,30,20,24,,,,
940 110012305898,2598,940 110009538653,2658,High Shade,3,70,75,,,,,,30,77,71,100,,,,,,,,,,,
940 110012305898,2598,940 110019091269,w192143,High Shade,9,228,111,,,,,,53,114,141,29,,,,35,32,23,82,60,67,,
940 110012305898,2598,940 110019089807,w773,High Shade,59,179,130,,,,,,58,280,70,161,,,,46,39,36,45,40,85,,
940 110012305898,2598,940 110009539288,w192212,High Shade,24,174,97,,,,,,44,45,193,14,,,,13,52,138,92,10,,,
940 110012305898,2598,940 110009538693,w993,High Shade,1,79,35,,,,,,50,91,57,36,,,,53,35,30,37,63,37,,
940 110012305898,2598,940 110009423023,y455,High Shade,2,150,109,,,,,,69,119,57,76,,,,49,33,49,51,66,273,,
940 110012305898,2598,940 110009540147,w1637,High Shade,35,34,58,,,,,,56,111,79,79,,,,68,10,34,34,62,24,,
940 110012305898,2598,940 110009539164,2924,High Shade,10,167,126,,,,,,164,80,254,90,,,,31,39,43,56,64,22,,
940 110012305898,2598,940 110019091513,w192087,High Shade,32,178,169,,,,,,21,47,137,58,,,,40,32,54,60,62,34,,
940 110012305898,2598,940 110012554299,y1053,High Shade,15,195,38,,,,,,61,77,85,53,,,,62,104,22,61,56,120,,
940 110012305898,2598,940 110019091090,3756,High Shade,5,101,41,,,,,,68,70,76,15,,,,28,51,33,27,23,35,,
940 110012305898,2598,940 110012554266,w1645,High Shade,2,45,138,,,,,,115,110,102,62,,,,38,99,58,32,66,39,,
940 110012305898,2598,940 110009422291,2900,High Shade,1,131,55,,,,,,64,90,85,28,,,,25,46,44,25,32,34,,
940 110012305898,2598,940 110009540606,2990,High Shade,31,58,116,,,,,,68,125,162,82,,,,32,67,61,19,108,26,,
940 110012305898,2598,940 110019089911,2038,High Shade,1,78,50,,,,,,10,77,97,42,,,,52,38,36,74,25,44,,
940 110012305898,2598,940 110012566557,2688,High Shade,37,232,150,,,,,,90,61,102,135,,,,28,25,43,38,67,17,,
940 110012305898,2598,940 110009423265,2965,High Shade,38,155,134,,,,,,24,115,41,41,,,,39,95,15,30,36,59,,
940 110012305898,2598,940 110009539063,w221,High Shade,2,60,113,,,,,,218,259,118,57,,,,25,52,65,49,96,94,,
940 110012305898,2598,940 110009540630,2969,High Shade,16,72,8,,,,,,91,91,46,103,,,,17,27,56,24,260,21,,
940 110012305898,2598,940 110009540994,w192561,High Shade,9,157,54,,,,,,56,204,204,91,,,,43,51,37,38,33,81,,
940 110012305898,2598,940 110009423189,2686,High Shade,11,94,27,,,,,,80,60,82,138,,,,11,58,45,44,31,14,,
940 110012305898,2598,940 110009539600,o22,High Shade,13,76,83,,,,,,104,94,86,47,,,,20,35,29,94,98,61,,
940 110012305898,2598,940 110019091521,2350,High Shade,17,124,109,,,,,,60,47,76,77,,,,55,43,49,18,67,18,,
940 110012305898,2598,940 110009421864,o27,High Shade,14,244,96,,,,,,37,90,56,160,,,,62,36,40,73,48,112,,
940 110012305898,2598,940 110009541103,w192002,High Shade,13,151,29,,,,,,109,63,101,70,,,,17,56,59,47,38,52,,
940 110012305898,2598,940 110019090103,w192008,High Shade,15,146,119,,,,,,49,119,66,59,,,,43,50,52,67,116,70,,
940 110012305898,2598,940 110012566714,3750,High Shade,48,64,29,,,,,,372,142,77,38,,,,75,36,60,138,29,20,,
940 110012305898,2598,940 110019088685,2931,High Shade,6,106,70,,,,,,54,49,68,47,,,,75,40,19,110,42,71,,
940 110012305898,2598,940 110009540162,2433,High Shade,6,60,30,,,,,,40,60,123,46,,,,46,21,44,34,22,73,,
940 110012305898,2598,940 110012565433,2674,High Shade,12,147,25,,,,,,79,206,242,37,,,,47,37,48,43,43,,,
940 110012305898,2598,940 110009540062,w1765,High Shade,12,58,15,,,,,,92,87,80,93,,,,48,29,38,30,26,25,,
940 110012305898,2598,940 110012554675,2570,High Shade,2,119,265,,,,,,87,38,34,8,,,,,,,,,,,
940 110012305898,2598,940 110019088661,w791,High Shade,25,117,99,,,,,,50,73,92,79,,,,61,26,53,76,83,195,,
940 110012305898,2598,940 110012568040,w1749,High Shade,78,291,212,,,,,,41,141,53,39,,,,33,29,41,51,47,31,,
940 110012305898,2598,940 110009541461,2621,High Shade,16,156,48,,,,,,108,166,101,149,,,,51,63,67,50,33,35,,
940 110012305898,2598,940 110009539523,2303,High Shade,15,145,115,,,,,,129,55,62,115,,,,25,19,51,56,44,107,,
940 110012305898,2598,940 110012567558,w229,High Shade,2,137,109,,,,,,82,207,220,60,,,,38,93,18,17,73,40,,
940 110012305898,2598,940 110009423166,2963,High Shade,46,86,28,,,,,,98,102,115,31,,,,47,38,55,59,25,6,,
940 110012305898,2598,940 110009422302,2616,High Shade,63,72,39,,,,,,40,343,215,35,,,,74,30,65,68,79,91,,
940 110012305898,2598,940 110009538502,w1763,High Shade,,77,146,,,,,,87,174,180,52,,,,55,44,84,36,68,31,,
940 110012305898,2598,940 110009540229,2960,High Shade,17,126,9,,,,,,107,75,88,19,,,,28,35,70,52,26,8,,
940 110012305898,2598,940 110012566822,w192004,High Shade,27,130,119,,,,,,41,147,56,123,,,,35,26,53,31,94,1,,
940 110012305898,2598,940 110016191529,2899,High Shade,1,197,111,,,,,,82,608,902,97,,,,34,35,29,24,84,28,,
940 110012305898,2598,940 110019091371,w1756,High Shade,22,201,96,,,,,,115,119,63,130,,,,42,23,33,59,45,75,,
940 110012305898,2598,940 110012567214,2648,High Shade,,45,18,,,,,,78,117,101,91,,,,29,48,45,42,86,25,,
940 110012305898,2598,940 110012554433,y474,High Shade,1,71,39,,,,,,51,223,68,51,,,,37,37,52,124,106,116,,
940 110012305898,2598,940 110019090507,2590,High Shade,11,177,95,,,,,,71,134,50,80,,,,39,23,28,19,95,118,,
940 110012305898,2598,940 110009541155,2399,High Shade,13,74,55,,,,,,76,132,77,80,,,,27,23,40,18,70,132,,
940 110012305898,2598,940 110012567203,2537,High Shade,8,83,67,,,,,,71,137,104,87,,,,68,27,75,30,49,44,,
940 110012305898,2598,940 110012553700,o40,High Shade,9,177,52,,,,,,86,95,115,68,,,,39,32,36,82,46,47,,
940 110012305898,2598,940 110009540691,2018,High Shade,50,244,130,,,,,,62,105,109,104,,,,16,37,75,57,44,21,,
940 110012305898,2598,940 110012568291,y434,High Shade,19,86,38,,,,,,71,112,50,75,,,,24,61,21,48,70,7,,
940 110012305898,2598,940 110009541259,3758,High Shade,21,90,213,,,,,,59,165,88,85,,,,47,60,23,38,90,55,,
940 110012305898,2598,940 110012566863,y472,High Shade,11,109,82,,,,,,36,66,34,63,,,,83,26,27,156,86,100,,
940 110012305898,2598,940 110019091890,y460,High Shade,,146,58,,,,,,45,52,42,65,,,,66,71,116,81,77,38,,
940 110012305898,2598,940 110009540290,2327,High Shade,1,63,49,,,,,,31,119,64,63,,,,34,67,63,41,14,128,,
940 110012305898,2598,940 110009541521,2613,High Shade,13,118,220,,,,,,140,108,64,96,,,,67,80,109,92,37,31,,
940 110012305898,2598,940 110009422175,2595,High Shade,,85,63,,,,,,441,84,148,92,,,,21,77,86,40,98,24,,
940 110012305898,2598,940 110009539749,w1774,High Shade,9,230,42,,,,,,63,32,94,33,,,,31,23,36,31,56,15,,
940 110012305898,2598,940 110012568205,2891,High Shade,6,43,31,,,,,,41,45,22,45,,,,21,28,22,50,36,5,,
940 110012305898,2598,940 110019091991,w192246,High Shade,13,195,155,,,,,,119,237,38,192,,,,24,63,69,50,60,64,,
940 110012305898,2598,940 110009539497,2328,High Shade,31,74,30,,,,,,25,76,122,65,,,,43,200,22,32,22,20,,
940 110012305898,2598,940 110009539574,W1585,High Shade,40,92,92,,,,,,132,205,105,75,,,,29,40,53,19,31,113,,
940 110012305898,2598,940 110009541679,w1661,High Shade,44,179,32,,,,,,77,94,66,130,,,,23,21,29,125,88,110,,
940 110012305898,2598,940 110012566936,2358,High Shade,10,199,147,,,,,,85,75,32,56,,,,15,29,38,40,53,58,,
940 110012305898,2598,940 110012565868,2952,High Shade,16,92,10,,,,,,64,114,89,78,,,,49,37,63,53,55,27,,
940 110012305898,2598,940 110012566916,2543,High Shade,9,128,126,,,,,,41,58,75,63,,,,26,38,34,35,47,105,,
940 110012305898,2598,940 110009539123,y486,High Shade,28,74,33,,,,,,44,221,138,50,,,,70,15,23,58,77,77,,
940 110012305898,2598,940 110019091443,w9534,High Shade,1,176,98,,,,,,52,42,72,11,,,,,,,,,,,
940 110012305898,2598,940 110009539732,2639,High Shade,6,145,107,,,,,,70,47,37,15,,,,69,25,48,54,24,17,,
940 110012305898,2598,940 110009540879,w192135,High Shade,,75,157,,,,,,33,138,97,53,,,,26,63,29,58,92,121,,
940 110012305898,2598,940 110009423220,o24,High Shade,45,126,94,,,,,,54,95,37,69,,,,69,45,37,69,67,66,,
940 110012305898,2598,940 110009538774,2384,High Shade,2,59,26,,,,,,25,107,124,114,,,,50,34,42,59,52,107,,
940 110012305898,2598,940 110009538677,W192239,High Shade,30,73,47,,,,,,63,165,193,75,,,,53,57,61,56,62,89,,
940 110012305898,2598,940 110009539721,w9513,High Shade,18,81,118,,,,,,57,92,792,126,,,,40,48,62,108,70,58,,
940 110012305898,2598,940 110009422297,2376,High Shade,42,40,153,,,,,,46,85,68,33,,,,,,,,,,,
940 110012305898,2598,940 110009541595,2925,High Shade,1,79,58,,,,,,93,170,44,96,,,,49,50,14,37,27,112,,
940 110012305898,2598,940 110012567794,w9280,High Shade,1,84,26,,,,,,115,83,41,96,,,,10,26,22,116,18,35,,
940 110012305898,2598,940 110009541586,w192277,High Shade,18,107,11,,,,,,90,47,103,85,,,,42,39,19,86,109,48,,
940 110012305898,2598,940 110009539745,2535,High Shade,2,111,103,,,,,,83,63,144,147,,,,16,19,44,83,73,137,,
940 110012305898,2598,940 110019090490,2627,High Shade,4,65,68,,,,,,54,86,160,58,,,,26,72,112,39,51,38,,
940 110012305898,2598,940 110012566735,2934,High Shade,24,121,233,,,,,,80,85,107,63,,,,69,20,49,36,17,31,,
940 110012305898,2598,940 110009422880,2407,High Shade,3,30,250,,,,,,92,113,103,59,,,,47,63,27,59,52,109,,
940 110012305898,2598,940 110019088438,W210,High Shade,16,90,240,,,,,,75,71,64,49,,,,42,74,32,72,75,86,,
940 110012305898,2598,940 110009538900,2659,High Shade,24,212,186,,,,,,99,82,155,37,,,,81,56,24,64,79,98,,
940 110012305898,2598,940 110012553789,2610,High Shade,9,135,39,,,,,,77,59,71,154,,,,456,89,111,62,68,67,,
940 110012305898,2598,940 110009539746,w9563,High Shade,3,144,184,,,,,,72,154,103,72,,,,15,21,43,17,70,32,,
940 110012305898,2598,940 110019090059,o75,High Shade,31,114,17,,,,,,54,115,42,84,,,,53,62,14,64,75,74,,
940 110012305898,2598,940 110009540041,w192163,High Shade,1,53,399,,,,,,107,247,77,33,,,,57,72,35,31,50,46,,
940 110012305898,2598,940 110019088573,2393,High Shade,2,105,48,,,,,,66,128,125,96,,,,13,54,26,58,107,56,,
940 110012305898,2598,940 110019091874,2933,High Shade,39,216,160,,,,,,98,73,96,49,,,,67,38,47,77,27,,,
940 110012305898,2598,940 110019090374,2365,High Shade,23,180,93,,,,,,100,78,113,60,,,,41,42,111,53,63,21,,
940 110012305898,2598,940 110019091854,w192180,High Shade,23,220,223,,,,,,59,126,42,54,,,,42,38,43,89,77,16,,
940 110012305898,2598,940 110009540852,3717,High Shade,10,113,255,,,,,,66,128,90,113,,,,54,52,36,49,95,81,,
940 110012305898,2598,940 110009422277,w1741,High Shade,24,112,85,,,,,,91,33,155,134,,,,78,47,38,45,52,116,,
940 110012305898,2598,940 110012565444,w1512,High Shade,33,144,87,,,,,,125,104,98,80,,,,30,39,25,21,38,42,,
940 110012305898,2598,940 110019090024,w192382,High Shade,39,262,209,,,,,,241,35,56,27,,,,,,,,,,,
940 110012305898,2598,940 110012567054,2411,High Shade,21,137,69,,,,,,102,107,306,101,,,,45,73,55,67,59,68,,
940 110012305898,2598,940 110009541001,w795,High Shade,8,194,78,,,,,,56,112,45,28,,,,36,30,39,10,11,36,,
940 110012305898,2598,940 110019091352,w192172,High Shade,17,130,37,,,,,,66,153,38,39,,,,,,,,,,,
940 110012305898,2598,940 110009539701,w192055,High Shade,3,40,17,,,,,,36,485,120,98,,,,39,64,60,43,15,44,,
940 110012305898,2598,940 110009423145,w192150,High Shade,3,252,270,,,,,,51,119,157,68,,,,21,41,18,33,59,18,,
940 110012305898,2598,940 110009539995,w213,High Shade,3,206,88,,,,,,88,123,156,112,,,,61,57,40,35,58,153,,
940 110012305898,2598,940 110009539582,2602,High Shade,15,172,14,,,,,,51,60,165,28,,,,31,14,68,96,74,23,,
940 110012305898,2598,940 110012567022,w937,High Shade,10,244,267,,,,,,111,104,108,58,,,,22,47,55,113,35,52,,
940 110012305898,2598,940 110009539425,2619,High Shade,23,127,116,,,,,,40,53,206,55,,,,,,,,,,,
940 110012305898,2598,940 110009541187,y464,High Shade,21,91,40,,,,,,48,153,71,56,,,,32,28,19,15,29,9,,
940 110012305898,2598,940 110012553776,2571,High Shade,26,137,38,,,,,,54,262,133,10,,,,17,36,122,75,15,15,,
940 110012305898,2598,982 123539107431,2469,High Shade,15,74,14,,,,,,55,104,129,20,,,,18,34,37,182,39,15,,
940 110012305898,2598,940 110009541433,w1772,High Shade,21,73,44,,,,,,37,140,51,27,,,,26,14,39,12,13,32,,
940 110012305898,2598,940 110009540280,w841,High Shade,46,64,37,,,,,,106,54,95,68,,,,31,17,52,27,26,30,,
940 110012305898,2598,940 110012553675,w192153,High Shade,22,145,13,,,,,,23,381,313,29,,,,13,8,23,31,20,57,,
940 110012305898,2598,940 110012568230,w192423,High Shade,5,180,223,,,,,,49,147,127,35,,,,57,14,54,38,91,42,,
940 110012305898,2598,940 110012554719,w1614,High Shade,8,218,254,,,,,,44,96,282,152,,,,39,66,89,22,30,38,,
940 110012305898,2598,940 110019089933,2364,High Shade,15,118,72,,,,,,21,71,158,214,,,,32,81,22,54,32,72,,
940 110012305898,2598,940 110009538766,w192204,High Shade,56,113,36,,,,,,50,115,141,72,,,,68,40,70,101,75,79,,
940 110012305898,2598,940 110012564941,3762,High Shade,5,125,58,,,,,,50,59,116,42,,,,28,26,42,21,51,130,,
940 110012305898,2598,940 110012567653,3799,High Shade,7,110,17,,,,,,20,57,35,51,,,,33,66,80,46,24,39,,
940 110012305898,2598,940 110009540892,2373,High Shade,12,54,46,,,,,,67,122,115,75,,,,30,54,38,71,49,13,,
940 110012305898,2598,940 110019090105,2520,High Shade,1,114,140,,,,,,29,56,106,45,,,,39,114,53,71,53,23,,
940 110012305898,2598,940 110009540112,w192218,High Shade,5,111,147,,,,,,37,71,81,112,,,,63,53,42,47,79,66,,
940 110012305898,2598,940 110009538652,2574,High Shade,22,50,31,,,,,,212,96,168,31,,,,54,15,46,48,127,106,,
940 110012305898,2598,940 110019090459,2626,High Shade,4,137,164,,,,,,68,149,173,27,,,,37,48,31,32,33,59,,
940 110012305898,2598,940 110009539186,2625,High Shade,13,186,222,,,,,,137,126,170,108,,,,37,38,47,71,28,58,,
940 110012305898,2598,940 110009539443,W1695,High Shade,56,137,149,,,,,,138,158,46,90,,,,75,25,65,50,158,25,,
940 110012305898,2598,940 110009540131,2640,High Shade,39,133,72,,,,,,66,86,113,50,,,,86,49,52,206,90,73,,
940 110012305898,2598,940 110012554501,2717,High Shade,15,210,159,,,,,,65,120,123,25,,,,37,49,88,29,24,44,,
940 110012305898,2598,940 110019090321,3746,High Shade,17,93,107,,,,,,109,152,156,103,,,,23,8,46,89,24,25,,
940 110012305898,2598,940 110009541455,2464,High Shade,39,95,28,,,,,,45,75,113,86,,,,32,108,388,79,163,55,,
940 110012305898,2598,940 110009540937,2428,High Shade,1,50,40,,,,,,101,95,44,59,,,,60,102,82,40,24,50,,
940 110012305898,2598,940 110012554714,w192377,High Shade,27,167,191,,,,,,60,84,92,116,,,,47,75,52,44,47,93,,
940 110012305898,2598,940 110012567632,5361,High Shade,1,72,108,,,,,,135,127,161,85,,,,68,77,95,16,117,78,,
940 110012305898,2598,940 110009541526,y428,High Shade,,59,37,,,,,,66,83,45,46,,,,25,52,39,43,42,6,,
940 110012305898,2598,940 110011991139,2653,High Shade,1,17,,,,,,,20,24,4,11,,,,19,24,16,50,13,7,,
940 110012305898,2598,940 110009538417,w9331,High Shade,10,57,34,,,,,,66,94,71,32,,,,12,50,41,45,29,23,,
940 110012305898,2598,940 110019091541,2893,High Shade,5,70,161,,,,,,33,22,415,33,,,,15,30,53,165,54,39,,
940 110012305898,2598,940 110009422835,2510,High Shade,23,67,34,,,,,,96,153,102,29,,,,17,38,55,35,83,32,,
940 110012305898,2598,940 110009538885,w9333,High Shade,,33,43,,,,,,52,116,45,17,,,,,,,,,,,
940 110012305898,2598,940 110012567143,w1640,High Shade,48,149,61,,,,,,95,128,45,43,,,,35,39,28,26,57,47,,
940 110012305898,2598,940 110019090333,2441,High Shade,5,139,82,,,,,,79,117,171,56,,,,52,27,60,19,171,37,,
940 110012305898,2598,940 110009541027,2930,High Shade,16,136,93,,,,,,124,77,88,80,,,,28,68,41,64,75,100,,
940 110012305898,2598,940 110009540731,2713,High Shade,11,105,153,,,,,,105,174,111,125,,,,41,35,34,49,108,78,,
940 110012305898,2598,940 110019092821,W1636,High Shade,24,198,156,,,,,,54,110,76,140,,,,26,42,79,90,35,22,,
940 110012305898,2598,940 110019091545,3714,High Shade,30,248,159,,,,,,93,101,187,41,,,,41,50,38,45,69,67,,
940 110012305898,2598,940 110009540400,w192325,High Shade,,62,54,,,,,,56,38,101,74,,,,75,45,49,31,189,192,,
940 110012305898,2598,940 110012566390,2467,High Shade,13,151,31,,,,,,85,40,23,10,,,,27,23,13,14,50,42,,
940 110012305898,2598,940 110012567392,w192006,High Shade,12,119,31,,,,,,43,128,65,60,,,,59,27,18,47,78,97,,
940 110012305898,2598,940 110009540645,2348,High Shade,7,160,86,,,,,,54,114,132,77,,,,46,19,43,114,91,70,,
940 110012305898,2598,940 110012567049,2988,High Shade,17,161,150,,,,,,55,101,99,25,,,,20,16,71,25,140,54,,
940 110012305898,2598,940 110012567798,w1697,High Shade,38,107,13,,,,,,102,250,70,96,,,,67,17,30,96,106,64,,
940 110012305898,2598,940 110009539587,w192330,High Shade,10,159,59,,,,,,116,132,139,114,,,,57,70,42,52,52,137,,
940 110012305898,2598,940 110019090749,2375,High Shade,10,209,171,,,,,,71,74,78,26,,,,,,,,,,,
940 110012305898,2598,940 110009423244,w9536,High Shade,19,69,67,,,,,,53,103,59,7,,,,,,,,,,,
940 110012305898,2598,940 110009539426,w1531,High Shade,3,124,48,,,,,,55,102,30,21,,,,56,58,33,49,19,37,,
940 110012305898,2598,940 110012553605,2302,High Shade,51,78,48,,,,,,45,82,65,25,,,,23,16,7,21,62,13,,
940 110012305898,2598,940 110012554588,2628,High Shade,3,39,24,,,,,,125,158,72,47,,,,31,50,63,35,50,21,,
940 110012305898,2598,940 110009540190,1474,High Shade,24,97,60,,,,,,52,154,132,35,,,,71,58,63,210,34,,,
940 110012305898,2598,940 110009541089,2568,High Shade,10,274,210,,,,,,138,151,174,845,,,,36,34,52,63,23,26,,
940 110012305898,2598,940 110012567424,2305,High Shade,10,150,167,,,,,,80,78,48,82,,,,71,63,56,62,97,11,,
940 110012305898,2598,940 110019090775,w192050,High Shade,10,121,106,,,,,,32,99,54,34,,,,,,,,,,,
940 110012305898,2598,940 110009538890,2550,High Shade,,77,47,,,,,,112,223,157,38,,,,136,9,47,110,40,65,,
940 110012305898,2598,940 110009539726,w952,High Shade,37,145,136,,,,,,73,143,43,67,,,,58,31,42,31,41,20,,
940 110012305898,2598,940 110009422294,o77,High Shade,20,152,151,,,,,,78,60,60,51,,,,36,38,94,43,73,108,,
940 110012305898,2598,940 110009423109,w9281,High Shade,26,110,41,,,,,,34,174,137,134,,,,51,28,45,89,127,39,,
940 110012305898,2598,940 110019091199,w192410,High Shade,,138,51,,,,,,33,71,48,77,,,,75,46,26,49,107,52,,
940 110012305898,2598,940 110009541182,w192154,High Shade,6,47,13,,,,,,70,65,295,284,,,,42,65,23,22,32,140,,
940 110012305898,2598,940 110009539379,2646,High Shade,1,115,23,,,,,,82,124,121,85,,,,32,23,63,51,78,108,,
940 110012305898,2598,940 110019091355,2321,High Shade,7,122,196,,,,,,49,77,58,87,,,,117,40,28,47,39,9,,
940 110012305898,2598,940 110012564961,2335,High Shade,1,126,66,,,,,,92,156,42,45,,,,44,55,37,27,24,82,,
940 110012305898,2598,940 110012554672,y1024,High Shade,2,113,119,,,,,,47,112,179,62,,,,93,42,57,24,83,29,,
940 110012305898,2598,940 110012564957,2622,High Shade,18,141,107,,,,,,54,144,117,50,,,,36,91,52,36,112,21,,
940 110012305898,2598,940 110019091895,2394,High Shade,2,111,47,,,,,,49,72,106,50,,,,20,45,55,128,79,64,,
940 110012305898,2598,940 110009423044,2991,High Shade,59,164,145,,,,,,69,82,102,81,,,,42,82,36,36,84,92,,
940 110012305898,2598,940 110009538720,3728,High Shade,5,155,198,,,,,,197,162,160,117,,,,22,47,49,54,102,27,,
940 110012305898,2598,940 110019091927,y493,High Shade,29,175,247,,,,,,88,58,59,122,,,,53,57,25,57,104,156,,
940 110012305898,2598,940 110012553652,w9511,High Shade,5,79,11,,,,,,49,1190,32,89,,,,35,58,62,29,23,54,,
940 110012305898,2598,940 110012554553,w961,High Shade,10,270,204,,,,,,138,108,191,143,,,,67,17,27,27,84,68,,
940 110012305898,2598,940 110009530579,w967,High Shade,2,171,131,,,,,,86,151,86,58,,,,30,46,42,27,47,30,,
940 110012305898,2598,940 110009540880,w897,High Shade,1,75,16,,,,,,77,92,84,59,,,,59,18,95,36,76,55,,
940 110006914809,w192577,940 110012567432,3739,Medium Shade,,,,,,,,,14,21,5,25,17,22,34,68,33,15,19,64,,,
940 110006914809,w192577,940 110019092766,2491,Medium Shade,,,,,,,,,8,14,13,15,27,29,37,13,45,19,15,47,,,
940 110006914809,w192577,940 110012567493,w781,Medium Shade,,,,,,,,,15,18,10,12,12,32,20,42,42,30,28,66,,,
940 110006914809,w192577,940 110019089951,w192323,Medium Shade,,,,,,,,,79,10,8,35,11,15,12,17,27,53,21,65,,,
940 110006914809,w192577,940 110009538579,3755,Medium Shade,,,,,,,,,16,20,15,19,24,32,39,28,48,47,72,56,,,
940 110006914414,w192367,940 110012567432,3739,Medium Shade,,,,,,,,,9,4,11,20,21,55,89,96,46,53,27,48,69,77,
940 110006914414,w192367,940 110019092766,2491,Medium Shade,,,,,,,,,12,10,12,39,21,94,66,14,36,37,25,29,24,57,
940 110006914414,w192367,940 110012567493,w781,Medium Shade,,,,,,,,,6,14,7,28,11,19,16,20,60,75,45,128,30,45,2
940 110006914414,w192367,940 110019089951,w192323,Medium Shade,,,,,,,,,56,20,6,28,3,68,108,43,48,35,85,22,68,50,
940 110006914414,w192367,940 110009538579,3755,Medium Shade,,,,,,,,,12,19,6,19,23,99,97,50,99,31,33,42,60,,
940 110012306154,w192372,940 110009423257,w192358,High Shade,22,6,5,3,14,14,8,16,69,291,12,8,41,111,71,29,24,23,11,39,6,,
940 110012306154,w192372,940 110009541193,w226,High Shade,16,71,15,12,40,38,37,22,241,61,15,15,89,31,31,8,45,66,21,73,26,,
940 110012306154,w192372,940 110019091049,2418,High Shade,15,29,20,,32,70,42,29,20,36,42,79,36,43,41,22,45,35,36,76,3,,
940 110012306154,w192372,940 110012565425,2703,High Shade,9,11,36,4,14,6,20,22,69,27,,56,81,332,35,90,31,53,30,109,28,,
940 110012306154,w192372,940 110019088500,y430,High Shade,10,10,,5,21,41,44,9,29,29,1,30,58,24,83,189,98,61,27,42,14,,
940 110012306154,w192372,940 110019091898,5399,High Shade,1,26,13,5,7,66,25,48,42,54,2,16,28,9,109,10,16,27,60,73,11,,
940 110012306154,w192372,940 110012554843,w1552,High Shade,15,35,491,169,7,12,17,52,99,13,3,22,78,42,51,17,25,54,16,92,10,,
940 110012306154,w192372,940 110009539963,2993,High Shade,8,14,21,15,31,19,10,10,29,71,2,9,242,136,79,32,34,70,33,55,22,,
940 110012306154,w192372,940 110009541457,y449,High Shade,5,16,3,3,16,38,8,22,30,36,15,14,50,40,154,11,33,33,24,58,30,,
940 110012306154,w192372,940 110009541618,2559,High Shade,13,23,,2,25,8,13,55,27,43,10,4,136,136,23,12,38,22,27,18,46,,
940 110012306154,w192372,940 110012566730,w192152,High Shade,8,42,48,2,2,6,47,13,20,43,22,5,98,37,81,20,54,22,76,69,44,,
940 110012306154,w192372,940 110012554375,2351,High Shade,5,5,2,4,15,12,104,30,14,5,11,5,18,3,3,,,,,,,,
940 110012306154,w192372,940 110009539113,2423,High Shade,5,20,2,3,21,14,51,37,69,37,1,55,38,131,323,16,16,31,20,26,24,,
940 110012306154,w192372,940 110019091079,2967,High Shade,5,10,3,5,40,42,61,30,57,19,18,37,105,181,28,49,57,23,38,154,29,,
940 110012306154,w192372,940 110009538570,w1506,High Shade,16,59,8,15,35,56,23,33,53,16,13,25,83,36,117,15,94,145,57,103,63,,
940 110012306154,w192372,940 110012565403,w1737,High Shade,7,36,40,2,16,31,14,33,25,9,4,8,25,16,298,16,31,39,65,26,23,,
940 110012306154,w192372,940 110009539147,2544,High Shade,3,3,,1,19,8,25,42,18,15,6,26,65,95,50,22,22,20,13,39,1,,
940 110012306154,w192372,940 110009423155,w192406,High Shade,13,10,4,28,4,16,39,17,51,90,87,11,37,34,21,12,16,37,34,87,18,,
940 110012306154,w192372,940 110009540863,2709,High Shade,1,55,11,5,22,77,12,8,66,27,5,200,331,20,34,20,34,45,73,116,10,,
940 110012306154,w192372,940 110009423238,2313,High Shade,5,7,10,5,5,13,19,16,18,31,23,48,20,45,34,18,24,46,39,71,17,,
940 110012306154,w192372,940 110019090446,2987,High Shade,3,25,4,2,58,48,20,40,15,8,3,26,79,25,59,38,24,30,2,,,,
940 110012306154,w192372,940 110019088702,2631,High Shade,8,16,20,4,,29,23,36,43,20,55,16,73,9,30,66,44,43,26,83,62,,
940 110012306154,w192372,940 110009541435,2979,High Shade,8,49,1,17,32,15,15,52,33,10,4,30,23,29,80,14,12,59,22,30,11,,
940 110012306154,w192372,940 110009539500,2444,High Shade,10,18,,18,73,11,35,9,55,22,15,14,58,54,37,38,38,62,58,72,117,,
940 110012306154,w192372,940 110012567887,2650,High Shade,9,15,21,505,477,30,51,33,20,28,7,51,50,33,84,32,32,83,54,74,47,,
940 110012306154,w192372,940 110009539560,w1570,High Shade,6,60,5,4,6,19,47,28,43,42,1,35,45,24,117,301,34,37,75,163,17,,
940 110012306154,w192372,940 110009541504,2338,High Shade,3,4,,1,18,29,21,2,26,50,19,5,41,36,51,42,61,95,52,66,98,,
940 110012306154,w192372,982 123812217444,w192236,High Shade,5,14,,6,33,31,33,79,48,12,13,10,60,45,45,154,250,64,32,30,12,,
940 110012306154,w192372,940 110009540523,w192488,High Shade,7,30,17,15,32,41,31,57,86,15,554,846,55,95,14,13,21,44,20,169,28,,
940 110012306154,w192372,940 110019091174,y1115,High Shade,7,55,15,3,4,23,16,22,65,695,31,15,54,54,69,38,81,84,18,72,16,,
940 110012306154,w192372,940 110009540889,2488,High Shade,5,73,2,2,21,417,37,31,67,37,,34,52,191,57,18,34,82,126,137,31,,
940 110012306154,w192372,940 110012568096,2620,High Shade,26,28,3,41,7,12,20,33,26,47,8,71,130,38,405,20,58,24,179,74,17,,
940 110012306154,w192372,940 110012565375,3744,High Shade,,5,,259,322,29,71,9,40,32,26,14,15,31,35,23,32,34,67,28,7,,
940 110012306154,w192372,940 110019090030,2629,High Shade,2,35,66,30,10,10,47,45,48,36,20,64,60,47,45,16,35,82,69,15,14,,
940 110012306154,w192372,940 110009539432,2567,High Shade,2,19,6,3,28,39,16,8,21,207,667,27,15,124,78,11,33,37,59,39,6,,
940 110012306154,w192372,940 110009538743,2023,High Shade,3,20,2,2,27,8,8,20,17,32,,21,67,13,24,51,61,50,24,58,16,,
940 110012306154,w192372,940 110009539215,w979,High Shade,1,14,1,2,7,15,38,22,31,74,14,103,306,65,33,64,25,49,95,59,26,,
940 110012306154,w192372,940 110019091053,2671,High Shade,16,36,31,2,35,33,18,22,23,12,6,20,68,64,60,29,23,60,15,42,27,,
940 110012306154,w192372,940 110019091360,2937,High Shade,5,14,3,7,25,33,18,16,47,16,9,9,19,283,68,66,29,57,17,61,24,,
940 110012306154,w192372,940 110009539441,2600,High Shade,4,31,,5,29,332,142,9,8,48,19,98,47,51,48,13,32,78,91,49,24,,
940 110012306154,w192372,940 110012567125,2363,High Shade,8,57,2,15,22,33,17,8,45,19,7,28,106,188,22,28,34,38,37,35,22,,
940 110012306154,w192372,940 110012564910,2461,High Shade,2,86,,2,9,18,29,5,23,4,6,27,31,47,16,9,177,48,80,63,6,,
940 110012306154,w192372,940 110009421860,w192380,High Shade,2,56,,125,26,22,76,42,12,45,,15,67,22,21,22,16,21,56,52,64,,
940 110012306154,w192372,940 110009541284,2323,High Shade,8,211,903,238,16,15,67,15,27,11,12,17,27,38,100,39,23,77,181,59,8,,
940 110012306154,w192372,940 110012554845,W192256,High Shade,8,11,42,20,53,28,25,29,23,46,2,20,34,72,65,19,28,40,79,60,11,,
940 110012306154,w192372,940 110009538772,2607,High Shade,7,30,,1,14,29,14,4,11,33,11,31,38,121,23,27,276,65,54,56,24,,
940 110012306154,w192372,940 110009538722,3753,High Shade,9,65,46,7,16,33,16,28,47,33,3,93,127,103,62,82,33,24,25,46,19,,
940 110012306154,w192372,940 110012568314,2301,High Shade,4,7,8,58,13,,26,52,26,33,7,31,27,34,98,35,44,36,69,78,20,,
940 110012306154,w192372,940 110019091445,2664,High Shade,11,36,28,15,10,25,14,33,25,33,17,25,14,9,8,,,,,,,,
940 110012306154,w192372,940 110009539765,w1771,High Shade,6,20,1,3,14,21,10,13,58,503,11,23,19,102,21,23,26,58,49,42,22,,
940 110012306154,w192372,940 110019090379,w1785,High Shade,4,34,26,2,37,31,30,17,34,75,8,27,55,172,30,29,22,34,14,20,8,,
940 110012306154,w192372,940 110009539292,2958,High Shade,3,19,7,7,65,40,32,5,17,54,11,27,63,18,28,15,16,18,54,25,10,,
940 110012306154,w192372,940 110012566479,w757,High Shade,4,10,7,1,5,9,72,5,35,13,5,37,57,41,29,23,14,66,105,38,54,,
940 110012306154,w192372,940 110009539267,y444,High Shade,3,13,9,4,14,4,41,8,35,21,8,40,23,39,134,9,14,32,31,26,9,,
940 110012306154,w192372,940 110020787431,w1706,High Shade,21,8,2,8,3,14,11,20,20,27,3,10,42,98,17,7,32,186,50,111,62,,
940 110012306154,w192372,940 110009541731,o41,High Shade,4,10,,7,21,28,12,54,20,34,34,19,92,151,57,35,12,59,81,15,12,,
940 110012306154,w192372,940 110012567539,w1793,High Shade,,6,,15,12,15,17,23,22,34,27,9,85,64,101,231,324,40,75,227,79,,
940 110012306154,w192372,940 110009538623,2554,High Shade,3,9,4,16,22,43,10,20,41,63,15,14,165,44,70,37,36,63,29,57,77,,
940 110012306154,w192372,940 110009540641,w765,High Shade,1,13,,29,18,32,39,10,55,21,3,7,32,64,62,21,18,101,71,66,18,,
940 110012306154,w192372,940 110019088618,2563,High Shade,1,53,12,,4,63,6,22,61,26,6,9,82,45,17,8,25,38,7,194,465,,
940 110012306154,w192372,940 110019092801,2922,High Shade,1,45,60,5,9,30,32,16,39,32,15,22,33,44,70,18,24,40,15,26,27,,
940 110012306154,w192372,940 110009538571,2395,High Shade,6,19,7,3,14,18,20,15,68,40,14,35,19,40,87,24,26,58,25,34,6,,
940 110012306154,w192372,940 110009423176,2451,High Shade,4,11,5,13,47,12,123,22,34,38,14,45,119,40,457,40,68,65,44,103,31,,
940 110012306154,w192372,940 110019091342,y450,High Shade,5,14,16,11,67,32,25,20,28,82,16,30,43,15,46,36,89,106,134,32,56,,
940 110012306154,w192372,940 110009540159,w192170,High Shade,4,55,24,23,30,44,16,5,15,4,,68,19,108,62,18,28,32,19,,,,
940 110012306154,w192372,940 110009538653,2658,High Shade,5,14,,1,29,29,14,15,8,17,5,2,7,5,7,,,,,,,,
940 110012306154,w192372,940 110019091269,w192143,High Shade,28,107,9,5,20,20,57,30,70,18,10,14,39,28,72,18,21,72,44,12,18,,
940 110012306154,w192372,940 110019089807,w773,High Shade,6,32,15,4,30,27,26,8,30,64,180,10,32,37,110,19,20,110,42,37,46,,
940 110012306154,w192372,940 110009539288,w192212,High Shade,3,53,20,12,13,41,5,13,14,17,4,18,14,11,62,7,16,219,68,18,,,
940 110012306154,w192372,940 110009538693,w993,High Shade,15,6,2,5,11,6,37,7,16,15,5,30,28,59,32,19,46,101,34,54,29,,
940 110012306154,w192372,940 110009423023,y455,High Shade,4,28,18,20,114,103,99,13,72,36,7,32,44,72,53,35,35,60,30,80,37,,
940 110012306154,w192372,940 110009540147,w1637,High Shade,4,6,2,3,6,27,14,20,82,43,6,17,41,23,42,237,14,30,24,58,10,,
940 110012306154,w192372,940 110009539164,2924,High Shade,12,71,18,4,43,57,31,60,32,28,40,10,106,277,44,29,36,82,168,69,59,,
940 110012306154,w192372,940 110019091513,w192087,High Shade,2,72,37,3,9,16,17,23,14,9,9,36,42,7,19,25,21,19,16,55,28,,
940 110012306154,w192372,940 110012554299,y1053,High Shade,7,20,,55,4,11,5,14,71,10,7,28,202,742,148,21,27,28,17,67,49,,
940 110012306154,w192372,940 110019091090,3756,High Shade,2,31,,10,3,24,43,60,25,43,1325,432,60,113,51,39,31,34,5,32,15,,
940 110012306154,w192372,940 110012554266,w1645,High Shade,3,33,,5,13,34,7,14,26,36,17,20,60,584,136,36,39,56,20,29,10,,
940 110012306154,w192372,940 110009422291,2900,High Shade,16,89,67,2,2,15,32,23,100,30,8,14,12,32,17,23,18,47,92,53,35,,
940 110012306154,w192372,940 110009540606,2990,High Shade,5,15,1,12,18,13,134,14,19,56,9,46,540,49,39,22,22,22,46,128,40,,
940 110012306154,w192372,940 110019089911,2038,High Shade,9,19,17,6,34,37,14,40,53,8,6,18,28,40,81,17,19,35,67,59,80,,
940 110012306154,w192372,940 110012566557,2688,High Shade,14,20,39,4,29,21,13,97,47,55,8,27,48,85,34,81,22,65,23,186,43,,
940 110012306154,w192372,940 110009423265,2965,High Shade,7,2,,3,4,8,48,18,30,9,12,35,57,88,58,144,80,96,14,37,39,,
940 110012306154,w192372,940 110009539063,w221,High Shade,16,43,,2,37,11,16,91,169,360,11,12,47,118,161,11,30,54,57,113,33,,
940 110012306154,w192372,940 110009540630,2969,High Shade,4,7,1,4,14,27,42,9,4,15,35,48,20,69,12,17,59,63,9,15,32,,
940 110012306154,w192372,940 110009540994,w192561,High Shade,22,40,1,421,378,16,86,50,58,28,11,100,127,109,65,37,82,33,47,99,26,,
940 110012306154,w192372,940 110009423189,2686,High Shade,5,11,,7,54,13,32,21,32,25,,45,20,71,29,2,19,15,127,17,20,,
940 110012306154,w192372,940 110009539600,o22,High Shade,22,21,,14,24,71,118,126,63,38,17,4,38,6,102,31,174,118,11,45,20,,
940 110012306154,w192372,940 110019091521,2350,High Shade,15,6,2,302,60,49,16,28,58,12,14,52,15,66,36,80,33,62,35,57,77,,
940 110012306154,w192372,940 110009421864,o27,High Shade,13,60,14,23,38,19,48,35,54,36,19,31,46,72,75,21,65,53,46,88,33,,
940 110012306154,w192372,940 110009541103,w192002,High Shade,8,26,1,6,6,9,50,11,12,6,487,45,45,56,25,13,26,28,51,59,10,,
940 110012306154,w192372,940 110019090103,w192008,High Shade,17,4,4,9,13,95,40,29,57,30,29,18,78,49,90,34,46,72,45,69,36,,
940 110012306154,w192372,940 110012566714,3750,High Shade,18,17,,22,2,10,62,25,203,47,5,3,31,17,21,19,13,41,62,32,10,,
940 110012306154,w192372,940 110019088685,2931,High Shade,4,24,14,3,24,37,15,36,47,77,18,47,73,17,92,293,15,67,140,110,68,,
940 110012306154,w192372,940 110009540162,2433,High Shade,4,5,,27,7,21,16,41,62,27,13,77,100,25,80,32,26,58,59,45,32,,
940 110012306154,w192372,940 110012565433,2674,High Shade,1,,,4,9,11,18,13,45,66,54,35,67,28,84,27,47,44,123,25,10,,
940 110012306154,w192372,940 110009540062,w1765,High Shade,3,12,2,1,4,15,311,27,38,49,4,23,23,68,32,15,43,97,77,45,23,,
940 110012306154,w192372,940 110012554675,2570,High Shade,7,17,22,85,15,3,172,55,55,33,17,4,10,6,9,,,,,,,,
940 110012306154,w192372,940 110019088661,w791,High Shade,4,35,21,310,7,35,17,39,82,43,26,21,15,28,28,44,37,54,34,94,24,,
940 110012306154,w192372,940 110012568040,w1749,High Shade,24,120,21,19,15,6,36,14,20,74,3,29,43,134,87,13,13,40,34,115,89,,
940 110012306154,w192372,940 110009541461,2621,High Shade,3,43,,4,10,23,6,21,113,41,3,100,59,36,33,38,63,38,39,80,34,,
940 110012306154,w192372,940 110009539523,2303,High Shade,7,25,32,3,14,12,23,31,71,28,4,20,26,799,54,30,17,48,18,35,27,,
940 110012306154,w192372,940 110012567558,w229,High Shade,2,35,,6,18,15,155,63,51,30,10,36,32,31,125,11,30,101,109,60,8,,
940 110012306154,w192372,940 110009423166,2963,High Shade,11,18,5,14,7,11,35,60,92,34,22,17,60,42,24,59,60,90,102,42,59,,
940 110012306154,w192372,940 110009422302,2616,High Shade,13,15,1,15,14,2,17,40,88,85,17,5,54,61,81,26,20,80,102,69,49,,
940 110012306154,w192372,940 110009538502,w1763,High Shade,11,38,2,44,33,31,95,28,46,31,26,49,135,71,54,40,19,23,125,169,12,,
940 110012306154,w192372,940 110009540229,2960,High Shade,2,6,,3,37,2,9,16,94,7,3,10,49,39,47,6,53,33,16,76,22,,
940 110012306154,w192372,940 110012566822,w192004,High Shade,5,37,24,19,77,51,6,16,13,22,9,25,33,10,46,27,34,48,23,53,2,,
940 110012306154,w192372,940 110016191529,2899,High Shade,3,26,19,6,10,10,15,59,8,109,45,12,31,57,53,28,21,41,74,128,30,,
940 110012306154,w192372,940 110019091371,w1756,High Shade,2,14,5,5,11,13,49,26,47,43,19,82,59,17,31,45,20,70,17,62,11,,
940 110012306154,w192372,940 110012567214,2648,High Shade,1,18,,10,4,9,22,100,41,16,14,21,61,72,74,25,19,40,32,45,9,,
940 110012306154,w192372,940 110012554433,y474,High Shade,5,21,,17,13,12,25,26,34,77,24,13,40,23,17,14,27,48,17,93,38,,
940 110012306154,w192372,940 110019090507,2590,High Shade,3,12,30,4,9,39,10,9,34,41,3,8,74,9,62,55,58,50,37,108,33,,
940 110012306154,w192372,940 110009541155,2399,High Shade,9,29,1,5,23,12,34,21,22,25,24,32,297,356,25,49,19,45,104,82,15,,
940 110012306154,w192372,940 110012567203,2537,High Shade,3,33,1,3,11,18,299,54,29,49,16,27,69,56,118,15,29,60,32,63,73,,
940 110012306154,w192372,940 110012553700,o40,High Shade,14,17,5,21,17,19,10,34,30,13,26,20,25,28,85,26,20,101,23,81,69,,
940 110012306154,w192372,940 110009540691,2018,High Shade,5,35,33,7,52,18,48,32,15,27,5,50,30,12,49,13,36,33,37,73,30,,
940 110012306154,w192372,940 110012568291,y434,High Shade,10,29,1,62,32,51,11,36,58,21,8,14,64,17,48,21,34,20,50,87,76,,
940 110012306154,w192372,940 110009541259,3758,High Shade,35,39,9,119,22,22,148,71,78,73,8,59,65,92,43,38,28,100,51,107,517,,
940 110012306154,w192372,940 110012566863,y472,High Shade,5,29,,13,10,24,21,10,40,10,10,28,199,75,30,12,29,46,451,413,77,,
940 110012306154,w192372,940 110019091890,y460,High Shade,5,29,17,46,28,14,10,7,8,71,17,37,75,8,42,41,76,187,30,77,30,,
940 110012306154,w192372,940 110009540290,2327,High Shade,3,19,16,1,6,21,5,19,30,8,44,58,36,33,76,16,63,52,52,15,25,,
940 110012306154,w192372,940 110009541521,2613,High Shade,24,31,12,20,25,20,60,67,45,26,8,19,120,93,103,54,39,67,38,64,9,,
940 110012306154,w192372,940 110009422175,2595,High Shade,8,25,1,11,25,35,3,7,43,71,5,23,103,26,70,6,38,61,57,60,14,,
940 110012306154,w192372,940 110009539749,w1774,High Shade,7,313,29,3,42,17,36,26,26,13,3,14,10,85,16,10,36,92,23,58,98,,
940 110012306154,w192372,940 110012568205,2891,High Shade,,17,1,1,25,1,10,3,24,24,14,31,71,91,27,33,16,52,133,31,17,,
940 110012306154,w192372,940 110019091991,w192246,High Shade,5,25,15,10,25,82,45,92,76,496,73,23,120,38,65,41,72,104,16,62,176,,
940 110012306154,w192372,940 110009539497,2328,High Shade,5,27,1,3,3,13,35,8,40,15,26,36,34,26,38,8,104,38,63,36,39,,
940 110012306154,w192372,940 110009539574,W1585,High Shade,14,20,1,6,85,35,61,34,46,37,8,23,60,36,251,284,32,32,26,36,38,,
940 110012306154,w192372,940 110009541679,w1661,High Shade,4,6,,16,16,11,67,30,43,13,19,7,47,112,104,9,38,32,84,326,51,,
940 110012306154,w192372,940 110012566936,2358,High Shade,39,42,14,1,19,22,41,23,31,42,14,8,44,74,23,26,22,49,81,75,23,,
940 110012306154,w192372,940 110012565868,2952,High Shade,6,12,1,2,42,26,18,4,28,25,4,22,17,27,7,55,29,29,875,180,13,,
940 110012306154,w192372,940 110012566916,2543,High Shade,12,14,,3,125,5,29,11,77,45,17,30,40,55,35,80,21,22,36,40,53,,
940 110012306154,w192372,940 110009539123,y486,High Shade,17,38,,34,34,45,76,38,22,139,229,4,59,107,26,44,44,28,96,65,59,,
940 110012306154,w192372,940 110019091443,w9534,High Shade,3,10,17,9,21,37,12,1,20,15,8,6,9,3,10,,,,,,,,
940 110012306154,w192372,940 110009539732,2639,High Shade,3,5,1,,34,51,10,38,28,19,19,15,37,50,39,48,29,38,76,71,24,,
940 110012306154,w192372,940 110009540879,w192135,High Shade,4,58,,32,12,12,96,32,33,39,43,14,91,53,155,47,41,76,83,152,99,,
940 110012306154,w192372,940 110009423220,o24,High Shade,12,26,19,1,25,60,18,9,19,41,37,5,59,29,77,9,37,58,16,90,32,,
940 110012306154,w192372,940 110009538774,2384,High Shade,2,34,,9,12,7,22,18,49,15,6,18,63,332,111,40,22,47,26,44,8,,
940 110012306154,w192372,940 110009538677,W192239,High Shade,210,36,1,3,16,82,47,101,24,46,5,17,70,72,128,70,42,66,90,56,68,,
940 110012306154,w192372,940 110009539721,w9513,High Shade,8,38,,7,27,19,52,54,65,31,130,53,50,103,78,25,24,46,45,57,26,,
940 110012306154,w192372,940 110009422297,2376,High Shade,8,5,,7,13,32,40,28,9,21,11,5,8,3,8,,,,,,,,
940 110012306154,w192372,940 110009541595,2925,High Shade,6,95,2,5,61,21,54,36,29,99,8,63,56,76,71,33,12,23,79,45,14,,
940 110012306154,w192372,940 110012567794,w9280,High Shade,11,31,,4,25,15,6,37,51,24,8,9,31,109,52,10,34,50,74,11,33,,
940 110012306154,w192372,940 110009541586,w192277,High Shade,6,13,,,10,9,13,23,34,19,4,39,27,17,26,47,438,64,6,47,11,,
940 110012306154,w192372,940 110009539745,2535,High Shade,15,43,34,19,25,43,91,38,36,37,5,40,99,45,104,81,68,54,90,75,57,,
940 110012306154,w192372,940 110019090490,2627,High Shade,9,17,72,2,12,33,11,38,25,23,16,28,23,49,59,63,20,48,20,19,7,,
940 110012306154,w192372,940 110012566735,2934,High Shade,1,34,1,40,24,43,13,40,10,22,10,13,52,47,200,24,42,62,15,16,12,,
940 110012306154,w192372,940 110009422880,2407,High Shade,6,18,1,10,49,21,41,47,28,22,3,9,37,60,159,56,79,75,30,125,50,,
940 110012306154,w192372,940 110019088438,W210,High Shade,8,41,8,3,10,50,25,53,45,22,9,69,79,134,133,46,17,91,36,235,130,,
940 110012306154,w192372,940 110009538900,2659,High Shade,22,62,,74,36,48,41,40,94,55,7,4,56,47,154,25,30,40,40,155,60,,
940 110012306154,w192372,940 110012553789,2610,High Shade,7,8,1,9,4,13,16,22,20,25,17,34,50,30,44,52,55,36,51,128,43,,
940 110012306154,w192372,940 110009539746,w9563,High Shade,18,76,5,4,66,28,6,19,84,22,2,17,18,42,19,52,19,40,9,9,19,,
940 110012306154,w192372,940 110019090059,o75,High Shade,15,4,2,27,19,52,44,67,25,43,11,81,32,11,42,8,11,21,94,34,22,,
940 110012306154,w192372,940 110009540041,w192163,High Shade,2,4,,28,27,1,18,19,25,19,1,8,61,21,64,56,40,54,37,56,58,,
940 110012306154,w192372,940 110019088573,2393,High Shade,5,28,37,14,25,232,30,80,45,10,6,9,78,52,81,29,29,72,27,94,25,,
940 110012306154,w192372,940 110019091874,2933,High Shade,2,22,19,2,35,54,43,16,70,37,8,25,44,78,13,234,357,86,58,42,,,
940 110012306154,w192372,940 110019090374,2365,High Shade,3,65,18,40,20,30,20,66,48,28,2,19,139,28,85,14,43,398,229,73,12,,
940 110012306154,w192372,940 110019091854,w192180,High Shade,14,50,13,21,70,25,56,70,36,73,7,31,56,128,65,5,33,70,50,38,26,,
940 110012306154,w192372,940 110009540852,3717,High Shade,12,24,13,24,2,8,24,53,82,33,13,59,44,52,95,23,20,71,66,119,27,,
940 110012306154,w192372,940 110009422277,w1741,High Shade,2,35,,11,5,11,62,78,32,44,,50,61,35,68,25,21,161,92,54,36,,
940 110012306154,w192372,940 110012565444,w1512,High Shade,13,23,28,6,41,31,114,44,55,52,6,8,106,39,65,122,103,50,39,26,8,,
940 110012306154,w192372,940 110019090024,w192382,High Shade,4,20,,7,9,18,35,49,412,49,19,3,15,23,2,,,,,,,,
940 110012306154,w192372,940 110012567054,2411,High Shade,9,49,1,3,46,33,18,39,45,57,34,26,48,42,116,33,20,40,102,69,34,,
940 110012306154,w192372,940 110009541001,w795,High Shade,8,117,43,,76,45,62,19,73,63,32,9,48,108,70,10,16,62,98,52,213,,
940 110012306154,w192372,940 110019091352,w192172,High Shade,8,34,3,,18,44,14,23,60,126,293,3,25,20,9,,,,,,,,
940 110012306154,w192372,940 110009539701,w192055,High Shade,7,18,4,1,57,25,11,37,24,90,2,47,48,123,17,28,47,31,33,43,37,,
940 110012306154,w192372,940 110009423145,w192150,High Shade,13,16,38,6,29,35,75,38,66,34,46,33,47,273,32,23,55,36,140,261,95,,
940 110012306154,w192372,940 110009539995,w213,High Shade,20,18,4,15,13,43,9,72,51,25,20,16,83,60,86,33,48,84,39,127,69,,
940 110012306154,w192372,940 110009539582,2602,High Shade,8,2,,3,2,10,134,217,21,23,3,20,46,22,15,14,44,40,81,24,54,,
940 110012306154,w192372,940 110012567022,w937,High Shade,15,30,20,20,21,45,24,35,26,49,7,18,118,78,154,417,95,39,64,45,27,,
940 110012306154,w192372,940 110009539425,2619,High Shade,2,18,7,1,36,27,48,26,25,36,14,3,9,5,13,,,,,,,,
940 110012306154,w192372,940 110009541187,y464,High Shade,7,3,1,9,63,23,33,16,40,85,70,196,68,47,41,20,58,44,59,114,29,,
940 110012306154,w192372,940 110012553776,2571,High Shade,2,11,,12,26,65,5,7,94,75,38,7,108,284,80,48,72,27,144,25,26,,
940 110012306154,w192372,982 123539107431,2469,High Shade,11,4,3,8,85,38,16,17,15,6,9,12,16,15,26,7,59,37,61,35,6,,
940 110012306154,w192372,940 110009541433,w1772,High Shade,8,8,1,4,,22,44,48,33,60,42,40,34,28,90,15,42,12,29,6,1,,
940 110012306154,w192372,940 110009540280,w841,High Shade,12,13,2,82,11,15,13,47,101,36,10,70,22,127,12,10,26,59,55,57,64,,
940 110012306154,w192372,940 110012553675,w192153,High Shade,8,9,,11,23,33,17,7,32,84,15,7,59,10,27,22,21,25,17,72,13,,
940 110012306154,w192372,940 110012568230,w192423,High Shade,5,28,20,23,33,33,22,47,7,36,2,47,19,67,88,37,41,51,49,54,14,,
940 110012306154,w192372,940 110012554719,w1614,High Shade,11,27,31,13,45,69,31,10,92,29,103,38,65,78,30,15,35,28,56,55,21,,
940 110012306154,w192372,940 110019089933,2364,High Shade,11,3,,26,11,121,25,85,72,37,10,39,384,55,29,35,17,33,18,30,14,,
940 110012306154,w192372,940 110009538766,w192204,High Shade,78,361,,5,16,8,32,6,31,37,,41,40,52,33,24,23,78,51,103,31,,
940 110012306154,w192372,940 110012564941,3762,High Shade,30,31,,7,21,13,6,53,28,44,11,84,890,50,46,13,49,55,46,53,36,,
940 110012306154,w192372,940 110012567653,3799,High Shade,6,20,,2,16,58,45,30,35,28,4,4,106,30,13,20,20,24,68,44,446,,
940 110012306154,w192372,940 110009540892,2373,High Shade,6,20,2,1,4,20,45,19,12,59,12,15,60,20,45,50,59,77,43,100,57,,
940 110012306154,w192372,940 110019090105,2520,High Shade,4,37,22,6,26,36,10,68,33,6,18,13,26,13,1457,129,28,44,67,38,99,,
940 110012306154,w192372,940 110009540112,w192218,High Shade,5,15,2,17,32,8,45,66,27,47,12,61,38,33,147,15,19,32,67,58,74,,
940 110012306154,w192372,940 110009538652,2574,High Shade,2,12,,8,,33,18,27,415,199,3,8,96,38,38,43,47,21,30,25,35,,
940 110012306154,w192372,940 110019090459,2626,High Shade,6,28,7,8,43,67,7,66,48,127,120,30,83,105,113,73,27,45,28,52,5,,
940 110012306154,w192372,940 110009539186,2625,High Shade,7,19,2,31,51,45,22,54,44,76,15,39,35,300,105,32,22,57,132,59,78,,
940 110012306154,w192372,940 110009539443,W1695,High Shade,8,29,2,27,29,16,36,93,52,74,6,38,101,17,37,38,35,26,68,72,24,,
940 110012306154,w192372,940 110009540131,2640,High Shade,3,42,38,6,4,12,130,73,74,13,12,17,61,17,11,22,21,76,47,49,39,,
940 110012306154,w192372,940 110012554501,2717,High Shade,1,36,14,,36,17,8,39,13,27,8,17,46,104,27,9,35,48,38,37,3,,
940 110012306154,w192372,940 110019090321,3746,High Shade,2,75,1,7,9,8,46,24,50,83,15,40,156,7,76,107,66,45,40,144,6,,
940 110012306154,w192372,940 110009541455,2464,High Shade,6,1,,2,7,6,11,8,17,13,3,18,13,99,94,11,63,69,51,15,31,,
940 110012306154,w192372,940 110009540937,2428,High Shade,4,28,1,3,1,10,22,11,40,34,7,14,59,13,33,165,163,36,127,50,3,,
940 110012306154,w192372,940 110012554714,w192377,High Shade,3,26,14,323,361,13,11,25,34,31,23,3,48,26,43,48,26,40,73,16,17,,
940 110012306154,w192372,940 110012567632,5361,High Shade,12,30,,11,15,11,7,25,34,33,3,34,55,106,103,9,18,54,28,27,41,,
940 110012306154,w192372,940 110009541526,y428,High Shade,8,16,11,1,3,8,10,25,42,8,5,48,24,78,234,15,29,71,44,35,32,,
940 110012306154,w192372,940 110011991139,2653,High Shade,2,7,,,,,,,11,5,,15,35,133,19,12,43,36,23,9,2,,
940 110012306154,w192372,940 110009538417,w9331,High Shade,15,11,,,3,26,26,128,108,52,13,4,59,47,32,65,11,20,26,46,41,,
940 110012306154,w192372,940 110019091541,2893,High Shade,11,3,1,2,3,6,8,23,33,8,568,206,31,36,28,22,15,57,91,52,16,,
940 110012306154,w192372,940 110009422835,2510,High Shade,5,5,3,,14,22,36,24,52,25,5,2,18,63,55,10,44,25,32,18,27,,
940 110012306154,w192372,940 110009538885,w9333,High Shade,5,32,,4,4,16,28,49,38,35,6,3,23,9,15,,,,,,,,
940 110012306154,w192372,940 110012567143,w1640,High Shade,8,17,44,11,4,22,27,547,28,46,11,19,28,60,37,12,27,43,48,49,18,,
940 110012306154,w192372,940 110019090333,2441,High Shade,4,20,76,1,13,57,121,59,23,58,8,50,46,12,68,25,35,29,39,48,23,,
940 110012306154,w192372,940 110009541027,2930,High Shade,21,97,27,22,11,178,94,50,47,35,35,45,74,35,112,14,33,44,44,87,68,,
940 110012306154,w192372,940 110009540731,2713,High Shade,5,33,11,19,19,16,50,9,153,37,2,21,87,61,78,33,27,34,30,65,7,,
940 110012306154,w192372,940 110019092821,W1636,High Shade,5,182,16,3,19,56,15,23,46,22,11,18,35,30,58,28,271,116,19,19,16,,
940 110012306154,w192372,940 110019091545,3714,High Shade,117,129,29,11,39,42,46,82,77,67,10,65,59,20,107,19,41,39,105,83,82,,
940 110012306154,w192372,940 110009540400,w192325,High Shade,3,99,1,9,24,13,73,20,14,31,6,51,71,24,34,15,35,102,61,44,26,,
940 110012306154,w192372,940 110012566390,2467,High Shade,12,16,1,23,21,47,56,66,35,29,8,57,34,45,40,17,21,27,20,73,17,,
940 110012306154,w192372,940 110012567392,w192006,High Shade,8,21,,243,38,37,27,29,64,52,31,50,101,44,118,16,39,39,42,138,56,,
940 110012306154,w192372,940 110009540645,2348,High Shade,5,34,41,14,16,35,72,45,53,71,8,7,185,18,97,26,30,44,45,37,69,,
940 110012306154,w192372,940 110012567049,2988,High Shade,10,16,11,4,44,35,45,22,32,24,15,10,61,550,48,34,19,39,28,30,22,,
940 110012306154,w192372,940 110012567798,w1697,High Shade,10,21,,5,5,42,112,30,62,132,18,20,59,35,40,29,63,49,29,218,54,,
940 110012306154,w192372,940 110009539587,w192330,High Shade,10,14,,19,68,30,117,29,45,19,8,10,90,143,81,14,20,50,44,47,52,,
940 110012306154,w192372,940 110019090749,2375,High Shade,3,8,24,16,34,38,14,27,46,12,21,63,91,9,11,,,,,,,,
940 110012306154,w192372,940 110009423244,w9536,High Shade,,24,,7,6,11,60,28,40,29,3,6,9,20,5,,,,,,,,
940 110012306154,w192372,940 110009539426,w1531,High Shade,9,8,,9,29,36,11,28,34,68,13,32,229,128,29,10,38,30,42,26,25,,
940 110012306154,w192372,940 110012553605,2302,High Shade,2,16,,13,8,14,22,7,27,13,11,16,72,37,18,13,8,19,68,31,21,,
940 110012306154,w192372,940 110012554588,2628,High Shade,12,19,1,8,70,24,60,27,100,189,130,20,29,164,17,9,28,59,9,26,11,,
940 110012306154,w192372,940 110009540190,1474,High Shade,2,8,1,3,14,34,34,37,18,45,3,20,53,74,45,53,77,229,99,93,1,,
940 110012306154,w192372,940 110009541089,2568,High Shade,10,49,25,2,55,81,70,14,37,47,8,72,29,53,48,22,42,46,10,68,21,,
940 110012306154,w192372,940 110012567424,2305,High Shade,4,61,14,20,62,34,33,20,26,33,13,65,56,106,21,138,116,52,26,70,23,,
940 110012306154,w192372,940 110019090775,w192050,High Shade,11,47,9,,4,33,24,24,22,30,16,172,3,10,35,,,,,,,,
940 110012306154,w192372,940 110009538890,2550,High Shade,6,16,3,11,4,30,71,111,84,108,14,4,65,107,46,442,142,87,124,174,19,,
940 110012306154,w192372,940 110009539726,w952,High Shade,4,52,30,4,244,48,31,16,97,44,4,19,47,43,17,16,78,45,59,31,18,,
940 110012306154,w192372,940 110009422294,o77,High Shade,3,28,,10,180,39,13,9,27,24,42,9,59,58,42,18,30,58,14,52,41,,
940 110012306154,w192372,940 110009423109,w9281,High Shade,5,69,,18,24,51,48,17,79,23,1,15,116,45,76,30,62,73,126,465,46,,
940 110012306154,w192372,940 110019091199,w192410,High Shade,7,50,6,39,10,22,56,85,44,30,5,55,28,33,61,77,11,20,71,68,12,,
940 110012306154,w192372,940 110009541182,w192154,High Shade,7,15,,5,23,24,87,55,27,32,19,28,60,18,28,77,20,28,24,39,57,,
940 110012306154,w192372,940 110009539379,2646,High Shade,11,47,,504,316,14,129,13,36,58,29,13,42,75,63,85,22,52,61,99,63,,
940 110012306154,w192372,940 110019091355,2321,High Shade,2,15,3,3,10,22,13,52,67,18,16,10,56,120,118,28,23,66,10,51,20,,
940 110012306154,w192372,940 110012564961,2335,High Shade,1,50,71,3,7,11,32,28,27,47,6,23,178,58,29,27,44,19,28,17,42,,
940 110012306154,w192372,940 110012554672,y1024,High Shade,15,53,28,17,21,20,19,16,30,34,2,50,72,143,56,50,13,71,69,38,32,,
940 110012306154,w192372,940 110012564957,2622,High Shade,4,52,4,14,19,10,121,33,53,58,10,40,1054,346,202,35,47,83,35,86,78,,
940 110012306154,w192372,940 110019091895,2394,High Shade,3,11,12,1,12,28,3,9,52,26,7,11,31,5,43,24,56,108,57,103,15,,
940 110012306154,w192372,940 110009423044,2991,High Shade,1,9,,17,48,30,35,63,60,20,5,17,108,26,69,15,12,48,45,62,265,,
940 110012306154,w192372,940 110009538720,3728,High Shade,13,39,5,4,44,22,50,270,58,79,6,70,39,39,28,12,24,50,77,64,15,,
940 110012306154,w192372,940 110019091927,y493,High Shade,7,25,3,10,31,44,32,72,34,18,15,26,98,89,304,15,30,30,57,44,36,,
940 110012306154,w192372,940 110012553652,w9511,High Shade,12,12,,6,40,39,5,19,12,168,12,1,57,167,35,11,28,119,54,19,53,,
940 110012306154,w192372,940 110012554553,w961,High Shade,12,13,39,29,31,65,48,62,102,69,36,23,95,73,192,53,53,72,41,105,23,,
940 110012306154,w192372,940 110009530579,w967,High Shade,13,46,27,14,72,20,16,25,30,32,4,4,49,52,24,22,29,63,48,51,48,,
940 110012306154,w192372,940 110009540880,w897,High Shade,10,26,3,3,22,11,69,18,47,34,8,43,38,82,54,11,44,24,28,47,12,,
940 110006987068,w192437,940 110009539462,2561,Medium Shade,17,29,43,27,27,81,85,,46,58,27,135,26,,,,,,,,,,
940 110006987068,w192437,940 110009539751,y1021,Medium Shade,9,23,28,25,34,65,41,,67,36,62,125,,,,,,,,,,,
940 110006987068,w192437,940 110009539049,w192040,Medium Shade,23,54,40,37,22,98,88,,33,25,65,72,8,,,,,,,,,,
940 110006987068,w192437,940 110012567780,w192115,Medium Shade,6,26,37,31,5,76,117,,94,73,10,53,8,,,,,,,,,,
940 110006987068,w192437,940 110009538342,W1594,Medium Shade,19,34,29,25,45,81,73,,55,21,205,159,28,,,,,,,,,,
940 110006987068,w192437,940 110019091210,y1075,Medium Shade,,7,12,29,27,805,176,,16,36,20,35,,,,,,,,,,,
940 110006987068,w192437,940 110009540276,w192123,Medium Shade,15,30,31,16,12,63,132,,15,37,12,120,26,,,,,,,,,,
940 110006987068,w192437,940 110009540034,y1057,Medium Shade,15,55,45,42,33,158,69,,65,41,44,33,25,,,,,,,,,,
940 110006987068,w192437,940 110012567356,W192374,Medium Shade,22,30,47,38,10,121,76,,34,39,58,83,4,,,,,,,,,,
940 110006987068,w192437,940 110019091427,w192523,Medium Shade,1,19,22,15,2,66,99,,35,29,86,96,9,,,,,,,,,,
940 110006987068,w192437,940 110009538669,w192272,Medium Shade,1,39,34,25,51,73,31,,141,36,11,68,2,,,,,,,,,,
940 110006987068,w192437,940 110009541163,2892,Medium Shade,13,28,40,37,27,91,131,,313,45,15,58,8,,,,,,,,,,
940 110006987068,w192437,940 110009538983,w192443,Medium Shade,,8,38,28,88,82,41,,20,60,133,27,5,,,,,,,,,,
940 110006987068,w192437,940 110019088638,2655,Medium Shade,22,57,61,36,28,140,49,,36,35,51,63,13,,,,,,,,,,
940 110006987068,w192437,940 110019090704,w192029,Medium Shade,2,47,31,27,33,176,156,,24,91,117,77,,,,,,,,,,,
940 110012305980,w192014,940 110009421859,w790,High Shade,,,,,,,,,19,4,13,12,41,71,43,24,52,22,47,10,,,
940 110012305980,w192014,940 110009422307,2681,High Shade,,,,,,,,,11,6,13,33,43,71,23,30,30,54,47,67,2,,
940 110012305980,w192014,940 110009539846,y448,High Shade,,,,,,,,,10,2,9,24,66,71,69,54,72,45,55,47,7,,
940 110012306154,w192372,940 110009421859,w790,High Shade,,,,,,,,,6,4,2,1,11,61,32,4,29,20,98,23,,,
940 110012306154,w192372,940 110009422307,2681,High Shade,,,,,,,,,53,6,3,22,40,23,110,58,32,38,113,24,3,,
940 110012306154,w192372,940 110009539846,y448,High Shade,,,,,,,,,10,9,1,27,99,80,30,69,69,72,20,387,106,,
940 110012305898,2598,940 110009421859,w790,High Shade,,,,,,,,,10,20,26,10,,,,24,27,35,57,10,,,
940 110012305898,2598,940 110009422307,2681,High Shade,,,,,,,,,83,33,51,36,,,,20,46,27,50,36,99,,
940 110012305898,2598,940 110009539846,y448,High Shade,,,,,,,,,18,41,36,44,,,,37,26,33,32,126,62,,
940 110006914087,w192223,940 110012567028,w1683,No Shade,,,,,,,,,9,25,34,36,27,22,43,80,63,25,44,36,23,5,
940 110006914087,w192223,940 110012553568,2974,No Shade,,,,,,,,,12,15,12,48,20,28,84,37,33,31,41,27,27,5,
940 110006914087,w192223,940 110009539831,2331,No Shade,,,,,,,,,5,6,10,29,17,23,58,101,62,33,34,33,35,3,
940 110006914087,w192223,940 110012565400,w192463,No Shade,,,,,,,,,13,19,7,63,36,13,32,56,40,41,28,33,37,38,
940 110006914087,w192223,940 110019091379,3749,No Shade,,,,,,,,,12,3,4,43,11,121,38,53,33,36,133,6,26,13,
940 110006914087,w192223,940 110012567070,w192145,No Shade,,,,,,,,,15,20,6,47,42,36,32,36,45,50,58,26,98,6,
940 110012305651,w192591,940 110012567028,w1683,No Shade,,,,,,,,,9,13,86,44,,,,35,30,32,57,110,102,,
940 110012305651,w192591,940 110012553568,2974,No Shade,,,,,,,,,5,4,7,57,,,,34,49,47,99,38,31,,
940 110012305651,w192591,940 110009539831,2331,No Shade,,,,,,,,,15,5,57,62,,,,82,52,43,25,158,14,,
940 110012305651,w192591,940 110019091379,3749,No Shade,,,,,,,,,5,13,4,92,,,,59,31,92,216,77,89,,
940 110012305651,w192591,940 110012567070,w192145,No Shade,,,,,,,,,9,12,25,62,,,,34,40,197,23,24,21,,
940 110012305651,w192591,940 110012565400,w192463,No Shade,,,,,,,,,10,3,16,54,,,,27,36,54,121,30,10,,
