Ram_EID,Ram_coller,Ewe_EID,Ewe_coller,Plot,14/2/2023,15/2/2023,16/2/2023,17/2/2023,18/2/2023,19/2/2023,20/2/2023,21/2/2023,22/2/2023,23/2/2023,24/2/2023,25/2/2023,26/2/2023,27/2/2023,28/2/2023,1/3/2023,2/3/2023,3/3/2023,4/3/2023,5/3/2023,6/3/2023,7/3/2023
940 110012305980,w1637,940 110016191551,w192406,No Shade,40,20,41,21,64,42,24,45,48,45,55,45,44,7,,,,,,,,
940 110012305980,w1637,940 110012553757,w736,No Shade,13,27,15,18,53,65,57,33,36,57,27,41,49,51,78,26,51,88,32,69,74,
940 110012305980,w1637,940 110006544051,2328,No Shade,15,45,31,52,57,49,31,32,58,65,65,63,54,39,60,76,104,58,76,92,159,
940 110012305980,w1637,940 110009539429,MU2938,No Shade,15,43,27,33,56,54,51,63,62,76,42,53,105,51,118,111,75,57,116,58,75,
940 110012305980,w1637,940 110012566807,2696,No Shade,15,42,48,44,31,46,24,32,89,53,25,26,66,68,178,71,25,90,28,28,111,
940 110012305980,w1637,940 110009422847,2024,No Shade,11,29,38,60,23,54,19,53,35,49,22,65,37,40,48,46,32,57,38,63,39,
940 110012305980,w1637,940 110009539378,2378,No Shade,26,49,42,27,72,42,24,91,69,82,71,33,46,65,84,23,49,44,74,99,211,
940 110012305980,w1637,940 110009539487,Y1093,No Shade,11,16,22,31,23,43,57,42,40,46,77,57,145,51,49,33,67,116,108,66,14,
940 110012305980,w1637,940 110009541265,W192251,No Shade,15,77,45,32,26,70,66,60,29,57,32,128,52,56,64,24,33,34,37,42,2,
940 110012305980,w1637,940 110006544506,2032,No Shade,24,41,23,50,59,30,25,49,58,64,82,34,92,36,35,43,69,52,50,53,6,
940 110012305980,w1637,940 110012567028,W1556,No Shade,5,52,22,34,77,48,42,74,39,49,52,41,50,69,98,34,54,56,65,96,1,
940 110012305980,w1637,940 110006544658,2509,No Shade,21,67,41,17,48,40,71,90,28,36,39,24,87,69,76,39,45,42,38,47,93,
940 110012305980,w1637,940 110006720136,2381,No Shade,13,51,37,32,25,52,60,39,52,45,26,33,6,,,,,,,,,
940 110012305980,w1637,940 110009540874,2637,No Shade,3,25,70,66,41,34,17,37,98,48,32,75,53,76,143,64,69,60,78,102,25,
940 110012305980,w1637,940 110012568263,2994,No Shade,11,28,47,37,48,52,11,28,101,72,17,26,66,93,94,44,64,105,105,50,117,
940 110012305980,w1637,940 110009540403,2353,No Shade,15,52,22,23,30,45,42,64,43,46,69,28,58,60,58,45,35,62,32,44,10,
940 110012305980,w1637,940 110009539785,2493,No Shade,28,33,94,47,37,63,19,68,82,73,38,41,49,78,70,46,29,100,37,7,,
940 110012305980,w1637,940 110009421855,2572,No Shade,6,14,26,46,39,38,49,35,24,22,14,16,11,8,16,,,,,,,
940 110012305980,w1637,940 110009539979,W192358,No Shade,8,16,146,26,32,33,22,60,48,54,28,32,105,54,121,48,72,72,88,72,,
940 110012305980,w1637,940 110006544025,2545,No Shade,21,11,25,18,22,42,35,43,24,70,20,34,67,78,48,140,106,31,32,,,
940 110012305980,w1637,940 110009423262,W192426,No Shade,6,34,34,30,68,33,36,28,45,72,72,32,63,33,46,36,81,46,50,51,45,
940 110012305980,w1637,940 110009538664,2437,No Shade,9,31,39,15,83,41,52,51,26,49,39,53,18,18,56,28,32,63,26,14,21,
940 110012305980,w1637,940 110009539860,2622,No Shade,3,13,37,73,31,83,18,46,35,16,16,7,12,14,5,,,,,,,
940 110012305980,w1637,940 110009540374,2928,No Shade,25,26,32,54,39,38,29,44,63,29,59,62,79,57,49,39,79,56,30,100,35,
940 110012305980,w1637,940 110006544250,Y1018,No Shade,4,8,23,1,,,,3,11,16,20,27,42,42,62,34,29,26,54,77,23,
940 110012305980,w1637,940 110009421996,w9562,No Shade,5,20,36,18,38,24,36,33,31,45,97,49,82,56,28,45,37,39,54,36,13,
940 110012305980,w1637,940 110009539709,W192166,No Shade,4,36,38,81,66,52,40,52,14,53,29,26,83,91,60,52,42,46,49,43,37,
940 110012305980,w1637,940 110006544091,w192160,No Shade,32,60,38,62,63,39,65,66,59,47,94,60,114,41,49,45,57,44,34,31,29,
940 110012305980,w1637,940 110009539914,2604,No Shade,27,17,30,55,27,70,32,40,44,50,65,32,73,56,42,37,29,44,24,56,18,
940 110012305980,w1637,940 110006544309,2423,No Shade,11,53,22,59,22,34,41,59,55,39,17,87,53,42,95,45,45,42,59,62,77,
940 110012305980,w1637,940 110012565400,W300,No Shade,9,24,30,24,20,28,46,24,25,26,57,10,41,24,,,,,,,,
940 110012305980,w1637,940 110009538497,2947,No Shade,16,17,17,49,33,52,31,44,41,33,19,37,57,45,32,30,41,31,24,43,23,
940 110012305980,w1637,940 110009538382,O45,No Shade,20,11,14,38,46,23,21,31,74,49,52,56,71,36,61,43,82,61,65,55,,
940 110012305980,w1637,940 110009422300,2962,No Shade,19,29,14,29,31,46,24,34,30,43,32,91,53,35,32,37,27,43,30,30,47,
940 110012305980,w1637,940 110006544403,W1707,No Shade,6,34,18,23,37,30,35,53,54,59,48,60,82,45,111,41,47,60,40,72,31,
940 110012305980,w1637,940 110009541760,2310,No Shade,12,24,25,35,27,46,28,31,33,53,63,46,59,76,37,33,47,49,73,54,,
940 110012305980,w1637,940 110006543939,W192556,No Shade,26,73,47,59,39,29,33,37,74,39,47,102,79,51,40,14,32,34,42,52,81,
940 110012305980,w1637,940 110006544980,2981,No Shade,16,35,32,25,22,34,72,82,50,21,63,26,24,45,56,28,26,59,30,44,19,
940 110012305980,w1637,940 110012554130,w192330,No Shade,7,61,53,68,29,41,28,64,78,52,29,55,44,47,75,65,41,55,38,32,,
940 110012305980,w1637,940 110009423180,W1654,No Shade,15,83,69,44,54,61,39,42,41,51,22,39,45,103,99,54,56,45,43,96,63,
940 110012305980,w1637,940 110012553725,2411,No Shade,19,71,18,42,37,80,29,44,89,57,75,41,31,46,54,35,33,42,24,59,49,
940 110012305980,w1637,940 110009540172,w9561,No Shade,5,44,30,41,27,31,30,44,52,32,58,43,50,41,51,81,49,53,21,59,7,
940 110012305980,w1637,940 110009539447,w9281,No Shade,20,73,50,27,28,67,37,33,52,67,24,78,36,65,71,58,40,93,48,71,57,
940 110012305980,w1637,940 110009423327,3738,No Shade,10,112,65,27,24,40,38,40,37,27,31,35,38,24,62,71,39,45,36,24,62,
940 110012305980,w1637,940 110009422821,W1673,No Shade,3,28,33,13,27,56,103,47,61,74,44,32,32,41,58,30,35,48,29,21,16,
940 110012305980,w1637,940 110009539831,2971,No Shade,10,20,15,32,31,31,20,31,73,91,57,77,60,62,91,39,74,98,21,72,29,
940 110012305980,w1637,940 110012564878,w192408,No Shade,9,18,61,43,52,36,47,75,46,30,227,96,82,71,56,48,89,69,72,68,,
940 110012305980,w1637,940 110012565614,2945,No Shade,12,24,26,34,70,45,38,56,83,47,91,105,60,55,56,162,47,44,41,54,,
940 110012305980,w1637,940 110009539482,W1619,No Shade,14,227,28,21,17,33,29,24,12,59,46,22,28,51,39,18,47,32,36,88,,
940 110012305980,w1637,940 110009541593,3767,No Shade,16,28,22,18,30,45,92,55,47,53,25,133,23,77,96,53,55,51,40,183,31,
940 110012305980,w1637,940 110006544321,2597,No Shade,1,49,67,52,61,32,29,66,68,66,56,51,81,24,64,50,65,40,49,62,52,
940 110012305980,w1637,940 110009539281,w192005,No Shade,13,22,40,39,30,46,26,73,32,26,56,15,42,32,60,22,34,83,34,64,84,
940 110012305980,w1637,940 110009538415,w192410,No Shade,9,32,23,19,46,30,47,36,20,49,96,47,26,59,87,37,39,31,27,41,,
940 110012305980,w1637,940 110012554430,2530,No Shade,13,59,29,49,38,27,80,58,38,42,51,53,39,51,102,88,28,89,66,74,64,
940 110012305980,w1637,940 110009538618,w192356,No Shade,8,32,28,29,24,56,35,26,71,25,26,5,7,6,4,,,,,,,
940 110012305980,w1637,940 110009423027,2635,No Shade,16,53,47,20,38,147,18,90,75,69,44,24,59,57,77,71,60,129,62,58,64,
940 110012305980,w1637,940 110012565504,2466,No Shade,19,71,77,26,18,29,19,39,99,61,74,82,40,65,116,46,38,90,86,43,169,
940 110012305980,w1637,940 110006720535,w192402,No Shade,8,42,30,44,33,18,36,34,41,67,52,63,47,58,46,18,49,46,30,30,55,
940 110012305980,w1637,940 110009539817,2540,No Shade,12,21,34,17,32,68,27,53,67,55,75,49,25,62,48,13,19,30,52,33,44,
940 110012305980,w1637,940 110009540984,W9513,No Shade,15,55,38,26,65,37,49,35,20,78,61,52,45,23,81,21,59,33,22,46,20,
940 110012305980,w1637,940 110009538917,2342,No Shade,18,23,10,38,13,49,31,40,39,30,18,34,52,25,27,22,38,27,36,25,22,
940 110012305980,w1637,940 110009539843,2388,No Shade,12,24,83,32,48,35,44,43,34,92,29,36,75,68,64,93,57,47,60,7,,
940 110012305980,w1637,940 110009422875,2517,No Shade,10,51,43,37,43,36,15,35,58,45,35,75,69,88,58,45,66,26,52,58,63,
940 110012305980,w1637,940 110009539369,W841,No Shade,11,52,16,30,76,43,18,69,45,59,49,37,68,61,91,97,53,64,97,82,96,
940 110012305980,w1637,940 110012553572,2528,No Shade,2,57,66,52,35,59,29,65,35,100,71,34,65,48,104,41,38,53,67,106,100,
940 110012305980,w1637,940 110006545070,2898,No Shade,15,42,72,50,27,48,31,38,59,81,112,118,115,50,75,47,47,77,47,36,56,
940 110012305980,w1637,940 110012567070,W280,No Shade,5,4,68,36,21,18,26,44,68,45,76,100,38,63,74,29,58,63,40,35,54,
940 110012305980,w1637,940 110009423147,W229,No Shade,3,25,18,40,22,46,37,37,57,31,18,61,36,60,112,33,63,90,65,82,84,
940 110012305980,w1637,940 110009540753,Y422,No Shade,18,6,24,34,12,65,153,5,28,21,36,66,69,28,131,13,15,24,24,9,,
940 110012305980,w1637,940 110006544447,3720,No Shade,4,12,25,39,27,45,52,40,42,20,67,44,34,60,61,13,32,21,39,39,29,
940 110012305980,w1637,940 110009540194,2930,No Shade,14,60,12,34,24,31,47,29,47,58,69,102,36,44,53,24,41,32,28,52,61,
940 110012305980,w1637,940 110009539352,2677,No Shade,11,39,19,17,45,47,19,40,50,55,41,21,26,50,39,25,72,59,42,20,32,
940 110012305980,w1637,940 110009540139,2695,No Shade,84,48,16,26,13,35,31,42,59,50,51,28,47,100,28,38,40,26,43,37,,
940 110012305980,w1637,940 110009538976,2583,No Shade,14,51,39,8,26,30,37,37,23,37,27,18,13,,,,,,,,,
940 110012305980,w1637,940 110009538609,Y1102,No Shade,14,19,41,46,52,31,59,43,40,49,39,43,98,30,53,58,45,47,33,90,31,
940 110012305980,w1637,940 110006720825,2567,No Shade,14,49,27,18,35,22,18,33,54,38,19,33,47,32,30,43,48,33,45,71,23,
940 110012305980,w1637,940 110012553817,W1771,No Shade,12,26,13,59,26,29,52,39,76,55,84,79,31,48,122,44,44,44,33,72,33,
940 110012305980,w1637,940 110006544551,W192170,No Shade,3,33,104,49,92,22,22,55,52,23,17,27,62,66,145,30,36,32,59,26,10,
940 110012305980,w1637,940 110009539773,2968,No Shade,19,22,32,43,23,89,30,23,36,48,30,58,39,32,133,41,41,33,40,70,66,
940 110012305980,w1637,940 110009540395,Y452,No Shade,20,29,37,42,34,26,55,35,53,34,22,62,113,56,69,24,21,28,29,27,66,
940 110012305980,w1637,940 110012565516,Y1053,No Shade,8,49,24,34,48,58,38,27,59,56,43,49,31,43,43,36,26,52,29,18,151,
940 110012305980,w1637,940 110006543882,W293,No Shade,26,29,12,14,30,49,53,52,42,55,47,33,64,73,78,45,24,69,114,60,100,
940 110012305980,w1637,940 110009538595,2672,No Shade,7,53,28,44,44,40,46,26,84,28,21,11,43,50,42,68,17,50,49,41,140,
940 110012305980,w1637,940 110009541386,W1540,No Shade,6,21,42,16,56,55,50,29,69,16,30,71,35,39,56,78,42,37,69,69,30,
940 110012305980,w1637,940 110009540871,W192301,No Shade,13,65,23,19,15,33,22,42,45,92,42,36,38,73,65,33,75,71,64,31,27,
940 110012305980,w1637,940 110012566859,2536,No Shade,10,35,50,67,67,51,54,40,65,50,67,38,51,48,112,36,98,55,95,61,112,
940 110012305980,w1637,940 110006544371,2625,No Shade,4,30,16,27,42,30,45,76,39,52,44,90,139,89,141,27,46,52,65,25,61,
940 110012305980,w1637,940 110009540453,3794,No Shade,17,21,41,44,27,23,37,52,55,49,87,41,90,62,56,76,30,40,37,21,4,
940 110012305980,w1637,940 110009538339,Y464,No Shade,14,42,19,23,23,24,52,12,48,45,45,24,107,38,50,26,70,49,28,42,17,
940 110012305980,w1637,940 110012553568,2401,No Shade,15,33,23,28,34,34,22,47,67,56,51,28,63,47,80,64,44,45,23,104,43,
940 110012305980,w1637,940 110009538770,2318,No Shade,15,33,34,31,35,17,43,37,48,39,36,111,20,23,55,26,49,27,28,36,64,
940 110012305980,w1637,940 110012565654,W9560,No Shade,5,124,38,48,32,77,30,29,59,28,32,45,34,59,44,51,62,28,43,17,32,
940 110012305980,w1637,940 110012553813,2593,No Shade,11,26,13,43,9,25,21,21,21,28,11,4,8,9,2,,,,,,,
940 110012305980,w1637,940 110012554149,W923,No Shade,28,38,40,28,50,33,38,48,64,73,130,80,112,39,119,76,57,58,113,75,,
940 110012305980,w1637,940 110009539841,2548,No Shade,17,22,37,26,30,30,20,93,30,39,28,50,31,44,37,22,45,52,85,62,41,
940 110012305980,w1637,940 110009538934,W1747,No Shade,18,28,58,19,9,32,39,33,61,72,31,37,43,23,16,40,42,29,35,35,16,
940 110012305980,w1637,940 110009541522,2438,No Shade,5,41,33,38,27,68,29,38,44,40,31,52,61,63,50,32,27,42,36,37,13,
940 110012305980,w1637,940 110012567013,2965,No Shade,6,24,41,31,22,36,76,87,49,35,49,77,47,123,76,18,33,52,42,72,24,
940 110012305980,w1637,940 110009540426,2463,No Shade,9,17,18,17,12,36,61,21,30,72,66,31,40,46,37,29,40,25,41,14,7,
940 110012305980,w1637,940 110009541497,2680,No Shade,9,20,35,63,49,62,45,65,92,83,107,44,57,63,57,4,35,63,71,21,,
940 110012305980,w1637,940 110009541612,w1741,No Shade,15,37,46,14,22,91,40,15,37,37,32,49,31,27,79,43,15,23,70,23,19,
940 110012305980,w1637,940 110009540097,2707,No Shade,13,15,21,26,36,61,30,31,22,102,68,37,22,44,60,26,37,30,29,33,29,
940 110012305980,w1637,940 110012567023,2512,No Shade,7,12,33,38,33,67,29,37,56,38,52,101,49,68,112,77,38,126,134,61,112,
940 110012305980,w1637,940 110006720451,2584,No Shade,15,18,49,32,53,31,21,33,76,41,22,95,100,63,51,21,46,45,31,9,,
940 110012305980,w1637,940 110012566754,w9283,No Shade,13,17,21,49,21,26,73,33,25,31,44,92,65,27,7,,,,,,,
940 110012305980,w1637,940 110009538750,3715,No Shade,12,28,64,51,43,24,40,76,45,47,31,31,31,92,61,81,31,49,60,42,63,
940 110012305980,w1637,940 110006544577,2608,No Shade,9,19,31,50,26,61,45,66,81,53,63,65,106,113,93,68,56,79,83,44,52,
940 110012305980,w1637,940 110009540821,2542,No Shade,3,73,26,56,51,62,23,37,37,45,38,58,57,28,57,70,71,40,24,99,,
940 110012305980,w1637,940 110009422827,2450,No Shade,6,35,47,30,31,40,35,37,60,27,42,63,71,68,89,57,43,72,69,64,34,
940 110012305980,w1637,940 110006720740,2977,No Shade,10,65,60,59,29,22,36,35,30,47,54,66,14,56,95,32,71,31,86,37,38,
940 110012305980,w1637,940 110009539590,2471,No Shade,21,27,43,15,31,18,45,61,21,53,38,45,70,50,32,22,75,47,31,40,66,
940 110012305980,w1637,940 110012565605,w192212,No Shade,4,44,28,35,42,58,67,24,36,47,44,95,46,60,56,26,45,46,61,37,,
940 110012305980,w1637,940 110009538728,2611,No Shade,20,21,34,34,35,51,50,20,42,31,60,66,29,34,79,52,67,56,37,56,25,
940 110012305980,w1637,940 110009538656,w768,No Shade,5,50,30,41,38,59,20,27,,,,,3,,,,7,,,,,
940 110012305980,w1637,940 110009539538,3745,No Shade,28,60,54,32,23,24,18,42,56,57,42,34,42,38,48,29,89,44,32,115,6,
940 110012305980,w1637,940 110006719959,2946,No Shade,13,30,24,24,29,26,33,39,22,48,32,11,24,40,92,37,40,45,18,4,,
940 110012305980,w1637,940 110009421856,w192145,No Shade,15,20,21,48,23,63,31,49,58,93,74,103,36,21,50,62,61,65,44,115,26,
940 110012305980,w1637,940 110012566899,Y488,No Shade,8,63,31,29,50,55,24,65,27,60,56,56,76,31,62,68,65,43,42,35,20,
940 110012305980,w1637,940 110009538594,2576,No Shade,20,45,22,14,53,53,31,39,67,55,37,45,78,67,56,31,38,30,47,14,,
940 110012305980,w1637,940 110009538666,Y1064,No Shade,19,82,26,73,45,46,31,30,40,75,54,48,27,17,103,23,36,37,15,54,59,
940 110012305980,w1637,940 110009539365,2988,No Shade,20,28,28,35,44,47,41,37,57,83,57,75,82,35,97,74,42,58,57,44,57,
940 110012305980,w1637,940 110006720550,2525,No Shade,24,47,37,25,74,36,93,46,20,52,23,50,27,45,47,22,41,41,33,24,,
940 110012305980,w1637,940 110009540288,2406,No Shade,9,18,20,39,24,30,19,23,24,45,36,27,26,,,,,,,,,
940 110012305980,w1637,940 110009539357,W192096,No Shade,11,23,37,49,13,19,32,42,47,37,78,31,62,58,59,79,36,69,28,40,44,
940 110012305980,w1637,940 110009540814,2397,No Shade,30,26,51,46,45,47,24,29,40,32,53,11,32,30,66,65,54,28,33,35,23,
940 110012305980,w1637,940 110009539082,3798,No Shade,15,19,82,42,27,88,49,56,44,54,58,43,30,77,43,64,50,63,32,34,,
940 110012305980,w1637,940 110012567032,w192236,No Shade,5,7,34,88,66,37,33,49,59,43,121,105,64,51,117,35,44,84,64,70,112,
940 110012305980,w1637,940 110009422259,2652,No Shade,3,29,15,35,84,27,49,44,38,57,40,98,88,44,76,79,34,46,55,36,8,
940 110012305980,w1637,940 110012566852,2896,No Shade,12,23,46,51,69,86,17,67,87,63,59,144,15,58,45,64,63,53,29,97,59,
940 110012305980,w1637,940 110009541075,W1552,No Shade,27,33,13,29,27,38,37,23,42,87,43,88,59,56,65,39,36,45,27,30,17,
940 110012305980,w1637,940 110009538695,W192286,No Shade,14,24,52,61,16,46,38,36,26,81,60,53,74,29,57,82,83,46,56,80,24,
940 110012305980,w1637,940 110009422194,2405,No Shade,21,27,78,27,51,36,44,45,61,35,28,40,39,32,40,54,60,30,40,58,,
940 110012305980,w1637,940 110012566439,2475,No Shade,7,13,31,63,32,32,45,56,43,34,46,70,74,36,66,45,31,32,43,67,150,
940 110012305980,w1637,940 110012554069,W788,No Shade,14,68,116,43,50,65,26,42,71,61,47,64,106,20,101,42,20,61,55,34,57,
940 110012305980,w1637,940 110009541648,2664,No Shade,13,34,63,34,45,37,57,75,60,42,65,43,56,44,70,50,77,93,50,57,37,
940 110012305980,w1637,940 110012554559,2429,No Shade,11,61,29,31,16,63,16,23,68,64,25,25,24,45,33,30,39,42,36,41,62,
940 110012305980,w1637,940 110009541057,w192346,No Shade,17,35,30,29,36,14,59,23,37,86,125,88,27,21,65,62,24,45,25,23,81,
940 110012305980,w1637,940 110009539086,w1547,No Shade,10,60,42,40,47,94,72,72,55,75,41,42,32,54,40,59,56,38,52,46,27,
940 110012305980,w1637,940 110006720157,Y1074,No Shade,16,23,35,59,35,50,51,89,45,52,74,66,87,98,154,43,43,49,101,82,9,
940 110012305980,w1637,940 110012567361,2577,No Shade,11,38,20,36,41,46,47,31,42,54,15,35,26,,,,,,,,,
940 110012305980,w1637,940 110009541144,W9559,No Shade,8,45,80,52,16,33,62,23,49,27,52,33,32,101,28,98,22,66,39,27,24,
940 110012305980,w1637,940 110012554703,2632,No Shade,17,38,43,43,58,32,20,44,40,51,32,46,80,2,,,,,,,,
940 110012305980,w1637,940 110009538619,W952,No Shade,18,14,48,94,40,50,57,60,26,125,24,20,25,36,36,55,54,33,21,,,
940 110012305980,w1637,940 110012554665,2937,No Shade,13,48,33,30,147,35,53,84,65,31,29,52,33,40,97,22,45,53,28,75,6,
940 110012305980,w1637,940 110006719427,2339,No Shade,25,31,30,33,57,51,33,58,60,55,69,79,34,51,89,82,73,99,82,182,105,
940 110012305980,w1637,940 110009541333,w192437,No Shade,12,39,16,27,20,41,39,27,43,95,79,116,85,51,63,43,34,30,54,50,66,
940 110012305980,w1637,940 110012567577,W993,No Shade,6,24,56,88,79,44,48,57,60,54,30,25,34,77,107,38,55,44,49,80,55,
940 110012305980,w1637,940 110009530573,W1754,No Shade,12,36,27,34,58,35,46,70,53,58,41,10,13,24,8,,,,,,,
940 110012305980,w1637,940 110009422306,2415,No Shade,16,25,22,13,16,42,23,13,20,11,11,21,159,16,49,20,23,61,30,26,24,
940 110012305980,w1637,940 110012554759,W1609,No Shade,67,38,59,54,31,34,35,40,26,40,12,8,46,27,66,29,50,60,27,34,,
940 110012305980,w1637,940 110009540560,W192436,No Shade,26,22,27,38,58,46,36,29,51,92,56,118,92,31,26,38,45,22,48,26,13,
940 110012305980,w1637,940 110009540104,w192057,No Shade,17,27,23,68,18,73,24,85,37,58,47,40,19,49,47,34,49,86,50,21,30,
940 110012305980,w1637,940 110006720732,2673,No Shade,8,25,57,30,37,37,14,43,36,80,59,28,24,49,70,24,62,39,50,48,28,
940 110012305980,w1637,940 110012554697,2329,No Shade,7,54,76,39,59,36,43,31,54,45,99,67,31,70,99,72,38,73,19,92,77,
940 110012305980,w1637,940 110012554102,w1562,No Shade,18,35,44,56,64,43,30,51,67,56,133,135,53,38,56,63,43,48,64,32,66,
940 110012305980,w1637,940 110009538759,2481,No Shade,8,14,20,34,26,40,48,26,39,57,46,76,73,41,41,57,33,51,84,83,22,
940 110012305980,w1637,940 110009539138,2524,No Shade,7,32,29,43,19,37,65,15,23,68,50,74,26,73,46,39,31,62,46,31,,
940 110012305980,w1637,940 110006718507,W192313,No Shade,30,73,24,71,56,58,56,66,29,93,23,118,47,42,60,48,32,43,125,150,10,
940 110012305980,w1637,940 110006544076,3770,No Shade,17,64,51,52,32,25,37,36,60,53,26,40,56,79,44,29,50,30,39,64,10,
940 110012305980,w1637,940 110012553844,w192051,No Shade,5,34,24,27,44,44,18,49,50,77,49,71,41,70,79,58,33,68,95,46,82,
940 110012305980,w1637,940 110009540303,Y1115,No Shade,5,27,21,41,41,33,23,43,62,70,49,49,39,56,87,42,47,44,55,69,122,
940 110012305980,w1637,940 110012567833,2539,No Shade,22,28,58,77,41,39,30,59,63,33,36,18,73,143,82,57,101,68,95,61,121,
940 110012305980,w1637,940 110009540316,3749,No Shade,14,44,64,22,31,24,41,54,81,36,36,43,50,64,95,57,28,81,87,83,26,
940 110012305980,w1637,940 110009539735,2570,No Shade,21,58,28,42,25,62,33,67,87,85,81,68,66,77,33,49,30,76,57,,,
940 110012305980,w1637,940 110012554425,2495,No Shade,16,43,72,100,73,48,49,86,82,65,79,35,64,81,58,57,51,85,57,40,51,
940 110012305980,w1637,940 110012567497,2924,No Shade,24,35,25,36,34,33,39,33,51,26,121,16,40,77,39,56,33,37,37,33,,
940 110012305980,w1637,940 110009539060,W1612,No Shade,13,40,16,34,36,29,58,18,24,27,52,12,37,55,48,12,60,51,25,,,
940 110012305980,w1637,940 110009541579,w192325,No Shade,9,95,14,21,42,88,41,19,47,29,31,25,,,,,,,,,,
940 110012305980,w1637,940 110012565591,2491,No Shade,23,33,52,25,10,34,56,36,48,96,24,35,41,40,37,42,104,22,37,38,38,
940 110012305980,w1637,940 110009541499,w192256,No Shade,11,73,47,54,111,36,42,35,36,31,28,15,3,,,,,,,,,
940 110012305980,w1637,940 110009541605,2687,No Shade,18,89,26,12,53,59,32,49,72,66,65,40,61,115,81,60,54,69,74,98,11,
940 110012305980,w1637,940 110009539789,W192223,No Shade,14,17,58,51,33,61,31,82,84,61,24,84,59,50,63,40,47,52,23,93,27,
940 110012305980,w1637,940 110012566374,2532,No Shade,20,16,53,31,35,35,14,18,69,54,92,87,39,92,101,42,28,42,64,49,7,
940 110012305980,w1637,940 110006544245,2929,No Shade,16,51,48,34,9,36,21,46,42,31,25,32,37,61,63,25,95,72,41,42,21,
940 110012305980,w1637,940 110006544786,W9511,No Shade,5,46,64,37,63,38,29,55,46,75,59,24,27,123,69,65,70,52,51,34,30,
940 110012305980,w1637,940 110009539563,w192086,No Shade,7,26,30,16,14,33,13,101,36,35,27,58,96,44,122,53,45,61,70,30,57,
940 110012305980,w1637,940 110009539851,3759,No Shade,22,34,28,49,23,19,40,42,26,50,10,16,13,12,2,,,,,,,
940 110012305980,w1637,940 110009540534,W765,No Shade,3,22,22,21,31,31,18,31,41,53,45,17,52,41,64,67,68,30,39,17,94,
940 110012305980,w1637,940 110006720785,2710,No Shade,24,49,64,54,64,55,29,62,149,82,58,56,59,121,130,68,97,73,88,56,129,
940 110012305980,w1637,940 110009540716,2101,No Shade,12,54,41,28,27,44,60,52,81,43,172,61,77,24,51,75,64,18,59,37,28,
940 110012305980,w1637,940 110006544542,3735,No Shade,11,36,79,26,32,50,54,53,48,45,49,41,49,52,73,45,21,43,80,94,108,
940 110012305980,w1637,940 110012567496,o21,No Shade,20,41,49,64,65,24,30,34,78,32,86,89,38,62,59,58,80,93,48,37,187,
940 110012305980,w1637,940 110009540648,W192004,No Shade,5,31,64,29,37,29,46,26,68,71,78,26,,,,,,,,,,
940 110012305980,w1637,940 110009538686,2482,No Shade,9,37,84,33,53,42,79,67,64,42,25,46,79,65,125,62,69,75,55,24,70,
940 110012305980,w1637,940 110006543874,Y499,No Shade,15,39,52,30,34,30,23,42,102,79,86,69,56,47,117,43,43,107,82,18,,
940 110012305980,w1637,940 110006544572,2617,No Shade,7,28,28,19,34,67,26,51,55,88,45,35,40,40,50,47,37,40,38,31,49,
940 110012305980,w1637,940 110009540770,2427,No Shade,10,20,35,32,23,11,37,39,48,34,34,25,52,34,60,56,48,39,45,38,102,
940 110012305980,w1637,940 110006720713,2519,No Shade,8,36,45,29,35,38,90,45,58,45,46,29,81,67,48,58,26,87,31,50,69,
940 110012305980,w1637,940 110009422169,W1683,No Shade,2,18,16,31,19,20,67,27,74,63,63,42,39,5,8,,,,,,,
940 110012305980,w1637,940 110012567072,2952,No Shade,5,19,27,51,52,49,35,27,66,170,55,46,81,87,87,37,67,37,66,29,67,
940 110012305980,w1637,940 110012567439,3797,No Shade,21,14,27,15,52,28,58,67,44,88,95,57,80,38,102,164,23,25,19,31,64,
940 110012305980,w1637,940 110009421841,2582,No Shade,28,17,25,46,38,42,54,32,34,59,65,77,51,74,60,85,90,39,69,21,,
940 110012305980,w1637,940 110012567561,2445,No Shade,12,18,77,33,64,48,43,53,79,41,68,40,67,67,87,57,48,48,71,87,57,
940 110012305980,w1637,940 110012565646,w1578,No Shade,11,11,118,59,89,35,59,48,47,37,45,47,62,65,61,74,55,79,55,59,154,
940 110012305980,w1637,940 110006543809,2616,No Shade,4,116,26,90,26,27,46,35,45,36,58,73,74,75,49,15,44,36,28,70,55,
940 110012305980,w1637,940 110009540226,W766,No Shade,7,19,35,48,56,35,34,62,35,18,50,26,4,4,13,,,,,,,
940 110012305980,w1637,940 110009539736,y1110,No Shade,10,41,52,49,47,61,30,94,55,40,24,34,47,122,87,81,45,65,97,102,62,
940 110012305980,w1637,940 110012566524,W192361,No Shade,26,6,21,26,61,45,37,62,51,146,52,17,87,42,87,78,27,91,65,50,90,
940 110012305980,w1637,940 110009423267,2600,No Shade,10,32,30,63,42,45,36,67,25,46,38,9,32,38,34,39,74,44,45,36,3,
940 110012305980,w1637,940 110009423076,2967,No Shade,5,32,69,58,31,41,28,43,71,25,48,123,78,51,98,17,50,54,70,49,8,
940 110012305980,w1637,940 110009539903,w192523,No Shade,11,24,17,42,26,30,42,38,73,167,62,18,27,50,45,32,52,48,24,47,32,
940 110012305980,w1637,940 110009538631,2618,No Shade,17,42,36,35,25,77,110,50,58,53,67,88,90,20,56,48,60,67,42,15,75,
940 110012305980,w1637,940 110009540610,2891,No Shade,14,37,25,19,26,29,27,61,50,35,67,26,18,21,66,23,35,30,17,15,,
940 110012305980,w1637,940 110006719384,2557,No Shade,12,46,67,33,34,17,36,42,50,88,63,34,39,40,70,42,68,38,30,83,33,
940 110012305980,w1637,940 110009538791,2321,No Shade,10,18,36,10,10,13,24,31,16,42,31,16,27,81,43,38,50,79,43,79,2,
940 110012305980,w1637,940 110009423185,2340,No Shade,14,60,57,9,10,34,46,24,32,20,27,42,37,110,84,54,26,29,54,27,69,
940 110012305980,w1637,940 110006545066,9284,No Shade,12,36,41,26,17,41,65,52,53,65,28,40,72,72,110,97,67,42,94,105,97,
940 110012305980,w1637,940 110009541085,2365,No Shade,17,32,41,69,80,37,54,33,40,76,62,29,67,128,29,21,86,60,27,4,,
940 110012305980,w1637,940 110009541538,2514,No Shade,18,40,20,52,30,37,45,50,75,58,24,37,34,43,70,64,34,37,33,14,47,
940 110012305980,w1637,940 110009421854,3729,No Shade,3,28,45,49,44,57,38,61,59,78,56,31,57,71,71,42,68,79,81,49,62,
940 110012305980,w1637,940 110012553565,3753,No Shade,20,47,29,68,64,39,29,62,43,72,103,148,37,36,112,34,61,110,27,63,63,
940 110012305980,w1637,940 110009538428,3721,No Shade,18,27,60,22,32,37,35,54,68,41,60,51,45,61,64,39,33,69,49,41,70,
940 110012305980,w1637,940 110009538672,2549,No Shade,14,19,31,37,16,34,31,85,26,34,49,24,9,,,,,,,,,
940 110012305980,w1637,940 110009540428,W1698,No Shade,13,23,37,42,25,40,52,75,35,72,72,68,19,5,28,5,15,7,8,11,,
940 110012305980,w1637,940 110009538450,2486,No Shade,26,33,46,52,80,77,24,65,89,54,7,18,35,32,85,35,36,49,125,32,43,
940 110012305980,w1637,940 110009538938,2999,No Shade,13,62,36,36,53,43,35,32,20,79,86,55,28,20,38,26,39,59,46,61,16,
940 110012305980,w1637,940 110009540904,2504,No Shade,6,9,140,32,18,43,34,25,24,46,59,95,12,44,51,27,22,28,25,75,7,
940 110012305980,w1637,940 110009541010,W1751,No Shade,20,34,58,27,34,47,55,50,64,72,93,49,42,49,88,53,27,110,43,31,,
940 110012305980,w1637,940 110012566693,2708,No Shade,23,23,57,59,78,36,13,77,118,59,33,60,46,43,133,51,44,74,127,93,126,
940 110012305980,w1637,940 110006543850,w1559,No Shade,11,13,53,4,10,48,34,41,52,43,31,48,45,36,44,38,33,46,56,81,5,
940 110012305980,w1637,940 110012554100,w192014,No Shade,2,19,55,41,32,23,49,35,48,41,12,34,24,94,74,67,19,89,43,18,81,
940 110012305980,w1637,940 110012565619,w797,No Shade,6,21,25,32,22,35,41,28,33,27,66,48,24,32,46,33,57,59,62,33,24,
940 110012305980,w1637,940 110012567583,Y465,No Shade,8,25,16,37,47,38,42,64,61,132,56,22,30,80,89,29,55,72,95,37,10,
940 110012305980,w1637,940 110012554855,W934,No Shade,14,33,66,39,45,60,78,58,60,47,43,37,46,39,44,37,49,61,28,35,,
940 110012305980,w1637,940 110009541227,W1695,No Shade,17,19,28,33,56,38,31,126,48,42,45,64,51,45,67,57,29,45,95,45,6,
940 110012305980,w1637,940 110009422824,O77,No Shade,7,40,65,56,62,58,36,66,84,34,64,41,59,56,89,47,29,61,41,63,17,
940 110012305980,w1637,940 110006543923,2035,No Shade,12,53,45,87,52,41,32,22,51,64,73,47,42,17,37,21,32,39,17,24,25,
940 110012305980,w1637,940 110012554680,w192579,No Shade,10,34,23,27,61,31,35,76,76,50,41,93,33,44,70,75,70,133,24,34,2,
940 110012305980,w1637,940 110009539504,2716,No Shade,15,8,25,18,18,49,31,43,41,43,62,29,48,17,29,24,65,35,53,16,,
940 110012305980,w1637,940 110012554841,w192108,No Shade,8,23,24,15,67,18,34,46,49,40,59,32,60,47,25,16,70,59,36,31,43,
940 110012305980,w1637,940 110009538716,2527,No Shade,10,50,24,31,21,44,41,44,45,44,36,3,7,4,8,,,,,,,
940 110012305980,w1637,940 110009538648,2554,No Shade,24,48,27,15,42,27,41,65,35,65,23,86,37,27,43,31,50,57,51,24,145,
940 110012305980,w1637,940 110009541616,3761,No Shade,13,44,47,36,14,41,29,56,35,50,62,29,45,30,42,30,49,40,46,24,1,
940 110012305980,w1637,940 110006544437,W192094,No Shade,14,44,24,21,22,26,41,66,76,47,81,104,65,18,34,50,64,34,60,46,,
940 110012305980,w1637,940 110012565638,2341,No Shade,7,23,26,23,47,34,39,56,136,52,109,58,44,37,98,32,72,35,55,46,51,
940 110012305980,w1637,940 110009539115,w232,No Shade,9,18,24,9,20,22,28,33,27,34,52,20,42,50,40,40,18,42,25,34,19,
940 110012305980,w1637,940 110012565593,2565,No Shade,12,32,15,93,32,45,49,86,81,44,122,30,34,50,57,82,96,45,43,52,71,
940 110012305980,w1637,940 110006543857,2462,No Shade,14,59,90,63,55,44,56,48,95,69,54,79,29,36,51,35,33,39,79,68,80,
940 110012305980,w1637,940 110012567575,2575,No Shade,13,9,61,25,51,40,37,32,68,74,77,85,43,50,98,71,28,60,45,111,,
940 110012305980,w1637,940 110009423168,Y457,No Shade,8,21,38,77,54,40,17,63,49,79,39,36,78,60,105,23,45,46,104,64,43,
940 110012305980,w1637,940 110006543881,2439,No Shade,19,38,67,38,65,65,38,76,93,74,48,71,43,69,122,46,47,79,107,65,142,
940 110012305980,w1637,940 110012566988,2561,No Shade,13,31,21,59,43,88,30,49,64,75,81,69,92,56,96,52,41,40,84,104,119,
940 110012305980,w1637,940 110009538608,2954,No Shade,16,40,34,40,31,35,40,43,43,38,87,60,67,18,52,42,50,17,33,40,,
940 110012305980,w1637,940 110012553575,W1506,No Shade,3,18,38,32,39,35,36,24,107,35,80,89,56,68,93,42,18,38,80,46,21,
940 110012305980,w1637,940 110006719998,2598,No Shade,24,22,33,57,9,77,21,34,14,25,35,20,32,61,44,11,13,15,29,39,21,
940 110012305980,w1637,940 110009539564,o41,No Shade,31,27,21,18,42,17,46,64,24,47,34,17,22,25,27,13,46,34,28,13,1,
940 110007343058,2636,940 110012553776,w237,High Shade,11,81,,,,,,,,,,,,,,,,,,,,
940 110007343058,2636,940 110009539746,2992,High Shade,2,82,,,,,,,,,4,,,,,,,,,,,
940 110007343058,2636,940 110012568314,w192120,High Shade,8,16,,,,,,,,,,1,,1,,,,1,,,,
940 110007343058,2636,940 110006544244,2587,High Shade,14,42,,,,,,,,,,,,,,,,,,1,,
940 110007343058,2636,940 110009540446,2344,High Shade,7,35,,,,,,,,,,,,,,1,,,,,,
940 110007343058,2636,940 110009539164,w977,High Shade,9,48,,,,,,,,,,,,,,,,,,,,
940 110007343058,2636,940 110009423060,w192029,High Shade,7,18,,,1,,,1,,,,,,,,,,,,,,
940 110007343058,2636,940 110006720265,y493,High Shade,14,39,,,1,,,,,,,,,,,1,,,,,,
940 110007343058,2636,940 110012564941,w805,High Shade,9,30,,,,,,,,,,,,,,,,1,,,,
940 110007343058,2636,940 110012568291,3723,High Shade,10,21,,,,,,,,,,,,,1,,,,,,,
940 110007343058,2636,940 110009423166,2369,High Shade,81,77,,,,,,,,,2,,,,,,,,,,,
940 110007343058,2636,940 110009539721,y428,High Shade,94,12,,,,,1,1,,,,,2,,,,,,,,,
940 110007343058,2636,940 110012567125,y1057,High Shade,4,29,,,,,,,,,,,,,,,,,,,,
940 110007343058,2636,940 110009538623,w1614,High Shade,7,24,,,,,,,,,,,,,,,,,,1,2,
940 110007343058,2636,940 110009421859,w1682,High Shade,15,50,,,,,,,,,2,1,,,,,,,,,,
940 110007343058,2636,940 110009422277,2335,High Shade,10,21,,,,,,,,,,,,,,1,,,,,,
940 110007343058,2636,940 110012554501,3736,High Shade,14,78,,,,,,,,,,,,,,,,,,,,
940 110007343058,2636,940 110009541435,2670,High Shade,9,24,,,1,,,,,,,,,,,,1,,,,,
940 110007343058,2636,940 110009541504,y1085,High Shade,10,22,,,13,,14,,,1,6,,1,3,,,,,,,,
940 110007343058,2636,940 110009541433,2668,High Shade,11,22,,,,,,,,,1,,,,,1,,,,1,,
940 110007343058,2636,940 110009539749,Y444,High Shade,7,43,,,,,3,2,,,1,,,1,,,,,,,,
940 110007343058,2636,940 110009540889,2692,High Shade,3,23,,,,,,4,,,2,1,,,,,,,,,,
940 110007343058,2636,940 110012566822,w192192,High Shade,12,16,,,,,,,,1,,,,,,,,,,,,
940 110007343058,2636,940 110009539587,2660,High Shade,33,42,,,9,,,,,,,,,,,,,,,,,
940 110007343058,2636,940 110009541618,3796,High Shade,54,31,,,,,,,,,,,,,,,,,,,,
940 110007343058,2636,940 110012568230,y1024,High Shade,15,25,,,,,,,,,3,,,,,,,,,,,
940 110007343058,2636,940 110009539846,w213,High Shade,19,25,,,,,,,,,,,,,,3,,,,,,
940 110007343058,2636,940 110012554845,o39,High Shade,6,12,,,,1,,,,,2,,,1,,,,,,,,
940 110007343058,2636,940 110006544234,w210,High Shade,17,23,,,,,3,,,2,,,,,,,,,,,,
940 110007343058,2636,940 110009538774,y1071,High Shade,10,49,,,,,,,,,,,,,,,,1,,,,
940 110007343058,2636,940 110012554588,w192377,High Shade,16,19,,,,,,,,,,,,,,,,,,,,
940 110007343058,2636,940 110012565444,2690,High Shade,14,45,,,,,1,,,,,,,,,,,,,,,
940 110007343058,2636,940 110009423109,3752,High Shade,9,20,,,,1,,,,,1,,,,,1,,,,,,
940 110007343058,2636,940 110012567632,w1704,High Shade,8,99,,,,,,,,,,,,,,,,,,,,
940 110007343058,2636,940 110012554433,w263,High Shade,8,38,,,,,,1,,,,,,,,1,,,,,,
940 110007343058,2636,940 110009541595,3799,High Shade,9,14,,,1,,1,,,,,,,,,,,,,2,,
940 110007343058,2636,940 110006720428,w192040,High Shade,21,62,,,,,,,,,3,,,,,1,,,,,,
940 110007343058,2636,940 110006544527,w192530,High Shade,16,53,,,,,,,,,,,,,,,,,,1,,
940 110007343058,2636,940 110009541103,2993,High Shade,11,41,,,,,,,,,,2,,,,3,,,,,2,
940 110007343058,2636,940 110009540290,w793,High Shade,12,20,,,,,,,,,,,,,,,,,,,,
940 110007343058,2636,940 110006543930,2323,High Shade,16,39,,,,,,1,,,,,1,,,1,,,,,,
940 110007343058,2636,940 110009541577,y1092,High Shade,14,33,,,,1,1,1,6,,,,,,,,,,,,,
940 110007343058,2636,940 110012566730,w1554,High Shade,20,39,,,,,,,,,,1,,,,,,,,,,
940 110007343058,2636,940 110012566557,2676,High Shade,20,58,,,,,,,,,,1,,,,1,,,,,,
940 110007343058,2636,940 110009541001,w192172,High Shade,12,25,,,,,,,,,,,,,,,,,,,,
940 110007343058,2636,940 110012567424,w1749,High Shade,16,28,,,,,,,,,2,,,,,,,,,,,
940 110007343058,2636,940 110006544315,w192244,High Shade,18,25,,,2,,,,,2,,,,,,,,,,,,
940 110007343058,2636,940 110009541027,3756,High Shade,14,13,,,,,1,,,,,,,,2,,,,,,,
940 110007343058,2636,940 110006544655,2543,High Shade,10,10,,,,,,,,,1,,,,,,,,,,,
940 110007343058,2636,940 110009422835,2607,High Shade,9,26,,,,,,,,,,,,,1,,,,,,,
940 110007343058,2636,940 110009540229,y1052,High Shade,37,40,,,,,,,,,,,,,,,,,,,,
940 110007343058,2636,940 110009541461,w1671,High Shade,15,63,,,,,,,,,,,,,,,1,,,,,
940 110007343058,2636,940 110012567887,2955,High Shade,13,59,,,,,,,,,,,,,,,,,,,,
940 110007343058,2636,940 110012567296,w1789,High Shade,13,47,,,,,,,,,,,,,,,,,,,,
940 110007343058,2636,940 110009539379,2348,High Shade,8,78,,,,,,,7,,6,,,,,,2,,,,,
940 110007343058,2636,940 110012554735,w9282,High Shade,13,25,,,1,,,,,,1,,,,,,,,,,,
940 110007343058,2636,940 110012554714,2417,High Shade,5,29,,,,,,,,,,,,,,,,,,,,
940 110007343058,2636,940 110006544832,2659,High Shade,26,34,,,,,,1,,2,1,,1,,,,4,,,,,
940 110007343058,2636,940 110009540147,2412,High Shade,6,35,,,,,,,,,,,1,,,,,,,,,
940 110007343058,2636,940 110009538571,2975,High Shade,6,17,,,,,,,,,,,,,,,,,,,,
940 110007343058,2636,940 110012553605,2986,High Shade,11,19,,,,,,,,,,,,,,,,,,,,
940 110007343058,2636,940 110009539147,2432,High Shade,19,37,,,,,1,3,,,3,,,,,1,,,,,,
940 110007343058,2636,940 110009540892,w192519,High Shade,6,22,,,,,,1,1,,,,,,,,,,,,,
940 110007343058,2636,940 110009422294,y435,High Shade,5,18,,,,,,,,,,,,,,,,,,,,
940 110007343058,2636,940 110009540041,2682,High Shade,8,30,,,1,,,,,,,,,,,,,,,,,
940 110007343058,2636,940 110009541089,w1781,High Shade,21,24,,,,,,,,,,,,,,,,,,,,
940 110007343058,2636,940 110009539063,w233,High Shade,14,46,,,,,,,,,,,1,,2,,,,,,,
940 110007343058,2636,940 110006544442,w1597,High Shade,20,30,,,,,,,,,,,,,,,,,,1,,
940 110007343058,2636,940 110009540280,y433,High Shade,10,28,,,,,,1,,,,,,,,,,,,,,
940 110007343058,2636,940 110009539497,w192253,High Shade,4,73,,,,,,,,,,,3,,,,,,,1,,
940 110007343058,2636,940 110009541679,2018,High Shade,24,41,,,,,,,,,,,,,,,,,,,1,
940 110007343058,2636,940 110006544659,3737,High Shade,7,80,,,,,,,,,,,,,,,,,,,,
940 110007343058,2636,940 110009539523,2496,High Shade,13,47,,,1,,,,,,,1,,,,,1,,,,,
940 110007343058,2636,940 110009539215,y1100,High Shade,7,27,,,,,,,,,,,,,,,,,,1,1,
940 110007343058,2636,940 110006720372,w764,High Shade,22,25,,,,,,,,2,,,,,,,,,,,,
940 110007343058,2636,940 110006543949,y451,High Shade,3,47,,,,,,,,,,,,,,,,,,,,
940 110007343058,2636,940 110012566735,2715,High Shade,5,48,,,,,,,,,,,,,,,,,,,,
940 110007343058,2636,940 110009539432,2559,High Shade,8,36,,,,,,,,,,,,,,,,,,,,
940 110007343058,2636,940 110009423155,2391,High Shade,25,23,,,,,,,,,,,,1,,,,,,2,,
940 110007343058,2636,940 110009541259,2966,High Shade,11,24,,,,,,,,,,,,,,,,,,,,
940 110007343058,2636,940 110009540159,w1658,High Shade,9,27,,,,,,2,,,,,,,,1,,,,,,
940 110007343058,2636,940 110009538772,2991,High Shade,11,36,,,,,,1,,,,,,,5,1,,,,,,
940 110007343058,2636,940 110012567143,w1512,High Shade,5,48,,,1,,,2,,2,,,,,,,,,,1,,
940 110007343058,2636,940 110012567054,2371,High Shade,9,71,,,,,,,,,2,,,,,,,,,,,
940 110007343058,2636,940 110012564957,2624,High Shade,12,61,,,,,,2,,,,1,2,,,,,,,1,,
940 110007343058,2636,940 110009538653,w745,High Shade,11,110,,,,,,,,,,,,1,,,,,,,,
940 110007343058,2636,940 110012567558,2705,High Shade,11,24,,,,,,,,,,,,,,,,,,,,
940 110007343058,2636,940 110012567214,w1739,High Shade,12,21,,,,,,1,,2,,1,,,1,,,,,,,
940 110007343058,2636,940 110012567049,2564,High Shade,5,22,,,,,,,,,,,,,1,,,,,,,
940 110007343058,2636,940 110012568205,w192001,High Shade,6,32,,,,,,,,,,,,,,,,,,,,
940 110007343058,2636,940 110009422291,2484,High Shade,14,14,,,,,,,,,,,,,,,,,,,,
940 110007343058,2636,940 110012565375,w102300,High Shade,5,33,,,,,,,,,1,,,,,,,,,,,
940 110007343058,2636,940 110009539426,y470,High Shade,12,13,,,,,,,,3,,,,,,,,,,,,
940 110007343058,2636,940 110009540852,w1627,High Shade,15,33,,,1,,,,,,,,,,,,,,,,,
940 110007343058,2636,940 110016191529,w192587,High Shade,3,27,,,,,,,,,,,,,,,,,,,,
940 110007343058,2636,940 110012567022,y477,High Shade,6,8,,,,,,,,,1,1,,,,,,,,,,
940 110007343058,2636,940 110009540645,2984,High Shade,11,30,,,,,,,,,,,,,,1,1,,,,,
940 110007343058,2636,940 110012554843,2596,High Shade,12,20,,,,,,,,4,2,,,,,,6,,,,2,
940 110007343058,2636,940 110009540691,2317,High Shade,5,35,,,,,,1,,,2,,,,,,,,,,,
940 110007343058,2636,940 110009540400,2435,High Shade,29,26,,,,,,1,,,,,,,1,,,,,,,
940 110007343058,2636,940 110009539500,W192295,High Shade,12,74,,,1,,,,,,,,,,,,,,,1,,
940 110007343058,2636,940 110009538885,2590,High Shade,7,57,,,,,,,,2,,,,,,1,,,,1,2,
940 110007343058,2636,940 110009421864,2599,High Shade,19,37,,,,,,,,,,,,,,,,,,,,
940 110007343058,2636,940 110009539560,2560,High Shade,7,19,,,,,,,,,,,3,,,,,,,,,
940 110007343058,2636,940 110009423244,w287,High Shade,15,18,,,,,1,,,,,,,,,,1,,,,,
940 110007343058,2636,940 110009538900,2455,High Shade,17,14,,,,,,,,,,,,,,,,,,,,
940 110007343058,2636,940 110009423257,w192008,High Shade,14,119,,,,,,,,,,,,,,,,,,,,
940 110007343058,2636,940 110009422837,2963,High Shade,9,38,,,,,,,,,,,,,,,1,,,,,
940 110007343058,2636,940 110009538890,2606,High Shade,12,65,,,,,1,,4,1,1,,,,,,,,,,,
940 110007343058,2636,940 110006720148,2016,High Shade,11,21,,,,,,,,,,,4,,,,,,,,,
940 110007343058,2636,940 110009539017,3728,High Shade,10,21,,,,,,,,3,,,,,,,,,,,,
940 110007343058,2636,940 110009539441,w1602,High Shade,6,75,,,1,,1,,,,4,,,,,,,,,,,
940 110007343058,2636,940 110009541284,w795,High Shade,6,84,,,,,,1,,,,,2,,,,2,,,,,
940 110007343058,2636,940 110009540523,2399,High Shade,17,55,,,,,,,,,,,,,,,,,,1,,
940 110007343058,2636,940 110009539123,2523,High Shade,10,47,,,,,1,,,,,,,,,,,,,,,
940 110007343058,2636,940 110009423220,W991,High Shade,8,54,,,,,,,,,2,,,1,,,,,,,,
940 110007343058,2636,940 110009541182,w1758,High Shade,12,30,,,,,,1,,,,,,,,,,,,,,
940 110007343058,2636,940 110012568040,2951,High Shade,25,56,,,,1,,,,,,,,,,,,,,,,
940 110007343058,2636,940 110011991139,w192383,High Shade,11,28,,,,,,,,,,1,,,,,,1,,,,
940 110007343058,2636,940 110012554675,w192110,High Shade,13,163,,,,,,,,,,,1,,,,,,,1,,
940 110007343058,2636,940 110009541631,w1624,High Shade,15,48,,,,,,1,,,,,,,,1,,,,2,,
940 110007343058,2636,940 110009422297,3747,High Shade,17,36,,,,,2,,9,,,,,3,,,,,,,,
940 110007343058,2636,940 110012564910,3793,High Shade,11,22,,,,,,,,,,,,,,,,,,,,
940 110007343058,2636,940 110009538743,w192423,High Shade,9,37,,,,,,,,,,,,,,,,,,,,
940 110007343058,2636,940 110012567203,w192316,High Shade,11,23,,,,,,,,,,,,,,,,,,,,
940 110007343058,2636,940 110009539726,3732,High Shade,8,56,,,,,,,,2,,,2,,,1,,,,,,
940 110007343058,2636,940 110012554375,2714,High Shade,6,21,,,,,,1,,,,,,,,,,,,,,
940 110007343058,2636,940 110012568096,2643,High Shade,14,22,,,1,,,,,4,,,,,,1,,,,,,
940 110007343058,2636,940 110012566714,o75,High Shade,11,15,,,,,,,,,,,1,,,,,,,,,
940 110007343058,2636,940 110009538720,2922,High Shade,7,39,,,,1,,,,,6,,3,,,,,,,1,,
940 110007343058,2636,940 110009539574,2647,High Shade,8,40,,,,,,1,,,3,,1,,,,,,,,,
940 110007343058,2636,940 110012566936,w192195,High Shade,18,48,,,,,,,,,,,,,,2,,,,,,
940 110007343058,2636,940 110009539425,w192042,High Shade,10,21,,,,,,,,,1,,,,,,,,,2,,
940 110007343058,2636,940 110006544528,2697,High Shade,29,9,,,,,,,,,,,,,,,,1,,1,,
940 110007343058,2636,940 110012553700,2384,High Shade,14,54,,,6,,1,,,,,,,,,,,,,,,
940 110007343058,2636,940 110009539765,2653,High Shade,5,20,,,,,,,1,,2,,,,,,,,,,,
940 110007343058,2636,940 110009539995,2464,High Shade,8,64,,,,,,,,,,,,,,,1,,,,,
940 110007343058,2636,940 110009540880,w192149,High Shade,8,57,,,9,1,,,,,4,,,,,,,,,1,,
940 110007343058,2636,940 110009423238,2644,High Shade,7,40,,,,,,,,,6,,,,,,1,,,,,
940 110007343058,2636,940 110012554299,w192350,High Shade,10,23,,,,,,,,,,,,,,,,,,,,
940 110007343058,2636,940 110012554672,w765,High Shade,10,28,,,,,,,,,,,,,,,,,,,,
940 110007343058,2636,940 110006719210,2392,High Shade,13,39,,,,,1,1,,,,,,2,,,,,,,,
940 110007343058,2636,940 110009539113,2674,High Shade,5,546,,,,,,,,,,,,,,,,,,,,
940 110007343058,2636,940 110009540994,W9510,High Shade,52,29,,,,,,,,,,,1,,,,,,,,,
940 110007343058,2636,940 110006544251,y1075,High Shade,22,17,,,,1,,,,,,,,,,,,,,,,
940 110007343058,2636,940 110006544225,w9278,High Shade,5,31,,,,,,,,20,2,,,,,,,,,,,
940 110007343058,2636,940 110009538766,Y1036,High Shade,15,37,,,,,,,,,,,,,,,,,,1,,
940 110007343058,2636,940 110006720131,2638,High Shade,16,57,,,1,,,1,,,,,,,,,,,,,,
940 110007343058,2636,940 110009539963,w192206,High Shade,13,29,,,,,,,,,,,,,,,,,,,,
940 110007343058,2636,940 110009539186,2511,High Shade,19,28,,,1,,,,,,,2,1,,,,,,,,1,
940 110007343058,2636,940 110012565425,w192249,High Shade,5,29,,,,,,,,,,,,,,,,,,,,
940 110007343058,2636,940 110006543957,9538,High Shade,12,24,,,,,,,,,,,,,,,,,,,1,
940 110007343058,2636,940 110009541586,y471,High Shade,15,19,,,,,,,,,,,,,,,,,,,,
940 110007343058,2636,940 110009538677,y1055,High Shade,14,22,,,,,1,3,,,,,,,1,,,,,,,
940 110007343058,2636,940 110009539288,2640,High Shade,15,26,,,,,,,,,,,,,,,,,,,,
940 110007343058,2636,940 110012567798,w1630,High Shade,18,73,,,,,,1,,,,2,,,,1,,,,1,,
940 110007343058,2636,940 110009541350,w9333,High Shade,10,23,,,,,,,10,,,,,,,1,,1,,,,
940 110007343058,2636,940 110006719988,w1767,High Shade,13,25,,,,,,,,,,,,,,,,,,,,
940 110007343058,2636,940 110009422880,y1060,High Shade,43,17,,,,,,,,,,,1,,,,1,,,,,
940 110007343058,2636,940 110012567539,w744,High Shade,16,62,,,,,,1,,,,,,,,,,,,,1,
940 110007343058,2636,940 110012553652,2997,High Shade,6,12,,,,,,,,2,,,,,,,,,,,,
940 110007343058,2636,940 110006720115,y1077,High Shade,8,72,,,,,,,,,,,,,,,,,,,,
940 110007343058,2636,940 110012566479,w1750,High Shade,6,25,,,,,,,,,,,,,,,,,,,,
940 110007343058,2636,940 110009538652,2706,High Shade,7,105,,,,,2,,,,,,,,,,,,,1,,
940 110007343058,2636,940 110009539745,2934,High Shade,14,16,,,,,,,,,,,,,,,,,,,,
940 110007343058,2636,940 110009422175,2592,High Shade,31,24,,,,,2,,,,,,,,,,,,,,,
940 110007343058,2636,940 110009423189,2713,High Shade,5,82,,,,,,,,,,,,,,,,,,,,
940 110007343058,2636,940 110009539701,w192007,High Shade,4,23,,,,,,,,,,,,,,,,,,,,
940 110007343058,2636,940 110006544430,2665,High Shade,89,79,,,,,,2,,,,,,,,1,,,,,,
940 110007343058,2636,940 110006720577,2588,High Shade,8,15,,,2,,,3,,1,2,,,,,,,,,,,
940 110007343058,2636,940 110009540112,2995,High Shade,12,48,,,,,,2,,,,,,,,,,,,,,
940 110007343058,2636,940 110012553789,2974,High Shade,8,38,,,,,,2,,,,,,,,,,,,,,
940 110007343058,2636,940 110009540863,W273,High Shade,10,42,,,,,,1,,,,,,,,1,,,,,,
940 110007343058,2636,940 110006718446,2558,High Shade,21,32,,,,,,,,,,,,,,,,,,,,
940 110007343058,2636,940 110006543999,w192107,High Shade,5,40,,,,,,,,,,,1,,,,1,,,,,
940 110007343058,2636,940 110009423145,2685,High Shade,21,32,,,,,,,,,,,,,,,,,,,,
940 110007343058,2636,940 110009421860,2892,High Shade,5,27,,,,,,1,,,,,,,,,,,,,,
940 110007343058,2636,940 110009541193,2550,High Shade,17,32,,,1,,,,,,,2,,,,,,,,,,
940 110007343058,2636,940 110009540937,w9504,High Shade,11,46,,,,,,,,,,,1,,,1,,,,,,
940 110007343058,2636,940 110012567653,2900,High Shade,4,30,,,,,,,,,,,,,,,,,,,,
940 110007343058,2636,940 110009422307,w1629,High Shade,7,29,,,,,,,,,,,,,,,,,,,,
940 110007343058,2636,940 110009422302,2656,High Shade,7,27,,,,,,1,,,,,,,,1,,,,,,
940 110007343058,2636,940 110009541187,w1653,High Shade,12,29,,,1,,,,,,,,,,1,,,,,,,
940 110007343058,2636,940 110009538693,2027,High Shade,17,36,,,,,1,2,,,,,2,,,,,,,,,
940 110007343058,2636,940 110009539443,2334,High Shade,27,31,,,3,,1,1,,,,,,,,,,,,1,1,
940 110007343058,2636,940 110006544810,w393,High Shade,21,35,,,,,1,,,6,,1,,,,,,,,,1,
940 110007343058,2636,940 110006544961,2461,High Shade,18,93,,,,,,,,,1,1,,,,,1,,,,,
940 110007343058,2636,940 110009540606,2686,High Shade,19,17,,,,,,,,,1,,,,,,,,,2,,
940 110007343058,2636,940 110009540162,2972,High Shade,12,83,,,,,,,,1,,,,,,,,1,,2,,
940 110007343058,2636,940 110012567392,w192340,High Shade,11,57,,,,,,,,,,,2,,,,,,,,,
940 110007343058,2636,940 110009541521,2921,High Shade,35,53,,,,,,,,,,,,,,,,,,,,
940 110007343058,2636,940 110009541455,w192415,High Shade,11,32,,,,,,,,3,1,,,,,6,1,,,,1,
940 110007343058,2636,940 110012554266,2472,High Shade,17,68,,,,,,,,,,,1,,,,,,,,,
940 110007343058,2636,940 110012565403,2311,High Shade,9,16,,,,,,,,,,1,,,,,,,,4,,
940 110007343058,2636,940 110006544462,2394,High Shade,13,71,,,,,,,,,,,,,3,,,,,,,
940 110007343058,2636,940 110009538417,w192559,High Shade,24,86,,,,,,,,,2,,,,,,1,1,,,,
940 110007343058,2636,940 110009423044,2533,High Shade,10,33,,,,,,,,,,1,,,,,,,,,,
940 110007343058,2636,940 110006544638,w192533,High Shade,4,21,,,,,,,,,,,,,,,,,,,,
940 110007343058,2636,940 110009540630,w1780,High Shade,3,49,,,,,,,,,,,,,,,,,,,,
940 110007343058,2636,940 110012554719,2663,High Shade,30,29,,,,,,2,,,,,,,,,,,,,,
940 110007343058,2636,940 110009538570,w1785,High Shade,17,37,,,,,1,,,,,,,,,1,,,,,,
940 110007343058,2636,940 110006720358,2709,High Shade,16,37,,,,,1,1,,,,,,3,,,,,,,,
940 110007343058,2636,940 110012565868,2333,High Shade,11,30,,,,,,,,,,,,,,,,,,,,
940 110007343058,2636,940 110006543906,w1254,High Shade,13,18,,,,,1,,,,,,,,1,,,,,,1,
940 110007343058,2636,940 110006544421,2926,High Shade,5,21,,,,,3,1,,,,,1,,,1,,,,1,1,
940 110007343058,2636,940 110006543802,2626,High Shade,11,19,,,,,,1,,,,,,,,,,,,,,
940 110007343058,2636,940 110009538502,y1027,High Shade,16,74,,,,,,1,,,,,,,,1,,,,,,
940 110007343058,2636,940 110009540731,w1779,High Shade,19,106,,,,,,,,,,,,,,,,,,,,
940 110007343058,2636,940 110012564961,w192312,High Shade,16,29,,,,,,,,1,,,2,4,2,1,,,,,,
940 110007343058,2636,940 110006544521,w9277,High Shade,16,39,,,,,,2,,,2,,,,,1,,,,,,
940 110007343058,2636,940 110006720119,w192239,High Shade,3,39,,,,,,,,,4,1,,,,,,,,,,
940 110007343058,2636,940 110009540190,W928,High Shade,12,43,,,,,,,,,,,,,,2,,,,2,,
940 110007343058,2636,940 110009538344,w192165,High Shade,12,32,,,,,2,,,10,2,,,,,,2,,,,,
940 110007343058,2636,940 110009539732,2925,High Shade,4,29,,,,,,,,,2,,,,,,,,,,,
940 110007343058,2636,940 110009539267,y425,High Shade,2,56,,,,,1,1,,,,,,,,,,,,,,
940 110007343058,2636,940 110009540879,2645,High Shade,10,96,,,,,1,,,,,,,,,,,,,,,
940 110007343058,2636,940 110012553675,2421,High Shade,2,48,,,,,,,,,,,,,,,,,,,,
940 110007343058,2636,940 110009423265,2943,High Shade,17,17,,,,,,,,,,,,,,,,,,,,
940 110007343058,2636,940 110009541526,w192479,High Shade,14,30,,,,,,,,,1,,,,2,,,,,,,
940 110007343058,2636,940 110006720530,w192534,High Shade,12,21,,,,,,,,,,1,,,1,,,1,,,,
940 110007343058,2636,940 110009538624,w9535,High Shade,17,42,,,,,1,,,,,1,,,,,,,,,,
940 110007343058,2636,940 110006544511,2376,High Shade,3,26,,,,,,1,,,2,,,,,,,,,,1,
940 110007343058,2636,940 110009540131,2473,High Shade,11,28,,,1,,,,,,,,,,,,,,,,,
940 110007343058,2636,940 110009538560,y447,High Shade,23,41,,,1,,1,1,,,,,,,2,,,,,1,,
940 110007343058,2636,940 110009539292,2958,High Shade,8,32,,,,,,,,17,6,,,,,,,,,,,
940 110007343058,2636,940 110009423023,W961,High Shade,21,48,,,1,,,,,,,2,,,,3,,,,,,
940 110007343058,2636,940 110012554553,w192428,High Shade,7,57,,,,,,,,2,,,,,,,1,,,,,
940 110007343058,2636,940 110012566916,w1581,High Shade,6,52,,,,,,,,,,,,,,,1,,,,,
940 110007343058,2636,940 110009540062,w192314,High Shade,11,40,,,,,,1,,,,,1,,,,,,,,,
940 110007343058,2636,940 110009541070,2029,High Shade,25,89,,,,,,,,,2,,2,,,,,,,,,
940 110007343058,2636,940 110009541731,w1724,High Shade,8,31,,,,,,,,,,,,,,2,1,,,2,,
940 110007343058,2636,940 110006544745,2553,High Shade,11,20,,,,,,,,1,,,,,1,,,,,,,
940 110007343058,2636,940 110009539600,2431,High Shade,2,85,,,,,,,,,,1,3,,,,,,,,,
940 110007343058,2636,940 110012567794,w192384,High Shade,7,12,,,,,,,,,,,,,,,,,,,,
940 110007343058,2636,940 110012566390,2031,High Shade,4,37,,,3,,,,,,,,,,,,,,,,,
940 110007343058,2636,940 110009539582,w240,High Shade,7,62,,,,,,,,,,,,,,,,,,,,
940 110007343058,2636,940 110009423176,2544,High Shade,14,99,,,,,,,,,,,,,1,,,,,,,
940 110007343058,2636,940 110009538722,2488,High Shade,24,20,,,,,,,,4,,,1,,,,,,,,,
940 110007343058,2636,940 110006543893,2320,High Shade,14,22,,,,,,,,,,,,,,,,,,,,
940 110007343058,2636,940 110006544843,2566,High Shade,2,27,,,8,,,,,,4,,,,,,,,,1,,
940 110007343058,2636,940 110006720324,w1689,High Shade,17,55,,,,,,,,,,,,,,,,,,,,
940 110007343058,2636,940 110009540641,w192154,High Shade,15,65,,,,,1,,,,,,,,1,,,,,,,
940 110007343058,2636,940 110006544066,3718,High Shade,13,71,,,,,,,,,,,,,,,,,,,,
940 110007343058,2636,940 110009541375,2416,High Shade,9,41,,,,,,,,,,,,,,,,,,2,,
940 110007343058,2636,940 110009530579,w299,High Shade,14,37,,,,,,,,,1,,,,,5,,,,1,,
940 110006987068,w192382,940 110012567497,2924,No Shade,17,29,45,45,15,35,36,56,59,197,27,41,38,49,22,33,39,29,47,54,,
940 110006987068,w192382,940 110009539003,3750,No Shade,,,,,,,,6,15,11,39,37,23,41,38,25,33,32,41,41,48,25
940 110006987068,w192382,940 110016191551,w192406,No Shade,65,46,18,22,40,67,16,58,62,56,35,28,42,34,,,,,,,,
940 110006987068,w192382,940 110012553757,w736,No Shade,21,30,20,16,43,55,59,32,47,65,62,55,71,93,52,81,53,44,38,93,35,12
940 110006987068,w192382,940 110012554425,2495,No Shade,16,19,54,74,38,46,12,31,42,44,41,38,38,43,38,73,233,40,23,19,16,25
940 110006987068,w192382,940 110009423185,2340,No Shade,23,73,34,17,18,40,45,31,26,67,31,25,21,60,26,26,52,47,47,45,87,20
940 110006987068,w192382,940 110009538934,W1747,No Shade,6,17,18,21,9,27,20,25,34,48,19,18,16,69,19,18,32,27,406,25,25,16
940 110006987068,w192382,940 110009421854,3729,No Shade,18,25,38,32,22,57,29,29,89,35,165,29,36,60,69,42,85,105,63,65,15,23
940 110006987068,w192382,940 110006544051,2328,No Shade,10,85,56,68,31,49,51,44,37,68,97,126,96,262,80,54,74,76,49,65,45,37
940 110006987068,w192382,940 110009539429,MU2938,No Shade,31,92,63,46,40,28,16,30,56,21,120,35,89,86,53,97,73,47,52,86,56,
940 110006987068,w192382,940 110012566807,2696,No Shade,11,32,19,45,41,27,26,62,69,46,82,20,37,56,48,54,51,27,24,72,68,
940 110006987068,w192382,940 110009422847,2024,No Shade,16,17,14,19,18,20,182,40,64,37,26,81,57,44,67,60,57,79,52,56,111,
940 110006987068,w192382,940 110009539378,2378,No Shade,14,40,39,69,52,48,76,23,107,113,94,38,77,64,80,76,36,64,25,87,36,27
940 110006987068,w192382,940 110009539487,Y1093,No Shade,10,12,33,24,12,25,39,47,18,44,44,48,57,37,40,28,35,77,78,38,7,
940 110006987068,w192382,940 110012567833,2539,No Shade,42,30,20,66,98,60,36,24,59,57,31,51,76,68,70,87,66,76,38,74,47,5
940 110006987068,w192382,940 110009541265,W192251,No Shade,12,167,45,36,39,28,30,19,35,56,37,48,45,50,29,27,40,45,30,18,16,
940 110006987068,w192382,940 110009541522,2438,No Shade,21,44,38,30,15,54,37,58,25,88,37,59,19,57,68,55,46,98,44,44,104,27
940 110006987068,w192382,940 110009539138,2524,No Shade,12,39,26,29,12,47,49,17,44,44,64,61,20,24,38,22,36,28,39,25,,
940 110006987068,w192382,940 110006544506,2032,No Shade,10,20,45,28,41,27,55,16,27,70,107,146,57,33,45,39,36,62,50,27,16,
940 110006987068,w192382,940 110006543857,2462,No Shade,3,59,57,49,38,73,56,27,65,98,55,135,24,26,68,24,63,58,43,67,27,27
940 110006987068,w192382,940 110012553575,W1506,No Shade,12,32,35,46,32,60,63,68,63,76,44,24,35,39,49,41,58,35,65,23,96,
940 110006987068,w192382,940 110012567028,W1556,No Shade,6,34,57,47,24,60,64,77,94,54,126,116,68,46,81,42,73,80,44,90,,
940 110006987068,w192382,940 110006544658,2509,No Shade,19,31,54,21,16,36,107,38,53,48,43,60,55,32,36,35,33,23,36,51,35,25
940 110006987068,w192382,940 110006720136,2381,No Shade,18,18,44,17,6,14,27,33,25,27,17,4,3,,,,,,,,,
940 110006987068,w192382,940 110009541760,2310,No Shade,13,16,22,14,110,21,37,17,70,49,34,80,78,40,41,54,33,52,56,55,,
940 110006987068,w192382,940 110009538415,w192410,No Shade,16,34,13,34,22,32,17,25,39,45,58,77,44,52,195,45,57,27,45,49,,
940 110006987068,w192382,940 110009540874,2637,No Shade,11,32,14,87,13,41,59,20,61,105,55,70,69,72,96,77,43,75,60,100,13,
940 110006987068,w192382,940 110012568263,2994,No Shade,6,36,25,48,30,43,20,42,44,40,86,44,60,318,35,53,26,21,57,93,49,18
940 110006987068,w192382,940 110009540403,2353,No Shade,14,19,23,43,25,46,19,13,26,44,41,25,42,90,50,92,101,24,38,28,35,
940 110006987068,w192382,940 110009539785,2493,No Shade,25,41,46,52,41,51,18,39,48,82,56,35,39,64,51,68,80,43,43,48,,
940 110006987068,w192382,940 110006720740,2977,No Shade,16,46,139,43,5,34,38,19,31,73,24,32,29,76,39,28,37,62,30,39,57,11
940 110006987068,w192382,940 110009421855,2572,No Shade,4,21,16,40,34,44,19,19,40,24,25,7,7,6,10,,,,,,,
940 110006987068,w192382,940 110012566988,2561,No Shade,20,30,65,58,73,54,28,35,64,40,29,91,152,106,29,57,27,23,29,41,25,20
940 110006987068,w192382,940 110009539086,w1547,No Shade,19,56,40,47,181,110,47,13,25,74,26,31,33,73,110,26,37,53,71,37,35,14
940 110006987068,w192382,940 110009539979,W192358,No Shade,12,18,218,59,45,34,38,71,29,28,57,72,84,54,52,34,68,58,26,99,4,
940 110006987068,w192382,940 110006543881,2439,No Shade,22,30,41,22,45,74,20,36,78,59,35,64,47,80,51,48,73,50,73,574,129,22
940 110006987068,w192382,940 110006544025,2545,No Shade,14,27,24,11,37,54,55,21,57,50,109,43,75,96,25,58,64,34,47,,,
940 110006987068,w192382,940 110009540770,2427,No Shade,12,25,25,21,10,23,19,14,84,64,28,22,32,36,23,32,51,28,46,55,64,37
940 110006987068,w192382,940 110009423262,W192426,No Shade,19,86,19,55,8,23,19,20,28,13,30,28,43,33,57,12,31,66,48,19,67,
940 110006987068,w192382,940 110009538664,2437,No Shade,25,15,13,23,25,30,28,10,14,53,33,25,39,19,19,36,27,30,27,22,15,
940 110006987068,w192382,940 110009539860,2622,No Shade,10,44,51,32,33,26,29,40,58,55,15,8,9,13,10,,,,,,,
940 110006987068,w192382,940 110009540374,2928,No Shade,10,37,37,19,10,21,51,16,57,40,31,65,14,36,93,165,44,63,22,81,94,15
940 110006987068,w192382,940 110009421996,w9562,No Shade,4,24,49,27,19,33,30,22,51,33,45,39,214,33,44,59,35,37,61,29,39,
940 110006987068,w192382,940 110012567561,2445,No Shade,11,31,67,223,59,47,24,48,42,50,45,40,59,68,66,70,42,56,26,48,42,5
940 110006987068,w192382,940 110009538672,2549,No Shade,9,27,25,22,15,28,18,24,27,82,34,35,30,,,,,,,,,
940 110006987068,w192382,940 110009539709,W192166,No Shade,9,13,21,123,34,49,54,32,52,69,61,25,70,80,60,12,50,38,23,55,18,
940 110006987068,w192382,940 110006544091,w192160,No Shade,11,51,53,50,23,39,58,19,57,34,63,33,72,103,112,61,67,47,36,33,39,27
940 110006987068,w192382,940 110012554697,2329,No Shade,8,23,28,42,50,57,16,356,73,47,65,57,47,48,29,79,53,70,19,69,134,24
940 110006987068,w192382,940 110009539914,2604,No Shade,15,32,25,51,55,36,75,59,61,87,86,61,266,43,95,58,50,29,66,44,29,
940 110006987068,w192382,940 110006544309,2423,No Shade,19,57,51,22,24,23,40,73,69,41,53,36,73,32,63,57,76,67,63,80,33,117
940 110006987068,w192382,940 110012565400,W300,No Shade,11,21,14,36,17,18,36,23,34,20,50,59,32,23,,,,,,,,
940 110006987068,w192382,940 110012554430,2530,No Shade,14,39,29,33,21,62,21,29,98,54,34,41,55,35,51,34,110,29,23,48,39,34
940 110006987068,w192382,940 110009538497,2947,No Shade,11,34,42,57,19,214,30,90,49,50,41,74,17,24,44,20,23,28,41,79,11,
940 110006987068,w192382,940 110009538382,O45,No Shade,10,28,35,18,18,14,55,41,37,53,39,86,254,63,52,44,42,58,65,64,,
940 110006987068,w192382,940 110006544980,2981,No Shade,13,16,17,15,16,25,36,25,33,61,67,27,48,44,58,64,53,41,46,34,22,
940 110006987068,w192382,940 110009539504,2716,No Shade,15,23,24,30,11,17,24,18,59,59,31,35,48,35,35,63,39,39,70,10,,
940 110006987068,w192382,940 110012565619,w797,No Shade,9,8,20,36,26,46,38,13,32,187,34,116,23,25,46,49,32,33,24,37,8,
940 110006987068,w192382,940 110009422300,2962,No Shade,7,53,35,31,13,29,27,54,68,32,56,82,33,141,15,63,43,36,48,42,33,8
940 110006987068,w192382,940 110006544403,W1707,No Shade,10,39,18,29,18,17,21,46,33,43,144,54,52,49,55,45,49,49,12,81,12,
940 110006987068,w192382,940 110006543939,W192556,No Shade,15,67,28,52,22,40,37,49,48,68,37,65,91,29,37,33,29,38,20,31,58,2
940 110006987068,w192382,940 110012567496,o21,No Shade,11,36,19,84,48,51,20,49,64,73,56,33,40,48,49,53,24,127,29,27,94,6
940 110006987068,w192382,940 110012554130,w192330,No Shade,14,25,53,19,71,52,25,38,67,52,51,27,18,49,85,40,37,89,24,19,,
940 110006987068,w192382,940 110009423027,2635,No Shade,20,34,35,80,20,143,58,52,59,71,48,71,60,58,50,55,70,68,48,68,58,9
940 110006987068,w192382,940 110009539115,w232,No Shade,8,52,23,38,65,35,41,43,27,54,35,44,39,46,37,22,32,40,29,16,35,39
940 110006987068,w192382,940 110009423180,W1654,No Shade,17,26,56,47,35,34,18,46,283,60,44,38,66,69,63,76,48,75,60,103,11,
940 110006987068,w192382,940 110012553725,2411,No Shade,12,52,40,44,39,39,36,44,58,43,30,37,44,44,53,44,50,62,47,24,81,11
940 110006987068,w192382,940 110009540172,w9561,No Shade,21,74,30,19,12,49,24,22,60,54,93,75,40,51,49,99,71,61,32,38,12,
940 110006987068,w192382,940 110006544786,W9511,No Shade,9,93,31,23,18,54,47,56,49,58,34,37,39,49,43,24,80,31,19,14,28,14
940 110006987068,w192382,940 110012566693,2708,No Shade,12,36,31,40,64,49,26,31,66,41,117,168,63,49,61,72,237,65,71,69,54,7
940 110006987068,w192382,940 110009539447,w9281,No Shade,4,329,59,28,66,30,18,17,49,24,38,79,48,69,61,65,56,75,43,40,69,10
940 110006987068,w192382,940 110006718507,W192313,No Shade,52,23,38,41,20,40,44,64,83,60,70,83,87,66,118,38,39,39,49,132,23,
940 110006987068,w192382,940 110009541144,W9559,No Shade,6,23,52,45,19,18,46,18,30,42,32,23,36,34,17,32,25,46,38,30,84,
940 110006987068,w192382,940 110012565504,2466,No Shade,22,39,42,42,13,121,116,69,81,38,40,53,73,64,46,91,33,47,57,125,80,
940 110006987068,w192382,940 110009423327,3738,No Shade,8,134,45,19,33,55,56,33,48,20,40,24,117,31,32,39,36,45,13,22,16,18
940 110006987068,w192382,940 110009422821,W1673,No Shade,29,36,30,37,13,18,31,15,27,47,27,21,29,29,39,14,34,54,53,37,44,11
940 110006987068,w192382,940 110009539831,2971,No Shade,10,18,39,25,34,26,48,45,46,50,95,54,146,97,63,34,64,27,31,34,31,
940 110006987068,w192382,940 110012564878,w192408,No Shade,8,25,20,60,54,35,27,25,34,53,179,97,46,29,53,26,27,47,52,38,,
940 110006987068,w192382,940 110012553565,3753,No Shade,11,36,50,60,99,25,49,46,32,47,144,103,62,41,24,66,69,77,18,35,31,2
940 110006987068,w192382,940 110009540104,w192057,No Shade,19,28,40,48,27,35,19,84,50,96,79,94,41,21,38,40,76,67,48,14,51,8
940 110006987068,w192382,940 110009538686,2482,No Shade,12,19,32,62,24,24,50,27,78,83,116,28,53,98,47,53,95,86,30,105,72,
940 110006987068,w192382,940 110006720732,2673,No Shade,15,40,43,25,15,29,35,29,40,37,75,35,56,33,40,38,35,40,31,15,38,37
940 110006987068,w192382,940 110012565614,2945,No Shade,18,18,17,40,322,33,43,78,21,61,44,46,62,56,46,50,64,46,44,19,,
940 110006987068,w192382,940 110009539482,W1619,No Shade,10,286,33,31,22,37,46,69,24,78,27,44,46,52,46,48,47,40,30,27,,
940 110006987068,w192382,940 110009423168,Y457,No Shade,5,19,55,37,14,51,23,34,46,64,28,20,30,74,72,261,18,47,30,43,29,
940 110006987068,w192382,940 110009541593,3767,No Shade,17,35,37,51,87,176,68,51,44,113,46,40,63,56,67,54,42,90,32,33,110,12
940 110006987068,w192382,940 110006544321,2597,No Shade,8,49,30,27,17,44,68,26,42,34,149,104,59,24,43,70,24,28,41,46,16,
940 110006987068,w192382,940 110009538666,Y1064,No Shade,20,41,17,16,17,30,36,53,36,142,52,27,16,20,30,11,36,56,12,33,19,1
940 110006987068,w192382,940 110009540194,2930,No Shade,16,27,39,29,18,38,44,33,80,40,69,237,86,52,67,43,32,27,37,29,84,20
940 110006987068,w192382,940 110009539281,w192005,No Shade,18,29,36,27,72,15,28,39,23,28,19,154,58,50,36,32,46,44,20,25,48,13
940 110006987068,w192382,940 110009538618,w192356,No Shade,8,22,8,15,19,16,9,12,85,19,26,4,,3,1,,,,,,,
940 110006987068,w192382,940 110009539841,2548,No Shade,13,33,34,37,20,29,56,212,68,66,39,38,73,34,37,29,34,57,43,30,45,44
940 110006987068,w192382,940 110009539563,w192086,No Shade,14,30,94,39,48,33,73,199,44,45,30,72,27,25,46,37,42,44,56,66,81,
940 110006987068,w192382,940 110006544577,2608,No Shade,5,42,28,27,35,30,22,63,211,71,121,108,115,153,69,53,59,79,41,116,41,26
940 110006987068,w192382,940 110012567577,W993,No Shade,13,29,32,27,27,26,51,32,85,56,101,44,33,61,147,35,31,56,14,62,46,23
940 110006987068,w192382,940 110009540716,2101,No Shade,15,57,37,57,164,58,37,21,34,27,50,75,43,53,51,38,27,53,26,41,286,217
940 110006987068,w192382,940 110012565516,Y1053,No Shade,13,78,25,24,18,30,40,26,53,42,25,40,26,52,26,44,60,45,35,23,66,15
940 110006987068,w192382,940 110009539060,W1612,No Shade,15,35,25,207,21,25,36,18,28,65,32,73,52,39,35,44,38,81,42,,,
940 110006987068,w192382,940 110006720535,w192402,No Shade,17,39,18,19,24,44,73,18,48,27,58,51,97,27,37,35,49,45,40,23,31,5
940 110006987068,w192382,940 110012553572,2528,No Shade,5,45,40,57,56,20,29,75,90,49,44,39,56,27,47,61,51,59,67,82,50,
940 110006987068,w192382,940 110009539817,2540,No Shade,29,45,29,44,17,71,52,48,77,63,132,30,39,64,42,20,40,34,48,32,52,34
940 110006987068,w192382,940 110006545066,9284,No Shade,14,58,39,15,51,68,35,227,157,94,37,24,54,69,78,71,42,46,61,62,37,
940 110006987068,w192382,940 110009540984,W9513,No Shade,25,48,179,51,49,25,42,43,33,90,64,16,43,30,46,48,60,46,27,43,25,9
940 110006987068,w192382,940 110009540097,2707,No Shade,24,23,20,35,18,26,33,281,47,61,36,17,22,47,53,33,22,43,25,17,38,31
940 110006987068,w192382,940 110009538917,2342,No Shade,19,14,23,22,22,6,27,12,30,72,22,20,35,57,14,30,31,26,42,12,51,49
940 110006987068,w192382,940 110009539843,2388,No Shade,8,24,37,44,28,180,109,37,47,49,45,61,72,34,61,38,85,52,50,32,,
940 110006987068,w192382,940 110009422875,2517,No Shade,7,37,47,45,12,42,11,20,26,14,12,17,41,63,52,24,24,23,84,81,21,
940 110006987068,w192382,940 110009423261,3725,No Shade,,,,,,,,4,6,7,17,25,39,16,39,22,45,22,23,46,12,
940 110006987068,w192382,940 110009539369,W841,No Shade,23,85,26,91,22,77,45,78,22,64,112,56,74,67,82,52,75,80,44,103,122,29
940 110006987068,w192382,940 110012554069,W788,No Shade,18,44,60,34,55,37,30,23,125,42,119,26,73,29,33,45,35,25,33,30,46,
940 110006987068,w192382,940 110006545070,2898,No Shade,9,23,52,34,29,28,54,31,39,44,57,75,49,50,57,16,63,88,41,18,19,14
940 110006987068,w192382,940 110012567070,W280,No Shade,6,22,14,24,24,31,23,49,25,52,33,19,62,70,51,56,24,60,42,31,53,
940 110006987068,w192382,940 110012567032,w192236,No Shade,9,29,31,40,33,18,20,31,43,32,72,99,260,42,50,57,55,44,30,32,35,22
940 110006987068,w192382,940 110009423147,W229,No Shade,7,40,28,24,9,33,62,79,25,49,69,54,39,70,43,39,70,58,49,53,96,112
940 110006987068,w192382,940 110009540753,Y422,No Shade,6,13,12,10,47,14,121,10,54,27,29,9,32,21,16,40,28,32,29,6,,
940 110006987068,w192382,940 110006720157,Y1074,No Shade,9,17,50,52,26,30,39,68,43,109,47,39,39,57,64,30,81,47,31,34,44,43
940 110006987068,w192382,940 110006544447,3720,No Shade,4,6,14,12,12,12,33,14,32,46,99,47,34,50,37,41,59,80,74,31,21,35
940 110006987068,w192382,940 110009539352,2677,No Shade,12,16,22,15,14,16,15,15,25,219,30,58,40,59,32,21,43,48,25,27,3,
940 110006987068,w192382,940 110009540139,2695,No Shade,29,39,24,22,5,41,10,16,17,25,16,18,4,33,14,36,21,19,64,16,,
940 110006987068,w192382,940 110009538976,2583,No Shade,26,42,25,43,46,38,46,23,27,66,66,40,16,,,,,,,,,
940 110006987068,w192382,940 110009538609,Y1102,No Shade,25,28,223,40,40,26,73,60,53,34,45,35,65,22,37,17,22,24,41,41,50,21
940 110006987068,w192382,940 110009538631,2618,No Shade,29,103,22,63,92,34,34,39,84,33,71,32,77,48,15,20,29,117,29,19,42,17
940 110006987068,w192382,940 110009538648,2554,No Shade,10,201,36,28,38,46,31,20,42,47,60,35,20,42,52,34,43,36,19,25,65,76
940 110006987068,w192382,940 110006720825,2567,No Shade,8,42,28,67,42,46,25,41,40,49,31,17,70,43,44,93,45,41,25,7,85,
940 110006987068,w192382,940 110012553817,W1771,No Shade,11,23,10,14,44,100,140,26,37,41,54,15,50,49,28,52,26,48,35,136,10,74
940 110006987068,w192382,940 110009540534,W765,No Shade,8,18,12,25,19,31,21,51,54,28,65,80,21,81,71,15,36,23,21,52,101,13
940 110006987068,w192382,940 110009538770,2318,No Shade,6,15,20,20,53,27,38,48,30,24,17,31,29,66,22,11,29,33,60,10,21,16
940 110006987068,w192382,940 110006544551,W192170,No Shade,6,33,27,40,14,15,41,33,39,26,29,23,49,39,41,49,82,30,58,26,1,
940 110006987068,w192382,940 110009538656,w768,No Shade,6,59,55,137,46,40,25,28,1,3,3,2,8,1,,1,10,,,,,
940 110006987068,w192382,940 110009539773,2968,No Shade,9,81,15,60,41,40,61,88,46,34,58,60,38,44,157,64,30,22,22,41,11,
940 110006987068,w192382,940 110009540395,Y452,No Shade,16,17,19,16,17,37,19,27,18,27,16,11,36,22,7,8,14,12,41,17,35,
940 110006987068,w192382,940 110006543882,W293,No Shade,23,15,34,30,209,50,48,28,34,52,42,25,22,90,43,61,46,102,84,66,15,
940 110006987068,w192382,940 110009538595,2672,No Shade,8,22,183,51,44,45,18,36,57,46,18,18,46,72,48,25,47,31,53,58,51,23
940 110006987068,w192382,940 110009541386,W1540,No Shade,5,28,36,19,40,35,48,45,26,55,59,82,46,81,48,29,34,26,35,36,15,
940 110006987068,w192382,940 110009540814,2397,No Shade,6,31,17,34,18,39,13,21,54,69,27,8,25,105,20,19,30,38,27,14,19,9
940 110006987068,w192382,940 110009540871,W192301,No Shade,7,42,42,17,37,52,33,26,56,40,49,37,41,55,45,31,65,30,59,43,25,
940 110006987068,w192382,940 110009539357,W192096,No Shade,13,23,37,17,21,33,33,75,53,18,19,33,36,37,42,25,30,48,39,26,10,19
940 110006987068,w192382,940 110012566859,2536,No Shade,10,26,37,32,59,39,38,49,145,44,147,52,75,46,36,69,61,61,65,41,48,
940 110006987068,w192382,940 110006544371,2625,No Shade,17,24,42,43,46,31,72,88,49,55,50,61,62,66,242,30,39,39,22,29,27,2
940 110006987068,w192382,940 110009540453,3794,No Shade,8,9,24,36,23,35,38,12,35,29,50,84,47,42,23,12,20,28,8,46,,
940 110006987068,w192382,940 110009538339,Y464,No Shade,13,56,31,27,7,37,27,22,21,51,78,59,77,59,52,19,206,90,45,22,1,
940 110006987068,w192382,940 110012553568,2401,No Shade,10,19,19,53,32,40,49,52,40,42,29,58,38,60,147,46,41,29,37,20,30,17
940 110006987068,w192382,940 110009538750,3715,No Shade,11,28,67,76,21,54,56,34,39,92,71,87,83,60,63,20,67,37,33,77,40,5
940 110006987068,w192382,940 110012565654,W9560,No Shade,9,245,25,17,32,27,36,22,18,49,19,84,41,25,50,26,26,72,15,61,15,
940 110006987068,w192382,940 110012553813,2593,No Shade,11,12,12,25,10,19,16,24,38,27,15,3,14,10,3,,,,,,,
940 110006987068,w192382,940 110012554149,W923,No Shade,22,108,37,56,55,56,64,66,77,100,84,91,65,67,61,55,45,67,57,60,,
940 110006987068,w192382,940 110012567013,2965,No Shade,14,20,31,29,45,39,23,65,89,32,32,55,70,40,66,29,46,61,26,34,10,
940 110006987068,w192382,940 110009540426,2463,No Shade,9,22,19,11,12,26,29,28,26,32,29,54,37,23,56,45,39,62,281,29,14,
940 110006987068,w192382,940 110009541497,2680,No Shade,11,23,33,32,67,46,57,34,52,55,47,29,48,60,47,45,35,56,248,16,,
940 110006987068,w192382,940 110009541612,w1741,No Shade,22,18,23,20,9,37,53,20,43,14,22,128,44,20,17,35,24,61,47,14,27,
940 110006987068,w192382,940 110012554102,w1562,No Shade,8,42,49,64,81,59,34,60,24,49,95,242,62,61,41,86,65,41,25,41,32,
940 110006987068,w192382,940 110009539564,o41,No Shade,19,43,27,24,13,22,35,43,40,34,27,39,35,27,23,29,23,53,47,19,6,
940 110006987068,w192382,940 110012567439,3797,No Shade,18,21,45,23,29,73,37,40,35,32,36,50,41,39,78,94,28,34,48,40,136,42
940 110006987068,w192382,940 110006719998,2598,No Shade,22,15,19,20,5,20,8,81,26,26,8,15,39,18,29,9,10,26,28,61,15,6
940 110006987068,w192382,940 110012565646,w1578,No Shade,21,12,87,31,94,45,49,44,42,38,50,37,100,45,70,67,54,29,31,57,204,22
940 110006987068,w192382,940 110009541075,W1552,No Shade,39,41,29,23,30,44,45,23,47,42,46,32,38,56,45,37,69,37,53,88,30,9
940 110006987068,w192382,940 110012567023,2512,No Shade,12,16,38,65,37,24,31,38,63,24,55,161,118,78,85,95,41,89,35,124,37,
940 110006987068,w192382,940 110012566899,Y488,No Shade,7,24,14,24,16,32,23,16,25,41,72,68,61,162,17,28,22,23,23,81,31,18
940 110006987068,w192382,940 110006720451,2584,No Shade,12,22,26,36,17,30,54,32,28,37,49,49,70,64,45,33,50,34,28,23,,
940 110006987068,w192382,940 110012566754,w9283,No Shade,14,12,38,20,39,29,37,48,65,31,83,108,31,20,2,,,,,,,
940 110006987068,w192382,940 110012553844,w192051,No Shade,6,34,35,42,38,65,18,40,94,24,110,78,37,41,64,118,129,31,20,84,48,27
940 110006987068,w192382,940 110012554559,2429,No Shade,9,28,21,40,43,21,37,13,53,31,22,33,25,74,21,41,18,40,55,20,38,13
940 110006987068,w192382,940 110009421856,w192145,No Shade,11,21,27,63,61,28,56,26,49,38,82,138,44,36,37,78,34,46,63,76,69,37
940 110006987068,w192382,940 110009539365,2988,No Shade,2,66,41,42,46,63,42,255,82,16,61,59,59,51,29,39,28,47,40,34,16,4
940 110006987068,w192382,940 110009540821,2542,No Shade,8,75,34,51,27,18,7,8,13,29,38,19,37,21,39,29,39,27,59,15,,
940 110006987068,w192382,940 110009422827,2450,No Shade,7,33,40,38,35,65,48,25,54,31,32,34,59,49,20,22,30,50,40,50,16,
940 110006987068,w192382,940 110006544572,2617,No Shade,11,24,18,26,21,25,60,44,64,35,117,78,47,45,30,46,81,28,56,21,11,30
940 110006987068,w192382,940 110009540303,Y1115,No Shade,5,26,29,32,26,105,52,24,37,68,58,78,33,34,62,65,38,72,50,53,100,26
940 110006987068,w192382,940 110012566852,2896,No Shade,15,24,24,36,33,45,58,46,46,30,53,42,22,41,24,42,77,38,37,36,30,31
940 110006987068,w192382,940 110009539590,2471,No Shade,70,72,33,46,33,42,24,36,21,35,24,55,57,50,66,75,39,27,71,24,139,
940 110006987068,w192382,940 110006543923,2035,No Shade,21,31,33,30,28,47,85,70,56,74,78,61,32,27,30,31,25,38,24,44,24,10
940 110006987068,w192382,940 110012565605,w192212,No Shade,15,18,43,52,77,37,63,37,119,51,76,58,63,28,53,36,50,40,37,106,,
940 110006987068,w192382,940 110009538728,2611,No Shade,10,26,45,29,21,45,26,34,42,62,44,22,122,126,72,63,33,72,69,29,32,
940 110006987068,w192382,940 110009539538,3745,No Shade,39,54,49,19,58,27,32,47,46,50,34,60,45,63,86,65,51,52,41,16,17,
940 110006987068,w192382,940 110006719959,2946,No Shade,15,26,246,61,44,28,36,24,28,50,34,85,46,32,40,58,48,84,38,46,,
940 110006987068,w192382,940 110009538594,2576,No Shade,13,42,40,31,25,34,22,29,51,31,64,28,32,32,61,26,82,395,85,3,,
940 110006987068,w192382,940 110006720550,2525,No Shade,35,12,24,18,23,30,56,27,17,19,45,37,52,44,55,27,62,37,77,19,,
940 110006987068,w192382,940 110006720713,2519,No Shade,14,34,35,31,55,24,31,43,54,42,34,128,44,69,44,30,68,64,52,29,55,
940 110006987068,w192382,940 110009540288,2406,No Shade,25,11,20,18,16,11,37,50,25,40,39,39,13,,,,,,,,,
940 110006987068,w192382,940 110012567072,2952,No Shade,7,19,15,51,30,58,33,55,62,52,33,36,61,44,45,51,61,33,31,22,24,21
940 110006987068,w192382,940 110006544542,3735,No Shade,10,23,40,47,44,69,26,29,69,43,50,41,35,68,45,38,39,51,39,151,55,
940 110006987068,w192382,940 110009539082,3798,No Shade,14,32,53,133,22,28,37,31,35,34,54,42,31,52,108,26,37,48,33,49,,
940 110006987068,w192382,940 110006544245,2929,No Shade,13,85,84,45,18,31,27,47,31,69,26,37,45,23,49,23,43,44,39,39,98,32
940 110006987068,w192382,940 110009539736,y1110,No Shade,11,27,31,37,57,114,87,27,108,56,45,43,113,61,70,66,68,48,56,106,39,94
940 110006987068,w192382,940 110009422306,2415,No Shade,23,20,13,11,19,28,27,36,45,9,19,43,53,40,18,31,17,16,21,23,10,9
940 110006987068,w192382,940 110009422259,2652,No Shade,11,22,36,132,398,37,34,27,49,45,71,66,52,115,49,72,69,51,58,53,11,
940 110006987068,w192382,940 110009538695,W192286,No Shade,15,19,40,28,14,27,54,35,49,68,29,67,64,96,58,30,48,62,77,57,38,
940 110006987068,w192382,940 110009538619,W952,No Shade,14,22,141,25,5,34,21,34,20,16,31,27,54,38,51,50,40,32,40,,,
940 110006987068,w192382,940 110009422194,2405,No Shade,13,30,32,29,30,52,58,25,99,59,116,22,36,34,61,36,39,55,43,61,,
940 110006987068,w192382,940 110009540560,W192436,No Shade,19,24,19,41,31,63,123,56,48,25,35,116,37,45,34,26,38,51,47,17,9,
940 110006987068,w192382,940 110009540428,W1698,No Shade,10,24,21,25,26,38,59,36,50,82,19,59,2,7,7,10,8,31,9,5,,
940 110006987068,w192382,940 110012566439,2475,No Shade,4,48,230,22,63,20,21,49,29,37,108,48,17,40,22,22,23,41,18,62,90,38
940 110006987068,w192382,940 110006543874,Y499,No Shade,30,29,39,43,45,45,40,36,65,43,62,33,36,36,68,41,43,49,61,13,,
940 110006987068,w192382,940 110006544250,Y1018,No Shade,20,20,17,6,,,,1,12,7,16,54,36,52,46,44,57,41,41,52,1,
940 110006987068,w192382,940 110009541648,2664,No Shade,11,44,32,43,44,54,36,19,36,121,82,58,50,35,35,26,55,65,63,31,47,7
940 110006987068,w192382,940 110009541057,w192346,No Shade,8,44,18,25,8,161,34,20,27,19,51,89,22,32,60,31,49,37,30,40,33,
940 110006987068,w192382,940 110009538428,3721,No Shade,26,34,35,86,32,42,73,80,75,74,74,58,53,56,46,77,53,51,37,42,37,37
940 110006987068,w192382,940 110012567361,2577,No Shade,11,32,89,66,19,22,34,52,30,66,21,26,13,,,,,,,,,
940 110006987068,w192382,940 110012554703,2632,No Shade,16,87,32,28,43,55,47,77,52,24,79,18,205,1,,,,,,,,
940 110006987068,w192382,940 110012554665,2937,No Shade,16,39,29,63,103,48,38,38,113,44,59,21,64,47,67,39,47,36,66,72,7,
940 110006987068,w192382,940 110006719427,2339,No Shade,22,38,56,62,52,73,43,45,56,42,102,58,38,80,72,131,78,94,48,124,86,11
940 110006987068,w192382,940 110009541333,w192437,No Shade,15,37,56,57,28,19,36,49,42,32,46,43,51,49,42,23,28,44,34,33,22,3
940 110006987068,w192382,940 110009530573,W1754,No Shade,13,10,63,37,25,40,88,39,37,49,20,5,13,2,3,,,,,,,
940 110006987068,w192382,940 110012554759,W1609,No Shade,41,39,51,49,70,18,36,42,31,45,44,49,19,44,23,23,136,22,19,23,2,
940 110006987068,w192382,940 110012566374,2532,No Shade,13,17,25,36,31,53,39,61,33,41,73,61,25,97,177,61,53,86,28,70,12,
940 110006987068,w192382,940 110009423076,2967,No Shade,22,39,38,28,21,58,32,28,38,56,45,79,103,62,33,50,70,28,116,22,21,
940 110006987068,w192382,940 110009539735,2570,No Shade,8,48,90,21,28,14,24,30,49,39,40,33,71,72,51,43,36,53,55,,,
940 110006987068,w192382,940 110009538608,2954,No Shade,17,89,25,41,29,118,333,17,31,49,47,39,91,52,38,40,54,24,40,55,,
940 110006987068,w192382,940 110009538759,2481,No Shade,8,18,17,34,15,26,31,34,148,69,100,50,51,21,54,35,39,47,51,73,28,
940 110006987068,w192382,940 110009422169,W1683,No Shade,1,54,15,13,6,15,14,20,25,34,34,32,27,2,11,,,,,,,
940 110006987068,w192382,940 110012567583,Y465,No Shade,6,21,22,35,38,62,35,30,71,59,90,40,58,130,89,43,48,79,44,49,2,
940 110006987068,w192382,940 110006544076,3770,No Shade,12,42,53,33,23,25,57,36,109,123,43,37,33,53,88,55,75,35,27,33,8,
940 110006987068,w192382,940 110009540904,2504,No Shade,28,10,184,31,17,16,24,14,37,33,24,36,50,49,35,26,20,31,39,25,,
940 110006987068,w192382,940 110009540316,3749,No Shade,33,92,61,55,25,56,31,38,34,60,56,45,108,46,77,74,79,69,61,92,17,
940 110006987068,w192382,940 110006544437,W192094,No Shade,12,27,28,16,35,26,19,16,40,51,33,88,39,29,33,24,44,45,60,22,,
940 110006987068,w192382,940 110012565638,2341,No Shade,21,27,50,14,49,29,35,43,185,87,15,22,45,44,53,104,35,67,36,28,57,
940 110006987068,w192382,940 110012554855,W934,No Shade,14,22,36,36,42,20,31,63,46,56,59,34,102,36,46,24,37,29,29,16,,
940 110006987068,w192382,940 110012554100,w192014,No Shade,8,3,17,35,284,59,22,31,48,24,20,38,25,60,36,63,54,60,87,99,8,
940 110006987068,w192382,940 110009541579,w192325,No Shade,7,48,34,32,82,56,49,49,44,28,27,30,,,,,,,,,,
940 110006987068,w192382,940 110012565591,2491,No Shade,21,20,30,77,14,24,46,24,32,32,43,74,53,39,13,75,179,49,55,24,17,
940 110006987068,w192382,940 110009423267,2600,No Shade,6,17,96,46,15,18,29,29,40,54,21,25,44,58,24,23,42,18,34,31,3,
940 110006987068,w192382,940 110009541499,w192256,No Shade,16,15,27,41,159,23,60,24,28,32,18,34,6,,,,,,,,,
940 110006987068,w192382,940 110009538450,2486,No Shade,15,28,12,261,97,61,40,48,37,44,20,27,59,45,57,49,35,73,25,68,39,
940 110006987068,w192382,940 110009541605,2687,No Shade,7,55,55,40,36,48,15,173,34,66,56,82,48,50,35,63,24,49,32,101,22,
940 110006987068,w192382,940 110009539789,W192223,No Shade,34,24,70,67,21,49,32,37,33,69,59,34,79,87,40,49,54,44,41,59,63,
940 110006987068,w192382,940 110009539851,3759,No Shade,21,64,63,47,18,13,61,57,31,53,77,5,2,12,3,,,,,,,
940 110006987068,w192382,940 110009421841,2582,No Shade,17,68,26,55,46,46,48,44,64,37,59,38,48,68,120,84,70,54,34,21,,
940 110006987068,w192382,940 110006720785,2710,No Shade,19,39,44,64,31,89,67,109,73,69,81,29,54,115,116,74,88,114,64,170,61,
940 110006987068,w192382,940 110012554680,w192579,No Shade,17,51,34,19,45,35,19,18,53,48,87,53,54,47,52,40,55,35,26,33,2,
940 110006987068,w192382,940 110012554293,2949,No Shade,,,,,,,,10,4,5,35,33,28,67,26,59,52,46,30,19,,
940 110006987068,w192382,940 110009541227,W1695,No Shade,19,12,42,27,35,49,57,167,36,28,55,77,36,24,98,54,41,60,88,25,18,
940 110006987068,w192382,940 110009540648,W192004,No Shade,17,30,19,27,44,24,47,22,127,30,73,16,,,,,,,,,,
940 110006987068,w192382,940 110012554841,w192108,No Shade,14,24,21,25,44,36,24,17,50,56,74,62,28,31,44,60,50,48,31,38,40,
940 110006987068,w192382,940 110012566524,W192361,No Shade,5,11,28,84,32,39,34,50,33,31,48,19,41,54,28,105,63,32,15,64,22,
940 110006987068,w192382,940 110009538791,2321,No Shade,13,35,35,7,9,16,26,17,15,27,24,16,43,17,21,37,53,82,33,25,1,
940 110006987068,w192382,940 110012565593,2565,No Shade,25,23,47,17,29,23,46,82,203,90,70,34,19,32,50,20,44,37,76,29,20,
940 110006987068,w192382,940 110009539903,w192523,No Shade,11,54,20,27,10,24,56,33,63,54,44,31,91,39,45,29,20,34,45,31,20,
940 110006987068,w192382,940 110009422824,O77,No Shade,15,38,31,34,37,42,55,38,91,54,44,76,45,66,87,35,45,92,76,244,146,
940 110006987068,w192382,940 110006543809,2616,No Shade,3,36,28,27,37,22,63,279,20,69,57,34,61,34,22,35,41,72,17,19,38,
940 110006987068,w192382,940 110009538938,2999,No Shade,10,50,15,79,23,31,44,22,110,197,24,52,17,29,42,61,14,36,21,50,29,
940 110006987068,w192382,940 110009540226,W766,No Shade,11,20,17,25,21,14,25,25,19,42,31,7,7,12,2,,,,,,,
940 110006987068,w192382,940 110009540610,2891,No Shade,19,38,26,41,9,32,32,47,36,206,31,73,51,37,42,21,36,34,27,15,,
940 110006987068,w192382,940 110006719384,2557,No Shade,18,48,40,40,38,35,32,8,43,44,37,35,77,34,70,22,57,39,30,39,24,
940 110006987068,w192382,940 110009541616,3761,No Shade,17,46,20,41,23,48,59,48,25,60,89,152,23,45,44,46,75,57,45,31,2,
940 110006987068,w192382,940 110009541085,2365,No Shade,23,29,12,21,66,49,76,18,40,45,17,65,28,244,23,25,23,50,34,5,,
940 110006987068,w192382,940 110009541010,W1751,No Shade,13,26,34,55,57,25,29,23,65,62,37,40,29,63,28,91,39,60,43,22,,
940 110006987068,w192382,940 110009541538,2514,No Shade,10,20,31,30,19,42,66,75,179,43,41,21,45,97,62,33,34,36,55,40,82,
940 110006987068,w192382,940 110006543850,w1559,No Shade,56,118,46,23,42,35,31,38,39,43,73,90,49,37,81,35,57,27,51,66,10,
940 110006987068,w192382,940 110009538716,2527,No Shade,8,45,69,27,20,21,41,32,36,33,26,5,9,22,6,,,,,,,
940 110006987068,w192382,940 110012567575,2575,No Shade,8,22,46,36,39,43,23,57,42,75,164,92,74,43,35,91,76,58,20,29,,
940 110007958008,2535,940 110009538634,W782,Medium Shade,11,73,95,13,57,20,25,34,45,37,25,53,81,29,23,39,16,13,32,35,8,
940 110007958008,2535,940 110009538667,w785,Medium Shade,11,29,28,21,43,75,48,40,73,32,36,35,45,51,41,41,109,7,23,,,
940 110007958008,2535,940 110009539788,2403,Medium Shade,20,30,51,41,34,39,26,21,55,30,41,40,35,16,,,,,,,,
940 110007958008,2535,940 110009541611,w978,Medium Shade,13,22,23,30,31,68,31,59,37,69,42,47,35,38,29,45,98,134,56,44,100,5
940 110007958008,2535,940 110006719983,2631,Medium Shade,9,54,44,28,38,34,17,29,34,87,47,39,38,73,46,29,57,37,65,41,58,
940 110007958008,2535,940 110012567383,w192087,Medium Shade,18,21,55,30,64,24,28,91,51,32,54,117,135,173,28,53,71,52,27,27,37,
940 110007958008,2535,940 110006544568,2927,Medium Shade,10,26,20,59,39,61,29,46,26,45,89,44,40,47,19,23,138,45,35,19,,
940 110007958008,2535,940 110012554464,w192258,Medium Shade,3,146,22,24,63,42,21,27,39,51,44,23,41,46,41,27,33,41,25,33,57,5
940 110007958008,2535,940 110012568163,2602,Medium Shade,17,24,29,47,36,36,22,44,54,64,45,43,42,50,51,36,70,85,55,99,31,9
940 110007958008,2535,940 110012568175,w226,Medium Shade,12,16,36,20,37,27,38,34,35,77,38,56,26,79,44,55,20,18,37,62,12,
940 110007958008,2535,940 110019088899,3712,Medium Shade,13,34,38,62,43,47,30,34,37,37,34,125,37,82,47,48,55,33,43,43,69,10
940 110007958008,2535,940 110009541106,w9334,Medium Shade,16,59,51,19,36,61,49,40,41,61,59,62,179,58,50,52,30,37,53,120,82,19
940 110007958008,2535,940 110012567433,w800,Medium Shade,8,35,37,37,34,18,18,51,35,25,97,61,24,34,33,29,17,126,30,87,186,12
940 110007958008,2535,940 110009539284,3791,Medium Shade,13,42,37,17,21,37,27,31,40,45,53,62,47,25,35,30,16,20,69,90,62,10
940 110007958008,2535,940 110009540382,w723,Medium Shade,5,53,18,28,59,60,44,50,53,28,59,34,41,66,31,28,9,20,90,54,106,1
940 110007958008,2535,940 110009530580,w192591,Medium Shade,15,57,28,23,26,40,69,31,55,28,44,41,87,96,31,50,25,44,35,21,63,8
940 110007958008,2535,940 110009422295,2357,Medium Shade,9,19,136,180,25,42,17,35,52,37,65,58,60,23,40,34,61,30,23,39,117,
940 110007958008,2535,940 110012568242,w1756,Medium Shade,22,36,76,31,44,77,32,37,52,57,57,74,59,58,81,220,25,48,39,73,116,1
940 110007958008,2535,940 110009540242,W253,Medium Shade,22,40,27,10,23,42,44,38,37,14,27,24,27,,,,,,,,,
940 110007958008,2535,940 110006544070,w192371,Medium Shade,10,33,64,58,34,53,35,44,50,49,69,31,74,46,86,43,15,32,24,80,93,19
940 110007958008,2535,940 110012567777,y455,Medium Shade,13,29,56,32,31,38,66,61,39,56,48,40,39,23,38,58,15,45,43,54,71,5
940 110007958008,2535,940 110006544498,w192394,Medium Shade,18,19,28,29,32,52,52,20,26,34,35,50,53,26,29,43,30,23,93,33,62,11
940 110007958008,2535,940 110009538378,Y458,Medium Shade,12,26,44,45,32,50,17,22,48,26,37,44,73,67,78,32,25,44,29,37,,
940 110007958008,2535,940 110009540324,w192050,Medium Shade,5,17,48,28,95,65,31,93,44,37,29,66,59,50,45,24,72,62,48,99,87,5
940 110007958008,2535,940 110009423311,2513,Medium Shade,7,53,58,16,31,50,57,63,61,62,46,41,44,53,33,16,39,29,26,50,62,2
940 110007958008,2535,940 110006718504,w192366,Medium Shade,4,36,30,30,38,18,11,22,47,32,34,39,37,29,48,45,29,46,45,43,44,7
940 110007958008,2535,940 110009541620,2393,Medium Shade,11,32,50,91,53,77,55,78,47,30,24,42,35,26,25,22,257,20,38,69,92,
940 110007958008,2535,940 110012566812,2970,Medium Shade,18,51,50,28,51,48,49,46,61,47,63,57,144,52,69,25,26,59,30,54,51,
940 110007958008,2535,940 110009541422,w192388,Medium Shade,3,83,28,77,42,40,100,44,55,98,38,54,39,48,24,20,40,16,34,77,116,8
940 110007958008,2535,940 110009539901,2960,Medium Shade,3,23,19,52,52,28,36,59,38,74,33,26,55,65,79,92,28,33,75,82,33,9
940 110007958008,2535,940 110012568279,w192503,Medium Shade,15,23,26,61,23,28,75,60,35,40,52,30,44,44,46,25,23,276,55,67,25,6
940 110007958008,2535,940 110012566508,w9279,Medium Shade,11,26,19,25,29,28,35,55,42,65,18,59,33,45,65,29,32,12,19,50,1,
940 110007958008,2535,940 110006718521,2689,Medium Shade,8,38,29,20,80,68,32,42,47,81,47,146,21,51,83,78,30,38,55,84,41,9
940 110007958008,2535,940 110009539462,w1669,Medium Shade,11,36,22,47,56,54,34,80,108,118,32,30,40,61,34,25,24,60,38,29,98,3
940 110007958008,2535,940 110006544432,w192202,Medium Shade,8,55,25,60,81,48,54,64,69,28,44,48,28,34,52,38,101,54,46,143,49,
940 110007958008,2535,940 110009539528,2591,Medium Shade,12,25,31,36,35,46,39,53,155,51,44,39,78,31,56,32,50,35,24,33,171,9
940 110007958008,2535,940 110009538600,w192180,Medium Shade,10,17,32,45,51,23,33,48,40,20,28,44,28,,,,,,,,,
940 110007958008,2535,940 110012553723,W1585,Medium Shade,8,12,18,41,27,51,19,33,33,83,399,76,80,53,42,85,26,37,44,88,143,
940 110007958008,2535,940 110006544262,3748,Medium Shade,7,27,49,39,34,29,35,29,77,57,50,31,39,60,21,19,37,29,38,44,81,7
940 110007958008,2535,940 110009420489,w192163,Medium Shade,1,5,23,6,18,16,19,37,21,62,23,36,54,20,48,36,165,36,25,196,73,9
940 110007958008,2535,940 110009423033,o22,Medium Shade,6,17,35,29,13,29,38,23,28,13,70,126,15,46,60,40,63,17,75,45,9,
940 110007958008,2535,940 110009539959,2407,Medium Shade,7,20,18,68,32,20,17,43,45,18,45,77,72,21,38,23,27,68,38,63,69,7
940 110007958008,2535,940 110009538323,3751,Medium Shade,3,29,25,24,35,54,26,75,49,103,71,38,54,32,37,58,70,40,69,38,70,10
940 110007958008,2535,940 110012567369,w192576,Medium Shade,7,61,52,33,50,37,33,34,26,75,34,17,9,11,7,,,,,,,
940 110007958008,2535,940 110009538626,w9276,Medium Shade,2,31,36,15,40,28,99,27,65,84,64,118,63,85,23,24,48,31,41,29,92,9
940 110007958008,2535,940 110012565445,W1538,Medium Shade,5,37,48,74,56,37,39,17,29,31,49,39,44,31,22,21,123,44,20,48,76,13
940 110007958008,2535,940 110012566817,o38,Medium Shade,8,30,43,29,58,61,58,60,76,40,66,28,46,71,61,64,13,25,45,50,,
940 110007958008,2535,940 110009540843,w192055,Medium Shade,5,36,25,70,28,23,39,54,37,39,39,44,67,53,34,41,23,35,46,68,7,
940 110007958008,2535,940 110009541060,3727,Medium Shade,14,27,59,33,42,47,42,44,70,45,43,79,195,53,52,24,36,52,39,91,,
940 110007958008,2535,940 110009540824,w192083,Medium Shade,5,12,23,22,56,31,37,38,45,28,31,47,36,27,22,38,21,15,32,45,76,4
940 110007958008,2535,940 110009540065,2497,Medium Shade,7,29,33,42,53,47,44,34,19,56,54,53,60,37,59,26,20,87,63,98,65,8
940 110007958008,2535,940 110012554582,w937,Medium Shade,8,21,23,30,35,24,52,28,49,78,47,43,43,27,30,28,49,47,53,74,54,11
940 110007958008,2535,940 110009540482,2671,Medium Shade,12,33,35,37,41,50,62,45,67,84,86,89,73,84,67,93,26,39,38,80,4,
940 110007958008,2535,940 110009541329,w192204,Medium Shade,4,36,39,40,71,50,44,37,22,23,57,158,63,88,38,44,45,37,13,121,78,
940 110007958008,2535,940 110009538678,2944,Medium Shade,5,28,35,26,49,41,41,55,54,23,24,5,22,18,4,,,,,,,
940 110007958008,2535,940 110009422162,2034,Medium Shade,9,20,53,36,38,23,103,65,49,30,47,56,26,39,48,34,28,27,34,44,32,
940 110007958008,2535,940 110009539049,w192373,Medium Shade,7,48,22,24,39,29,22,44,22,54,29,37,53,47,30,37,21,93,20,30,111,
940 110007958008,2535,940 110009540544,2458,Medium Shade,8,36,83,58,36,53,38,39,72,25,31,41,50,55,38,22,15,23,82,107,173,18
940 110007958008,2535,940 110006544041,2404,Medium Shade,9,39,29,28,26,26,29,33,49,81,62,29,65,26,38,60,10,41,34,42,54,9
940 110007958008,2535,940 110006544242,2573,Medium Shade,11,33,31,15,30,42,17,44,23,58,34,37,44,13,45,17,22,22,98,39,82,3
940 110007958008,2535,940 110009541128,w192549,Medium Shade,13,19,22,58,25,51,23,38,40,36,61,35,86,73,29,80,40,64,41,80,57,
940 110007958008,2535,940 110009540715,2444,Medium Shade,2,141,110,33,30,22,20,42,38,31,45,37,53,53,43,35,56,32,33,112,90,10
940 110007958008,2535,940 110009540105,2489,Medium Shade,97,32,42,26,30,53,65,69,60,27,15,111,76,44,38,44,13,72,55,71,47,
940 110007958008,2535,940 110006544363,w1539,Medium Shade,11,56,20,43,36,36,95,26,36,14,37,33,31,69,51,42,45,59,33,89,60,
940 110007958008,2535,940 110006720054,w967,Medium Shade,61,33,56,25,55,15,116,51,81,16,49,50,85,45,35,29,31,56,62,68,94,5
940 110007958008,2535,940 110009541005,y430,Medium Shade,8,28,35,15,28,29,120,27,84,54,40,31,44,44,77,31,27,68,28,40,82,9
940 110007958008,2535,940 110009540342,w1531,Medium Shade,11,21,31,43,51,28,65,78,45,38,24,72,82,86,55,65,26,33,78,51,139,10
940 110007958008,2535,940 110009539591,2309,Medium Shade,8,31,29,15,17,14,34,50,38,21,30,51,49,37,29,22,34,43,38,50,32,3
940 110007958008,2535,940 110009422264,2719,Medium Shade,7,18,38,34,32,24,29,45,22,21,23,71,82,34,39,32,82,39,53,31,50,
940 110007958008,2535,940 110009541056,y469,Medium Shade,12,20,224,21,44,34,20,83,42,23,70,47,36,42,15,29,28,8,35,61,12,
940 110007958008,2535,940 110009538579,w1680,Medium Shade,22,31,41,24,19,51,16,24,42,43,88,88,34,44,50,67,38,18,22,31,,
940 110007958008,2535,940 110012566856,2621,Medium Shade,13,22,44,35,31,37,53,39,69,56,41,75,73,31,101,74,22,80,75,76,59,5
940 110007958008,2535,940 110009540683,2571,Medium Shade,5,22,41,24,32,30,15,351,21,69,20,56,55,37,43,41,37,46,35,64,42,19
940 110007958008,2535,940 110009539496,w192374,Medium Shade,20,19,32,29,30,21,63,52,36,89,62,41,108,30,35,20,28,36,30,47,36,6
940 110007958008,2535,940 110006543940,2350,Medium Shade,6,28,39,60,41,29,29,80,38,13,62,113,98,22,44,13,67,60,20,98,72,17
940 110007958008,2535,940 110006544207,2979,Medium Shade,16,36,34,40,27,25,28,37,23,130,37,25,44,73,25,15,29,13,39,54,22,
940 110007958008,2535,940 110012567879,w9332,Medium Shade,65,5,,,,,,3,9,9,18,31,21,32,34,29,45,40,27,23,58,4
940 110007958008,2535,940 110012553690,w9537,Medium Shade,18,34,21,45,47,53,55,46,36,24,54,35,40,39,44,16,101,24,63,35,43,7
940 110007958008,2535,940 110012565616,2894,Medium Shade,16,21,21,15,11,,,7,6,8,18,15,18,25,48,20,29,64,96,116,44,5
940 110007958008,2535,940 110006544998,2507,Medium Shade,32,72,26,38,42,30,31,30,57,64,40,33,36,24,26,52,28,77,45,12,,
940 110007958008,2535,940 110009539436,3764,Medium Shade,19,17,45,30,47,55,33,32,101,34,18,78,47,75,52,59,7,21,41,76,72,11
940 110007958008,2535,940 110006544862,2628,Medium Shade,2,28,28,29,52,19,28,77,28,39,48,69,44,46,51,50,66,46,33,37,60,3
940 110007958008,2535,940 110009539531,w1745,Medium Shade,10,106,22,20,38,21,18,68,17,30,63,25,29,121,103,39,39,75,38,121,164,11
940 110007958008,2535,940 110012565603,2942,Medium Shade,30,41,40,20,23,39,37,31,65,14,33,28,36,68,57,12,18,66,20,42,40,
940 110007958008,2535,940 110009540230,w1648,Medium Shade,5,31,32,21,11,49,31,48,29,98,86,31,44,88,68,53,24,28,54,47,65,12
940 110007958008,2535,940 110009540965,2355,Medium Shade,42,43,29,16,67,29,21,12,71,66,36,76,47,61,70,17,30,23,40,60,73,6
940 110007958008,2535,940 110009541058,2019,Medium Shade,10,16,91,40,56,35,43,20,76,25,47,32,19,50,65,47,36,22,38,131,47,4
940 110007958008,2535,940 110009541417,2367,Medium Shade,10,14,14,24,37,24,29,64,180,24,32,31,82,37,42,35,54,40,29,32,65,6
940 110007958008,2535,940 110012566552,2022,Medium Shade,24,20,29,90,30,35,26,34,91,60,164,47,40,51,64,55,50,29,43,84,90,6
940 110007958008,2535,940 110006544692,w192595,Medium Shade,15,22,23,25,66,32,18,39,47,53,18,41,36,25,24,17,33,36,73,37,58,5
940 110007958008,2535,940 110009422214,y449,Medium Shade,9,21,68,34,27,67,42,57,45,31,27,28,45,36,52,41,42,28,52,39,53,10
940 110007958008,2535,940 110009540034,y1056,Medium Shade,9,13,40,13,34,42,29,20,42,99,53,39,53,75,50,49,19,43,67,37,67,
940 110007958008,2535,940 110012567199,w192246,Medium Shade,20,42,19,20,4,,,3,7,20,35,46,28,30,51,35,33,22,51,58,36,3
940 110007958008,2535,940 110009539438,3755,Medium Shade,6,38,27,12,10,55,33,50,158,58,34,23,19,23,17,27,49,6,25,21,46,16
940 110007958008,2535,940 110012566861,w192575,Medium Shade,13,19,25,23,29,47,47,34,48,46,47,48,40,54,37,19,20,26,33,27,83,6
940 110007958008,2535,940 110012565625,y429,Medium Shade,14,28,35,13,19,32,13,30,36,59,80,30,48,59,45,27,167,91,41,85,45,5
940 110007958008,2535,940 110009423305,2400,Medium Shade,14,79,24,33,58,56,47,35,45,62,59,32,31,54,77,39,37,42,103,43,105,6
940 110007958008,2535,940 110006544303,w192569,Medium Shade,8,34,20,17,32,62,39,63,75,35,34,12,6,9,6,,,,,,,
940 110007958008,2535,940 110006544003,w192226,Medium Shade,9,14,65,35,69,70,60,74,55,77,70,57,32,33,54,25,21,49,71,140,151,
940 110007958008,2535,940 110009541492,2574,Medium Shade,3,30,22,90,63,34,29,45,56,21,34,21,55,37,34,16,19,33,60,62,66,10
940 110007958008,2535,940 110009539521,2594,Medium Shade,8,16,25,16,24,19,15,50,41,28,74,53,64,72,13,31,127,18,54,110,101,
940 110007958008,2535,940 110009540569,w192584,Medium Shade,7,85,62,17,65,61,19,37,31,98,33,54,49,48,61,26,48,41,57,35,57,
940 110007958008,2535,940 110006718499,2950,Medium Shade,16,75,46,40,26,39,57,42,68,34,56,84,72,74,25,39,42,20,37,40,48,4
940 110007958008,2535,940 110009539428,2386,Medium Shade,7,22,24,15,32,45,62,35,58,85,113,29,38,58,81,34,15,30,40,113,74,3
940 110007958008,2535,940 110006544465,w9330,Medium Shade,21,32,36,27,70,33,42,67,74,88,57,38,82,53,48,48,13,47,30,90,43,15
940 110007958008,2535,940 110009540741,2015,Medium Shade,22,40,41,22,59,39,25,27,36,37,33,49,42,54,51,43,56,100,46,45,91,7
940 110007958008,2535,940 110009539931,2521,Medium Shade,4,36,41,37,71,28,54,32,28,93,40,48,48,39,36,21,13,40,48,66,20,
940 110007958008,2535,940 110009541583,2448,Medium Shade,10,28,41,36,42,46,39,51,42,31,61,31,58,40,43,28,39,15,40,38,178,9
940 110007958008,2535,940 110012567356,w9536,Medium Shade,25,63,24,35,25,69,54,38,54,66,47,52,65,104,61,43,13,49,16,54,56,
940 110007958008,2535,940 110009541581,2030,Medium Shade,11,22,34,41,70,55,39,66,56,69,44,48,55,37,40,29,32,59,31,68,66,3
940 110007958008,2535,940 110009538342,2718,Medium Shade,12,45,59,11,66,102,35,22,42,34,36,26,32,47,40,52,39,68,103,75,33,
940 110007958008,2535,940 110012567096,2899,Medium Shade,4,33,27,58,51,21,43,35,27,39,17,4,4,13,1,,,,,,,
940 110007958008,2535,940 110009539763,w192002,Medium Shade,5,44,65,19,54,40,38,37,20,36,23,43,11,41,24,17,23,13,36,38,36,5
940 110007958008,2535,940 110009540164,2038,Medium Shade,7,30,27,28,35,44,44,47,32,90,38,80,49,49,61,42,37,35,67,67,12,
940 110007958008,2535,940 110009540872,w192372,Medium Shade,14,23,27,19,39,40,44,29,42,38,33,138,40,73,55,21,20,49,30,40,49,
940 110007958008,2535,940 110009540051,2959,Medium Shade,13,28,24,69,33,54,79,98,59,90,66,79,30,36,32,63,22,22,29,84,85,7
940 110007958008,2535,940 110009423289,w1775,Medium Shade,5,32,30,16,13,35,39,34,59,57,29,19,35,56,43,75,30,54,27,48,22,
940 110007958008,2535,940 110012567889,2336,Medium Shade,9,38,24,25,27,38,147,37,22,23,49,66,47,36,44,40,24,23,42,40,32,
940 110007958008,2535,940 110012567670,3758,Medium Shade,8,15,5,13,19,47,28,25,39,24,48,72,35,36,41,65,22,29,31,27,113,13
940 110007958008,2535,940 110006720205,2648,Medium Shade,20,36,17,46,35,19,42,50,28,16,49,83,136,85,30,71,46,18,44,,,
940 110007958008,2535,940 110009540938,2385,Medium Shade,12,92,40,45,39,36,36,42,43,36,61,64,93,56,34,57,98,34,43,48,72,6
940 110007958008,2535,940 110006544555,w275,Medium Shade,6,38,28,41,56,27,37,45,53,33,27,32,61,31,55,38,43,35,102,141,,
940 110007958008,2535,940 110009538820,w192186,Medium Shade,17,41,44,27,29,35,35,24,36,34,69,38,65,116,58,26,14,17,17,98,74,3
940 110007958008,2535,940 110009541300,3757,Medium Shade,14,58,39,221,133,23,46,26,57,16,65,36,15,30,23,59,24,48,33,56,68,10
940 110007958008,2535,940 110006544411,w192123,Medium Shade,7,38,28,26,27,41,38,31,60,76,90,26,20,52,42,23,36,23,62,67,55,2
940 110007958008,2535,940 110009541500,w192385,Medium Shade,7,132,36,27,46,31,65,74,34,63,40,34,52,58,26,31,38,28,28,23,43,4
940 110007958008,2535,940 110009541309,w784,Medium Shade,23,39,19,10,80,28,36,34,32,100,26,35,37,30,35,38,30,134,48,42,56,8
940 110007958008,2535,940 110012554604,2666,Medium Shade,3,30,27,77,22,37,48,40,44,62,39,122,44,47,34,62,49,28,32,72,39,
940 110007958008,2535,940 110006718460,2347,Medium Shade,8,21,34,32,37,47,99,43,62,71,42,47,29,39,28,41,20,52,47,202,128,3
940 110007958008,2535,940 110009539845,w192320,Medium Shade,30,46,44,20,85,26,31,17,69,55,54,44,36,44,30,13,21,23,18,28,30,2
940 110007958008,2535,940 110009540573,2931,Medium Shade,9,61,21,27,28,31,42,19,32,43,35,46,49,35,27,22,40,36,26,44,40,5
940 110007958008,2535,940 110012567780,y443,Medium Shade,12,22,40,31,34,29,37,64,54,64,41,53,29,47,60,77,32,56,38,56,56,4
940 110007958008,2535,951 000016128364,w192488,Medium Shade,7,26,30,29,20,39,26,36,27,38,35,37,31,34,44,23,58,26,52,64,9,
940 110007958008,2535,940 110012553681,2434,Medium Shade,6,16,54,24,43,33,34,28,30,28,18,81,52,55,30,70,119,51,22,98,51,8
940 110007958008,2535,940 110009540276,2941,Medium Shade,35,46,33,91,33,35,38,27,40,10,17,58,36,58,44,30,15,44,25,41,24,3
940 110007958008,2535,940 110012567015,w781,Medium Shade,16,23,33,28,42,56,29,35,55,47,39,38,19,64,52,31,58,81,64,28,74,
940 110007958008,2535,940 110009539776,w987,Medium Shade,8,22,81,48,26,28,18,35,48,228,49,45,27,25,42,16,30,36,61,80,76,12
940 110007958008,2535,940 110009538703,2345,Medium Shade,3,47,78,33,29,44,32,50,23,90,91,64,44,40,14,59,40,62,44,65,36,
940 110007958008,2535,940 110009538657,w192255,Medium Shade,7,29,15,18,43,44,31,14,72,36,43,27,40,32,51,98,23,56,45,65,102,17
940 110007958008,2535,940 110009422305,2370,Medium Shade,9,19,26,27,39,46,43,27,23,35,37,47,19,67,40,27,85,61,57,42,105,3
940 110007958008,2535,940 110009538658,w192551,Medium Shade,6,35,51,12,59,37,22,37,50,107,63,26,20,48,37,9,19,88,23,52,34,4
940 110007958008,2535,940 110006544830,w192386,Medium Shade,7,24,61,22,50,24,73,33,66,27,44,59,42,41,37,87,18,60,27,55,30,
940 110007958008,2535,940 110012567432,w192215,Medium Shade,8,23,55,52,56,63,49,43,41,59,36,43,159,52,64,42,30,101,30,60,63,
940 110007958008,2535,940 110009423264,2451,Medium Shade,12,46,69,55,25,29,37,34,36,22,30,32,15,31,61,17,46,25,63,120,16,
940 110007958008,2535,940 110012553990,w796,Medium Shade,10,20,25,20,32,29,42,44,38,57,40,36,30,30,22,29,28,13,40,66,59,
940 110007958008,2535,940 110012565629,w1772,Medium Shade,11,21,31,108,49,36,36,32,52,26,46,43,40,68,42,29,37,70,45,32,86,
940 110007958008,2535,940 110009539512,w192548,Medium Shade,11,58,48,24,63,39,25,55,55,57,26,57,77,39,43,44,26,17,23,64,72,4
940 110007958008,2535,940 110009541019,2503,Medium Shade,3,35,46,54,51,39,37,52,32,25,98,71,51,32,32,29,39,69,66,50,56,
940 110007958008,2535,940 110006543952,w192381,Medium Shade,8,31,56,49,55,78,52,51,74,78,74,48,85,38,65,60,35,37,42,72,76,9
940 110007958008,2535,940 110012553583,w775,Medium Shade,5,22,32,60,73,74,148,44,72,50,74,37,53,28,44,17,51,39,33,58,153,3
940 110007958008,2535,940 110006544459,3730,Medium Shade,5,65,54,78,54,26,37,39,31,77,36,46,25,55,63,64,62,33,16,39,91,
940 110007958008,2535,940 110012568063,w192463,Medium Shade,13,45,42,75,72,49,53,38,49,107,43,40,34,62,74,34,23,86,43,58,3,
940 110007958008,2535,940 110009538792,w1622,Medium Shade,31,47,51,23,46,34,25,57,36,26,36,29,39,51,79,30,17,17,48,65,81,20
940 110007958008,2535,940 110012568034,Y467,Medium Shade,21,29,45,57,92,73,34,34,29,36,45,90,37,63,26,37,24,18,32,88,76,
940 110007958008,2535,940 110006719952,w192369,Medium Shade,22,20,21,28,22,14,12,34,44,44,22,51,32,36,56,36,28,53,53,47,65,3
940 110007958008,2535,940 110012553997,w290,Medium Shade,10,19,30,16,24,36,21,15,19,57,17,31,50,91,223,15,22,23,38,99,,
940 110007958008,2535,940 110009540658,W1721,Medium Shade,10,50,56,72,40,47,31,56,84,62,81,36,30,24,68,18,93,13,31,86,59,4
940 110007958008,2535,940 110006544222,3743,Medium Shade,18,74,22,12,28,41,76,43,41,18,44,46,20,36,29,24,26,27,18,34,64,3
940 110007958008,2535,940 110012554739,2362,Medium Shade,17,35,27,36,39,40,98,44,58,48,71,129,91,28,37,39,30,69,34,98,64,
940 110007958008,2535,940 110009539850,w1645,Medium Shade,64,66,39,51,78,38,54,56,64,75,69,31,58,48,41,25,33,40,17,60,13,
940 110007958008,2535,940 110012553857,2408,Medium Shade,10,26,23,28,53,32,47,28,86,65,29,31,51,62,36,33,32,9,33,32,30,
940 110007958008,2535,940 110006719962,w192152,Medium Shade,,31,84,23,27,36,21,42,32,60,31,47,54,46,36,42,12,42,50,59,95,2
940 110007958008,2535,940 110009540902,2479,Medium Shade,42,52,39,13,32,32,11,22,51,22,35,40,34,32,46,31,91,36,52,77,43,4
940 110007958008,2535,940 110009531315,3733,Medium Shade,2,20,22,62,25,33,37,31,22,14,29,41,44,36,83,37,45,24,44,127,69,
940 110007958008,2535,940 110009541617,3744,Medium Shade,7,34,12,8,11,5,6,8,24,26,18,27,31,43,34,64,59,34,38,84,74,12
940 110007958008,2535,940 110012566440,2453,Medium Shade,9,34,17,57,43,34,13,51,29,51,23,52,40,43,40,28,62,53,55,75,56,
940 110007958008,2535,940 110009540599,2425,Medium Shade,17,39,33,29,35,25,39,34,45,42,34,50,50,86,43,44,58,55,32,57,,
940 110007958008,2535,940 110009540590,W1726,Medium Shade,6,17,14,18,16,35,25,34,43,43,77,44,49,86,50,23,34,13,80,26,,
940 110007958008,2535,940 110006544877,w192153,Medium Shade,8,29,42,35,86,45,74,39,48,119,50,47,49,55,65,26,27,83,46,53,,
940 110007958008,2535,940 110009539598,2307,Medium Shade,7,47,26,32,20,58,29,61,49,33,50,21,57,50,60,30,16,56,76,78,52,
940 110007958008,2535,940 110009538761,2712,Medium Shade,2,39,30,35,36,57,36,39,59,37,48,52,23,30,48,73,74,48,49,66,61,6
940 110007958008,2535,940 110012554827,w9534,Medium Shade,14,20,32,11,54,35,75,29,26,50,42,90,28,49,79,22,27,41,54,56,68,11
940 110007958008,2535,940 110012566414,2948,Medium Shade,9,26,23,44,42,33,59,48,26,51,21,48,72,25,39,23,21,27,62,26,69,12
940 110007958008,2535,940 110009540565,w192009,Medium Shade,14,39,41,21,39,36,25,46,47,65,44,25,51,37,28,17,15,37,71,51,88,5
940 110007958008,2535,940 110009423063,w192261,Medium Shade,15,29,54,24,71,24,59,36,56,48,67,109,42,62,51,24,34,47,23,32,,
940 110007958008,2535,940 110006543890,2610,Medium Shade,8,25,45,12,30,18,53,26,26,34,92,42,19,37,27,21,27,29,48,80,48,5
940 110007958008,2535,940 110009539892,w192012,Medium Shade,9,36,41,24,20,39,32,61,54,23,45,64,46,31,51,37,21,39,41,81,91,11
940 110007958008,2535,940 110012567493,2478,Medium Shade,24,49,43,26,40,34,24,21,47,69,78,76,21,56,40,28,127,37,26,70,63,5
940 110007958008,2535,940 110009538983,2459,Medium Shade,1,39,15,12,41,40,50,55,26,50,38,47,37,88,29,25,35,14,72,31,44,7
940 110007958008,2535,940 110012568023,2629,Medium Shade,19,25,36,111,33,15,24,58,63,32,53,14,57,25,64,34,57,52,35,44,,
940 110007958008,2535,940 110009538492,w1657,Medium Shade,9,60,38,28,41,23,22,36,57,21,86,27,81,25,28,48,13,69,52,102,21,
940 110007958008,2535,940 110012568054,w192443,Medium Shade,4,35,32,49,48,68,90,52,46,121,52,20,53,59,22,21,24,105,49,35,3,
940 110007958008,2535,940 110009541646,w1640,Medium Shade,15,31,32,12,43,52,43,26,39,23,37,21,20,36,54,124,21,11,25,51,2,
940 110007958008,2535,940 110012567347,2419,Medium Shade,14,36,43,32,109,37,30,63,19,30,18,44,30,52,44,32,26,33,40,28,57,6
940 110007958008,2535,940 110006544267,w994,Medium Shade,15,25,34,67,65,16,60,55,84,41,41,82,54,29,22,32,26,95,87,92,72,6
940 110007958008,2535,940 110006545004,W1600,Medium Shade,11,61,53,74,30,43,35,46,73,46,71,46,61,50,160,85,79,27,42,89,103,
940 110007958008,2535,940 110012567418,3765,Medium Shade,12,52,38,22,40,53,30,36,43,49,45,60,39,26,57,67,38,71,40,59,4,
940 110007958008,2535,940 110009538665,y437,Medium Shade,10,41,37,16,39,26,36,35,31,52,59,41,142,31,46,26,52,51,40,98,88,5
940 110007958008,2535,940 110009538980,2681,Medium Shade,12,42,23,26,35,73,47,44,47,73,34,59,37,41,53,36,38,44,58,111,139,5
940 110007958008,2535,940 110012566818,y445,Medium Shade,18,29,14,20,38,22,29,39,30,13,71,39,50,45,37,38,83,29,24,40,140,
940 110007958008,2535,940 110009539503,2612,Medium Shade,30,53,52,55,27,30,32,32,15,42,20,12,28,41,34,29,29,12,58,60,50,15
940 110007958008,2535,940 110012567544,2650,Medium Shade,20,27,20,61,60,26,30,42,59,43,18,32,42,224,38,59,46,30,20,95,57,3
940 110007958008,2535,940 110009539956,y1030,Medium Shade,14,22,38,25,20,32,42,41,29,39,230,19,47,76,26,14,35,13,30,55,,
940 110007958008,2535,940 110006544020,2499,Medium Shade,9,48,52,20,55,34,74,43,73,35,36,40,57,56,86,43,36,73,53,81,62,3
940 110007958008,2535,940 110009422833,w192254,Medium Shade,13,26,14,46,34,18,36,30,44,80,36,33,49,80,81,34,47,51,63,106,52,7
940 110007958008,2535,940 110009540986,2021,Medium Shade,16,23,37,78,32,28,33,31,59,76,40,41,49,25,32,93,49,29,19,42,60,5
940 110007958008,2535,940 110012553833,2699,Medium Shade,6,29,65,24,71,55,59,32,34,39,59,24,38,28,31,58,26,65,55,81,29,
940 110007958008,2535,940 110009541163,w192043,Medium Shade,9,33,25,20,39,27,25,32,44,43,57,45,40,69,31,15,8,35,28,164,98,4
940 110007958008,2535,940 110009538800,3762,Medium Shade,7,39,51,9,70,45,38,37,49,82,35,24,41,45,38,30,35,27,55,21,108,11
940 110007958008,2535,940 110009538466,w192323,Medium Shade,12,35,37,40,40,43,45,73,24,64,37,38,24,24,57,21,24,23,61,54,81,5
940 110007958008,2535,940 110012567630,w949,Medium Shade,11,45,64,75,45,46,18,36,30,61,113,48,48,51,35,21,25,54,51,61,103,
940 110007958008,2535,940 110009538313,w192135,Medium Shade,8,52,41,58,27,35,64,39,60,14,34,13,11,4,1,,,,,,,
940 110007958008,2535,940 110012565637,o40,Medium Shade,11,43,37,27,38,25,44,52,71,27,40,69,63,35,48,107,26,30,43,99,67,
940 110007958008,2535,940 110009422261,w799,Medium Shade,10,28,47,40,33,27,55,87,39,62,50,59,64,20,25,21,16,63,55,55,,
940 110007958008,2535,940 110006543878,3800,Medium Shade,19,33,31,72,46,38,46,44,100,51,52,70,65,31,41,51,25,34,60,83,182,7
940 110007958008,2535,940 110009423237,3795,Medium Shade,15,28,21,29,43,53,18,71,45,178,60,56,51,17,25,30,19,29,40,46,56,1
940 110007958008,2535,940 110009541554,2469,Medium Shade,20,50,40,36,58,18,35,44,43,57,33,18,38,37,29,34,32,,,,,
940 110007958008,2535,940 110006544016,y1080,Medium Shade,12,47,70,46,68,65,38,84,76,19,64,96,42,39,24,31,28,40,65,35,57,6
940 110007958008,2535,940 110006544256,3742,Medium Shade,5,56,26,25,60,59,52,42,133,132,54,55,59,31,40,29,54,42,32,45,77,
940 110007958008,2535,940 110009541709,2694,Medium Shade,12,44,14,47,36,30,64,35,72,47,44,39,54,76,63,55,35,42,35,87,71,2
940 110007958008,2535,940 110012568226,W1594,Medium Shade,6,21,22,13,20,72,23,38,29,50,32,83,58,35,48,53,113,36,36,38,,
940 110007958008,2535,940 110006544203,2940,Medium Shade,15,30,93,40,43,50,51,42,49,85,28,65,26,28,55,59,342,53,63,9,,
940 110007958008,2535,940 110009422834,w767,Medium Shade,11,24,32,21,26,25,27,39,35,47,54,43,35,43,28,31,63,35,53,81,119,4
940 110007958008,2535,940 110009539869,2657,Medium Shade,14,39,11,71,39,85,39,32,26,46,49,112,141,44,40,61,73,69,52,33,103,9
940 110007958008,2535,940 110009540542,2395,Medium Shade,24,44,27,35,72,34,47,36,32,33,53,49,47,40,39,47,59,26,32,110,80,4
940 110007958008,2535,940 110006719421,w192010,Medium Shade,13,30,35,40,31,49,18,24,290,26,21,36,46,50,38,32,12,35,30,25,81,9
940 110007958008,2535,940 110006544212,2351,Medium Shade,12,19,36,24,37,23,52,30,42,75,63,51,54,26,60,31,152,13,35,35,179,8
940 110007958008,2535,940 110012564959,w9280,Medium Shade,12,44,28,24,26,72,37,27,45,62,57,207,79,45,37,50,41,57,44,82,,
940 110007958008,2535,940 110009539936,2595,Medium Shade,5,44,35,21,28,33,150,21,50,58,60,53,40,89,17,36,18,29,62,132,123,11
940 110007958008,2535,940 110006718451,y474,Medium Shade,16,52,33,24,44,52,69,38,78,40,37,39,43,31,50,35,13,75,67,144,56,9
940 110007958008,2535,940 110006544776,2897,Medium Shade,11,15,48,17,27,64,76,54,85,35,170,42,17,55,25,74,15,36,33,124,59,
940 110007958008,2535,940 110012568355,2646,Medium Shade,4,54,19,31,29,18,20,68,133,105,68,59,49,65,23,39,48,60,39,34,52,10
940 110007958008,2535,940 110009541400,w9331,Medium Shade,15,41,55,43,64,53,39,39,30,30,23,13,24,8,8,,,,,,,
940 110007958008,2535,940 110012566578,2649,Medium Shade,22,32,28,62,40,24,25,47,47,46,71,85,71,35,233,55,32,22,35,44,63,13
940 110007958008,2535,940 110012554600,2537,Medium Shade,6,31,16,38,58,32,36,60,71,73,12,36,31,48,100,36,19,21,85,49,43,
940 110007958008,2535,940 110009538645,2585,Medium Shade,1,71,32,51,22,32,21,73,36,35,61,39,49,77,56,18,23,52,87,41,66,1
940 110007958008,2535,940 110012554097,y427,Medium Shade,10,33,44,41,77,44,40,38,66,59,53,52,27,21,36,34,25,44,63,53,21,9
940 110007958008,2535,940 110006543910,2605,Medium Shade,27,58,42,29,40,24,29,47,25,62,65,17,31,42,63,36,40,35,21,50,,
940 110007958008,2535,940 110006544672,y450,Medium Shade,4,66,17,56,22,69,49,72,43,64,39,39,38,70,57,16,33,52,67,108,157,5
940 110007958008,2535,940 110009540694,w997,Medium Shade,18,45,96,37,27,32,36,63,51,51,76,78,25,51,27,40,157,19,33,63,51,15
940 110007958008,2535,940 110009421837,3768,Medium Shade,10,53,61,39,37,20,67,35,59,65,16,99,50,27,77,42,47,15,56,74,45,
940 110007958008,2535,940 110009540595,w778,Medium Shade,2,55,24,29,45,25,43,46,44,131,40,23,18,36,34,24,31,14,58,92,116,6
940 110007958008,2535,940 110009541424,w1679,Medium Shade,20,44,27,45,39,34,37,72,49,32,49,41,29,33,56,315,34,16,50,45,30,3
940 110007958008,2535,940 110009540223,2531,Medium Shade,10,13,53,23,26,33,26,49,42,49,32,27,41,44,55,18,22,31,65,76,11,
940 110007958008,2535,940 110009538769,w192278,Medium Shade,7,33,35,22,27,34,25,69,43,23,36,36,31,43,29,26,47,49,31,64,175,5
940 110007958008,2535,940 110009539347,2373,Medium Shade,3,47,61,21,42,53,29,35,21,38,34,159,63,42,58,13,33,28,67,56,105,8
940 110007958008,2535,940 110009538519,3740,Medium Shade,13,31,20,14,34,71,31,59,61,32,30,38,48,38,23,19,42,24,32,62,60,8
940 110007958008,2535,940 110006543993,y434,Medium Shade,9,20,46,29,55,311,35,42,42,56,29,45,48,47,72,35,31,67,61,72,65,12
940 110007958008,2535,940 110009539751,w1636,Medium Shade,,61,21,19,45,128,53,88,51,22,76,24,73,36,48,40,28,35,56,52,5,
940 110007958008,2535,940 110009541432,2409,Medium Shade,18,59,51,49,18,22,12,31,34,52,46,35,41,40,72,48,29,31,111,55,30,
940 110007958008,2535,940 110009538773,w9285,Medium Shade,11,22,21,13,24,39,42,28,34,41,29,47,66,106,54,40,37,48,88,138,85,10
940 110007958008,2535,940 110009541384,w192218,Medium Shade,9,31,35,27,46,32,47,57,38,53,40,53,25,56,114,66,32,32,103,99,232,6
940 110007958008,2535,940 110009422288,2895,Medium Shade,3,25,30,49,68,38,24,82,72,35,50,16,24,61,26,15,22,13,75,28,9,
940 110007958008,2535,940 110006544508,2669,Medium Shade,48,38,12,30,18,28,48,29,16,46,27,58,65,43,12,57,21,11,34,37,30,5
940 110007958008,2535,940 110009538683,w984,Medium Shade,39,18,66,22,36,34,35,21,71,46,40,28,67,35,53,40,37,56,42,106,,
940 110007958008,2535,940 110009541067,2623,Medium Shade,12,35,29,39,33,20,36,47,59,72,38,47,38,56,48,117,63,48,42,40,5,
940 110007958008,2535,940 110012567642,2704,Medium Shade,7,10,25,9,7,47,58,20,60,28,37,49,39,213,61,47,54,85,38,91,20,
940 110007958008,2535,940 110009422310,2327,Medium Shade,12,56,36,71,23,49,66,46,40,54,53,38,62,32,64,100,126,42,35,110,24,
940 110006914414,w192267,940 110012567497,2924,No Shade,19,35,55,42,17,45,15,35,138,588,47,47,11,32,57,13,55,31,57,45,,
940 110006914414,w192267,940 110009539003,3750,No Shade,,,,,,,,16,17,12,6,24,24,50,38,18,37,41,66,45,30,64
940 110006914414,w192267,940 110016191551,w192406,No Shade,26,35,34,25,95,20,36,47,68,33,20,18,30,13,,,,,,,,
940 110006914414,w192267,940 110012553757,w736,No Shade,24,37,38,11,15,85,41,22,31,41,123,69,84,42,88,48,43,56,11,40,14,74
940 110006914414,w192267,940 110012554425,2495,No Shade,10,12,31,25,20,41,55,24,87,57,17,20,34,26,30,44,155,47,101,33,65,145
940 110006914414,w192267,940 110009423185,2340,No Shade,13,68,16,31,41,19,23,31,45,84,9,40,28,107,22,58,37,55,28,37,81,6
940 110006914414,w192267,940 110009538934,W1747,No Shade,11,19,37,27,33,17,36,19,36,28,38,18,42,45,32,37,32,43,157,37,45,27
940 110006914414,w192267,940 110009421854,3729,No Shade,13,27,25,20,11,48,14,75,54,96,124,33,42,76,38,7,46,19,32,27,21,40
940 110006914414,w192267,940 110006544051,2328,No Shade,14,53,33,28,28,80,32,36,72,46,48,62,71,262,44,22,56,48,56,68,216,48
940 110006914414,w192267,940 110009539429,MU2938,No Shade,4,88,49,16,30,20,21,40,60,41,28,18,71,70,38,45,22,21,100,51,40,
940 110006914414,w192267,940 110012566807,2696,No Shade,4,34,28,6,19,19,66,64,179,46,33,41,32,22,91,16,51,77,40,70,121,
940 110006914414,w192267,940 110009422847,2024,No Shade,29,26,32,29,40,34,24,60,34,39,43,31,64,67,81,54,65,71,96,77,139,
940 110006914414,w192267,940 110009539378,2378,No Shade,20,38,37,28,61,28,65,26,87,63,84,27,50,57,34,67,44,23,84,53,59,30
940 110006914414,w192267,940 110009539487,Y1093,No Shade,9,17,44,39,32,41,61,30,38,32,35,15,44,37,56,14,46,74,46,35,14,
940 110006914414,w192267,940 110012567833,2539,No Shade,42,44,57,43,30,26,90,38,84,58,39,95,50,71,66,56,83,109,41,35,91,8
940 110006914414,w192267,940 110009541265,W192251,No Shade,14,128,79,51,25,39,46,34,42,45,74,89,84,70,40,23,31,42,32,63,6,
940 110006914414,w192267,940 110009541522,2438,No Shade,57,99,41,21,52,41,36,29,125,51,29,56,35,42,33,39,25,43,58,77,56,12
940 110006914414,w192267,940 110009539138,2524,No Shade,7,27,23,27,28,74,62,17,58,34,35,13,24,37,37,19,23,10,47,48,,
940 110006914414,w192267,940 110006544506,2032,No Shade,18,15,34,33,33,22,24,10,43,29,29,401,47,25,58,25,39,57,25,48,17,
940 110006914414,w192267,940 110006543857,2462,No Shade,7,42,42,75,84,33,27,37,91,98,73,54,25,44,35,65,27,72,37,80,47,58
940 110006914414,w192267,940 110012553575,W1506,No Shade,8,19,64,49,37,126,126,40,42,37,44,53,28,35,47,51,47,54,54,69,105,
940 110006914414,w192267,940 110012567028,W1556,No Shade,16,31,34,25,60,37,93,72,81,53,66,19,40,50,68,73,124,65,97,24,,
940 110006914414,w192267,940 110006544658,2509,No Shade,7,30,30,32,22,20,93,53,47,62,31,104,55,37,35,17,50,50,42,52,46,51
940 110006914414,w192267,940 110006720136,2381,No Shade,7,32,32,86,6,18,16,44,28,36,19,5,8,,,,,,,,,
940 110006914414,w192267,940 110009541760,2310,No Shade,15,36,16,22,333,30,15,29,34,30,25,60,65,56,22,59,43,41,16,33,,
940 110006914414,w192267,940 110009538415,w192410,No Shade,6,39,11,29,27,24,41,21,41,51,40,22,75,46,166,90,24,40,88,50,,
940 110006914414,w192267,940 110009540874,2637,No Shade,11,14,24,24,20,36,24,10,59,55,35,53,78,51,104,72,50,52,45,45,21,
940 110006914414,w192267,940 110012568263,2994,No Shade,5,14,48,31,14,24,26,16,42,18,24,25,38,91,80,43,22,30,32,20,88,17
940 110006914414,w192267,940 110009540403,2353,No Shade,11,26,15,48,46,59,26,51,53,51,48,27,20,44,49,52,26,20,59,62,31,
940 110006914414,w192267,940 110009539785,2493,No Shade,14,33,57,20,29,34,56,71,82,52,78,45,41,49,53,57,64,60,80,11,,
940 110006914414,w192267,940 110006720740,2977,No Shade,19,22,41,35,20,35,28,25,60,72,67,55,57,42,57,20,70,51,26,60,55,7
940 110006914414,w192267,940 110009421855,2572,No Shade,2,15,10,42,32,24,22,26,21,34,9,1,4,5,6,,,,,,,
940 110006914414,w192267,940 110012566988,2561,No Shade,12,50,38,26,39,24,45,32,99,23,43,80,170,69,39,16,23,45,114,21,171,46
940 110006914414,w192267,940 110009539086,w1547,No Shade,17,35,47,46,84,136,27,36,69,35,109,38,53,36,35,78,20,36,23,16,74,16
940 110006914414,w192267,940 110009539979,W192358,No Shade,8,32,159,24,46,52,24,49,45,45,47,33,90,12,96,59,55,72,91,51,15,
940 110006914414,w192267,940 110006543881,2439,No Shade,17,70,45,51,12,56,40,15,51,53,86,27,59,38,63,18,46,61,63,77,123,43
940 110006914414,w192267,940 110006544025,2545,No Shade,15,20,41,34,16,21,21,76,32,56,20,19,63,59,47,108,42,70,64,,,
940 110006914414,w192267,940 110009540770,2427,No Shade,8,19,22,20,21,13,18,18,99,39,81,27,17,35,37,16,30,29,42,36,24,16
940 110006914414,w192267,940 110009423262,W192426,No Shade,13,282,26,39,13,35,14,26,29,65,51,46,44,42,42,27,32,46,29,10,28,
940 110006914414,w192267,940 110009538664,2437,No Shade,6,25,20,20,17,21,20,46,16,74,46,58,48,55,27,28,49,4,24,26,10,
940 110006914414,w192267,940 110009539860,2622,No Shade,,48,45,38,48,31,13,15,32,34,23,17,13,9,13,,,,,,,
940 110006914414,w192267,940 110009540374,2928,No Shade,12,41,13,11,11,21,19,11,28,43,12,25,17,40,58,82,57,67,62,42,110,35
940 110006914414,w192267,940 110009421996,w9562,No Shade,12,33,33,23,21,16,17,20,20,8,63,68,108,87,23,35,50,36,40,49,29,
940 110006914414,w192267,940 110012567561,2445,No Shade,15,12,102,97,45,38,61,47,52,40,27,40,34,43,46,37,41,103,45,19,18,88
940 110006914414,w192267,940 110009538672,2549,No Shade,10,25,40,12,35,25,37,32,16,108,213,5,9,,,,,,,,,
940 110006914414,w192267,940 110009539709,W192166,No Shade,24,36,21,124,21,22,15,49,19,30,39,19,25,49,45,23,31,66,38,73,23,
940 110006914414,w192267,940 110006544091,w192160,No Shade,23,48,41,20,11,30,33,33,40,32,103,47,63,28,162,25,34,44,20,117,41,18
940 110006914414,w192267,940 110012554697,2329,No Shade,3,16,80,12,45,50,17,73,72,49,26,8,36,22,43,51,53,64,88,74,163,43
940 110006914414,w192267,940 110009539914,2604,No Shade,8,22,51,63,21,19,14,29,39,62,46,46,39,61,40,40,62,38,30,80,41,
940 110006914414,w192267,940 110006544309,2423,No Shade,15,189,89,38,29,36,43,49,58,45,53,49,38,39,50,44,92,74,29,37,45,142
940 110006914414,w192267,940 110012565400,W300,No Shade,17,14,24,12,64,35,10,22,34,14,23,223,20,20,,,,,,,,
940 110006914414,w192267,940 110012554430,2530,No Shade,9,45,49,35,10,16,27,38,55,84,21,43,13,55,58,55,42,52,32,23,63,42
940 110006914414,w192267,940 110009538497,2947,No Shade,25,37,29,37,23,217,42,45,45,47,37,28,24,33,40,40,63,21,23,47,24,
940 110006914414,w192267,940 110009538382,O45,No Shade,16,7,20,8,15,23,22,14,48,30,75,63,165,39,41,20,43,39,63,77,2,
940 110006914414,w192267,940 110006544980,2981,No Shade,14,43,38,18,14,42,26,28,74,42,275,85,23,51,21,15,39,35,37,91,13,
940 110006914414,w192267,940 110009539504,2716,No Shade,9,18,34,14,17,33,23,6,97,70,18,13,16,75,24,45,34,61,39,58,,
940 110006914414,w192267,940 110012565619,w797,No Shade,6,8,18,21,14,23,33,24,41,94,81,42,27,58,27,58,24,32,41,65,18,
940 110006914414,w192267,940 110009422300,2962,No Shade,19,27,39,33,19,44,15,34,49,44,26,39,47,37,17,19,74,13,40,18,41,10
940 110006914414,w192267,940 110006544403,W1707,No Shade,11,19,30,26,10,20,33,23,33,36,58,20,52,31,51,19,56,26,47,126,21,
940 110006914414,w192267,940 110006543939,W192556,No Shade,10,26,60,207,24,19,31,42,50,48,106,68,45,29,28,45,33,38,45,22,84,
940 110006914414,w192267,940 110012567496,o21,No Shade,8,37,23,24,45,62,68,32,38,34,20,93,46,68,32,94,37,85,69,58,97,8
940 110006914414,w192267,940 110012554130,w192330,No Shade,8,33,28,41,17,45,34,59,33,58,11,21,25,66,58,21,25,29,25,10,,
940 110006914414,w192267,940 110009423027,2635,No Shade,26,22,58,36,31,357,53,56,48,60,41,39,21,43,41,30,55,47,34,30,78,97
940 110006914414,w192267,940 110009539115,w232,No Shade,18,23,25,77,545,72,24,131,118,44,45,20,49,44,47,30,14,29,41,24,88,92
940 110006914414,w192267,940 110009423180,W1654,No Shade,21,53,31,78,52,46,29,26,293,57,73,66,74,77,48,46,28,28,44,60,10,
940 110006914414,w192267,940 110012553725,2411,No Shade,30,32,39,25,21,34,41,13,57,79,132,32,20,40,115,29,140,70,26,42,72,12
940 110006914414,w192267,940 110009540172,w9561,No Shade,13,40,51,26,41,49,35,10,68,40,47,28,29,44,18,24,44,64,27,34,9,
940 110006914414,w192267,940 110006544786,W9511,No Shade,20,27,17,20,6,15,24,59,39,44,37,34,28,26,36,17,27,29,47,38,34,36
940 110006914414,w192267,940 110012566693,2708,No Shade,4,37,23,42,35,37,42,31,47,21,50,50,48,99,50,49,218,93,29,22,84,4
940 110006914414,w192267,940 110009539447,w9281,No Shade,9,33,60,18,12,32,13,22,37,47,39,20,58,101,64,32,47,102,97,32,115,6
940 110006914414,w192267,940 110006718507,W192313,No Shade,13,30,32,34,31,66,29,85,67,35,83,71,19,37,68,40,71,53,50,39,18,
940 110006914414,w192267,940 110009541144,W9559,No Shade,4,54,23,266,27,24,14,22,28,58,53,13,35,39,33,17,15,15,36,52,72,
940 110006914414,w192267,940 110012565504,2466,No Shade,17,37,56,59,10,148,43,100,41,37,44,22,55,65,74,67,48,40,63,38,76,
940 110006914414,w192267,940 110009423327,3738,No Shade,10,52,35,47,7,28,24,20,21,23,40,22,53,26,59,9,53,28,10,14,37,41
940 110006914414,w192267,940 110009422821,W1673,No Shade,8,32,24,36,17,33,160,41,35,63,29,18,22,45,22,34,25,29,25,32,32,63
940 110006914414,w192267,940 110009539831,2971,No Shade,5,21,41,53,7,27,30,22,42,64,47,127,278,33,52,65,36,22,64,33,42,
940 110006914414,w192267,940 110012564878,w192408,No Shade,12,25,50,27,32,34,37,93,97,48,42,33,75,89,30,23,34,36,37,37,,
940 110006914414,w192267,940 110012553565,3753,No Shade,15,16,39,36,74,48,54,83,56,50,126,31,32,30,31,33,16,25,88,34,98,5
940 110006914414,w192267,940 110009540104,w192057,No Shade,6,38,45,40,55,50,33,36,95,35,118,93,24,52,68,67,66,39,23,49,42,51
940 110006914414,w192267,940 110009538686,2482,No Shade,19,35,20,38,21,17,27,53,50,27,66,75,681,33,44,50,57,83,38,76,90,
940 110006914414,w192267,940 110006720732,2673,No Shade,26,18,27,17,25,56,56,41,48,28,32,105,22,31,41,7,22,53,43,90,19,91
940 110006914414,w192267,940 110012565614,2945,No Shade,12,28,38,58,148,34,54,36,62,38,19,40,58,28,41,45,56,79,61,6,,
940 110006914414,w192267,940 110009539482,W1619,No Shade,,69,73,26,22,30,37,24,27,76,66,14,76,61,24,57,25,24,73,29,,
940 110006914414,w192267,940 110009423168,Y457,No Shade,5,28,16,42,18,34,33,23,54,38,32,44,47,42,100,61,60,22,43,43,28,
940 110006914414,w192267,940 110009541593,3767,No Shade,4,22,36,16,12,72,79,19,45,58,37,128,24,42,37,49,31,69,28,35,58,62
940 110006914414,w192267,940 110006544321,2597,No Shade,10,48,18,42,32,25,18,25,24,47,252,20,9,36,30,54,40,14,20,42,23,
940 110006914414,w192267,940 110009538666,Y1064,No Shade,7,43,22,20,21,48,29,26,41,45,117,17,10,38,42,28,15,26,58,38,21,
940 110006914414,w192267,940 110009540194,2930,No Shade,7,29,41,23,14,25,47,28,48,64,37,133,34,50,44,28,13,44,28,44,48,52
940 110006914414,w192267,940 110009539281,w192005,No Shade,6,24,22,27,34,32,5,17,49,35,30,307,61,21,27,55,23,17,78,28,135,31
940 110006914414,w192267,940 110009538618,w192356,No Shade,7,13,35,22,21,12,13,15,50,40,5,2,2,7,2,,,,,,,
940 110006914414,w192267,940 110009539841,2548,No Shade,21,36,26,38,13,55,19,171,52,25,50,130,52,52,82,32,43,17,30,22,95,22
940 110006914414,w192267,940 110009539563,w192086,No Shade,16,17,18,23,21,23,70,336,63,52,27,67,41,39,22,32,20,58,27,74,50,
940 110006914414,w192267,940 110006544577,2608,No Shade,14,29,11,50,13,70,35,25,65,28,43,55,36,43,32,65,62,44,37,69,66,133
940 110006914414,w192267,940 110012567577,W993,No Shade,14,21,56,43,54,18,46,71,61,31,17,34,57,32,51,49,24,55,21,21,58,22
940 110006914414,w192267,940 110009540716,2101,No Shade,21,18,25,33,63,26,54,21,40,56,22,48,43,50,44,50,12,65,38,82,30,55
940 110006914414,w192267,940 110012565516,Y1053,No Shade,5,208,41,18,23,22,31,42,39,30,51,28,30,20,36,23,39,16,15,34,41,2
940 110006914414,w192267,940 110009539060,W1612,No Shade,10,35,25,181,75,26,27,34,50,23,44,10,14,38,33,13,23,20,24,,,
940 110006914414,w192267,940 110006720535,w192402,No Shade,19,24,20,14,13,21,13,9,21,62,35,39,39,70,53,46,34,37,56,48,52,10
940 110006914414,w192267,940 110012553572,2528,No Shade,8,4,12,28,17,35,24,33,21,77,37,22,49,32,59,30,16,36,76,71,110,
940 110006914414,w192267,940 110009539817,2540,No Shade,16,98,49,21,24,43,20,62,68,55,83,52,30,77,43,32,19,67,43,53,48,30
940 110006914414,w192267,940 110006545066,9284,No Shade,6,36,63,12,27,63,44,51,68,36,50,37,44,37,40,81,41,73,66,33,99,
940 110006914414,w192267,940 110009540984,W9513,No Shade,19,49,168,63,25,53,32,38,61,47,28,7,68,32,77,33,53,35,31,53,34,43
940 110006914414,w192267,940 110009540097,2707,No Shade,7,24,15,20,24,37,88,101,52,48,40,35,20,23,22,18,24,47,47,48,47,32
940 110006914414,w192267,940 110009538917,2342,No Shade,45,13,12,10,10,14,20,70,24,31,37,27,29,32,59,22,32,49,31,107,100,33
940 110006914414,w192267,940 110009539843,2388,No Shade,14,27,57,59,24,63,41,34,23,37,45,19,37,52,44,54,42,55,87,41,,
940 110006914414,w192267,940 110009422875,2517,No Shade,16,33,35,9,15,18,4,9,48,23,75,71,17,44,47,28,86,26,26,431,9,
940 110006914414,w192267,940 110009423261,3725,No Shade,,,,,,,,8,4,8,108,19,29,33,96,24,41,21,26,21,13,
940 110006914414,w192267,940 110009539369,W841,No Shade,17,72,39,21,18,58,84,106,71,43,43,29,31,63,77,44,58,54,71,61,107,44
940 110006914414,w192267,940 110012554069,W788,No Shade,6,109,39,12,28,40,46,42,178,51,25,19,61,34,35,27,30,35,28,69,51,
940 110006914414,w192267,940 110006545070,2898,No Shade,16,23,27,24,23,42,31,31,44,44,37,28,40,66,55,32,29,177,20,21,28,36
940 110006914414,w192267,940 110012567070,W280,No Shade,15,11,23,34,22,46,32,27,31,58,41,23,46,118,128,21,56,32,69,21,17,
940 110006914414,w192267,940 110012567032,w192236,No Shade,6,13,14,17,34,28,21,55,40,32,19,30,220,25,38,23,35,29,48,66,76,61
940 110006914414,w192267,940 110009423147,W229,No Shade,10,22,25,14,15,23,63,21,23,24,18,29,43,65,48,58,29,52,35,30,103,72
940 110006914414,w192267,940 110009540753,Y422,No Shade,8,8,7,23,43,19,22,26,20,23,33,11,68,47,14,16,17,54,28,73,,
940 110006914414,w192267,940 110006720157,Y1074,No Shade,22,19,66,55,28,29,16,34,29,75,64,132,19,55,32,41,36,53,30,39,63,210
940 110006914414,w192267,940 110006544447,3720,No Shade,4,18,12,44,14,17,5,15,49,34,35,33,32,51,23,52,349,176,26,31,48,24
940 110006914414,w192267,940 110009539352,2677,No Shade,4,22,23,15,7,21,22,26,63,121,30,6,34,41,37,20,66,17,36,67,3,
940 110006914414,w192267,940 110009540139,2695,No Shade,23,19,21,17,50,18,32,14,23,30,22,20,18,63,49,7,4,30,18,22,,
940 110006914414,w192267,940 110009538976,2583,No Shade,11,40,41,27,36,91,371,26,46,48,22,25,9,,,,,,,,,
940 110006914414,w192267,940 110009538609,Y1102,No Shade,14,22,127,30,57,51,41,48,42,26,75,53,68,33,31,35,23,23,45,70,105,36
940 110006914414,w192267,940 110009538631,2618,No Shade,39,46,39,29,18,31,49,29,29,25,41,127,42,26,26,40,24,38,28,31,30,33
940 110006914414,w192267,940 110009538648,2554,No Shade,6,98,146,29,25,49,21,46,32,33,41,50,40,29,55,27,29,42,23,46,32,31
940 110006914414,w192267,940 110006720825,2567,No Shade,18,79,25,61,23,44,9,12,31,35,120,33,28,32,24,51,50,28,56,12,81,
940 110006914414,w192267,940 110012553817,W1771,No Shade,4,27,36,12,39,54,139,34,54,22,6,39,23,41,38,13,33,26,56,69,18,57
940 110006914414,w192267,940 110009540534,W765,No Shade,12,25,16,15,11,16,15,44,21,29,30,126,24,49,35,32,29,66,18,18,59,29
940 110006914414,w192267,940 110009538770,2318,No Shade,15,51,14,15,9,26,10,31,10,26,6,17,42,64,6,15,19,11,43,9,26,26
940 110006914414,w192267,940 110006544551,W192170,No Shade,14,9,36,25,37,19,23,10,27,26,25,21,31,73,68,37,37,50,20,22,12,
940 110006914414,w192267,940 110009538656,w768,No Shade,6,53,58,154,47,56,46,44,1,4,,,5,1,1,1,3,,,,,
940 110006914414,w192267,940 110009539773,2968,No Shade,4,40,28,44,28,16,40,23,36,59,32,34,63,15,59,40,27,33,36,20,23,
940 110006914414,w192267,940 110009540395,Y452,No Shade,13,10,11,14,51,36,61,13,9,49,24,10,59,11,30,17,14,8,28,50,29,
940 110006914414,w192267,940 110006543882,W293,No Shade,16,9,46,35,50,36,40,52,31,92,26,19,41,69,45,40,18,135,60,15,23,
940 110006914414,w192267,940 110009538595,2672,No Shade,6,32,47,18,17,58,30,80,47,25,59,21,58,32,23,70,24,63,21,42,37,57
940 110006914414,w192267,940 110009541386,W1540,No Shade,10,20,48,13,22,20,20,36,22,45,50,86,460,40,52,53,23,45,42,65,13,
940 110006914414,w192267,940 110009540814,2397,No Shade,20,18,17,56,23,39,22,29,51,85,97,6,30,48,47,12,38,70,31,22,17,18
940 110006914414,w192267,940 110009540871,W192301,No Shade,17,23,23,25,13,32,29,35,45,34,82,15,41,37,63,33,33,55,59,30,36,
940 110006914414,w192267,940 110009539357,W192096,No Shade,12,18,25,36,21,26,52,45,18,31,23,26,22,27,39,19,44,41,46,28,27,18
940 110006914414,w192267,940 110012566859,2536,No Shade,14,20,41,24,22,29,29,55,112,72,21,57,47,29,53,57,31,27,69,77,136,
940 110006914414,w192267,940 110006544371,2625,No Shade,9,16,56,60,50,28,18,15,55,60,46,29,89,41,300,30,26,36,29,52,30,
940 110006914414,w192267,940 110009540453,3794,No Shade,19,19,33,24,36,27,18,20,25,33,17,47,33,39,18,52,34,73,26,47,,
940 110006914414,w192267,940 110009538339,Y464,No Shade,9,38,43,27,42,62,13,29,52,28,61,93,83,97,29,29,146,36,22,45,,
940 110006914414,w192267,940 110012553568,2401,No Shade,4,27,18,28,35,44,16,59,50,67,138,9,30,43,273,27,67,74,21,26,62,59
940 110006914414,w192267,940 110009538750,3715,No Shade,4,32,121,177,48,45,24,41,57,47,28,81,31,51,33,56,44,68,44,102,43,6
940 110006914414,w192267,940 110012565654,W9560,No Shade,13,116,60,20,24,15,22,30,56,33,24,46,70,84,59,89,31,67,27,42,8,
940 110006914414,w192267,940 110012553813,2593,No Shade,8,27,19,14,29,10,17,31,49,41,12,3,1,13,2,,,,,,,
940 110006914414,w192267,940 110012554149,W923,No Shade,22,46,34,43,62,44,23,60,63,19,35,55,96,37,31,71,66,76,23,49,,
940 110006914414,w192267,940 110012567013,2965,No Shade,8,34,81,35,75,31,25,52,80,62,20,12,47,52,80,48,23,28,75,15,20,
940 110006914414,w192267,940 110009540426,2463,No Shade,7,16,25,14,21,31,14,14,40,31,33,41,20,41,24,31,34,65,124,63,6,
940 110006914414,w192267,940 110009541497,2680,No Shade,10,18,31,26,38,71,55,39,31,46,22,51,22,47,37,72,40,56,180,31,,
940 110006914414,w192267,940 110009541612,w1741,No Shade,6,37,14,7,19,26,29,21,60,26,25,14,69,24,29,17,23,154,145,19,42,
940 110006914414,w192267,940 110012554102,w1562,No Shade,17,24,43,17,18,24,45,23,48,41,56,97,75,54,46,26,75,59,60,36,84,
940 110006914414,w192267,940 110009539564,o41,No Shade,16,60,26,25,52,25,29,21,25,57,27,37,23,12,60,27,24,18,35,13,14,
940 110006914414,w192267,940 110012567439,3797,No Shade,20,32,41,33,33,46,15,46,56,74,47,77,43,64,24,208,34,78,65,48,80,30
940 110006914414,w192267,940 110006719998,2598,No Shade,4,16,36,13,10,23,30,70,21,17,35,13,16,47,35,94,9,76,14,33,53,7
940 110006914414,w192267,940 110012565646,w1578,No Shade,15,23,133,26,70,38,46,47,62,75,38,50,93,48,44,40,14,41,76,70,149,8
940 110006914414,w192267,940 110009541075,W1552,No Shade,33,45,27,28,48,57,10,42,32,55,25,47,11,28,45,24,54,35,24,20,29,24
940 110006914414,w192267,940 110012567023,2512,No Shade,12,31,29,56,54,44,35,37,86,44,49,61,103,34,24,42,41,58,91,30,68,
940 110006914414,w192267,940 110012566899,Y488,No Shade,7,22,17,23,18,31,12,54,57,49,68,55,43,356,80,14,47,53,27,51,49,9
940 110006914414,w192267,940 110006720451,2584,No Shade,13,23,40,38,15,18,32,40,27,28,21,66,70,370,71,35,32,23,61,13,,
940 110006914414,w192267,940 110012566754,w9283,No Shade,1,14,34,37,56,34,29,12,29,45,13,60,16,39,7,,,,,,,
940 110006914414,w192267,940 110012553844,w192051,No Shade,11,26,29,58,20,32,27,49,21,44,46,99,27,42,83,24,46,66,22,90,101,166
940 110006914414,w192267,940 110012554559,2429,No Shade,11,23,24,32,38,42,36,32,47,58,69,22,41,246,61,52,44,31,10,22,41,35
940 110006914414,w192267,940 110009421856,w192145,No Shade,8,44,53,21,36,14,31,20,84,38,31,21,16,25,36,27,29,42,36,59,125,15
940 110006914414,w192267,940 110009539365,2988,No Shade,12,35,28,18,16,21,35,82,57,23,101,52,120,39,65,15,38,54,68,61,39,8
940 110006914414,w192267,940 110009540821,2542,No Shade,16,647,52,50,20,22,16,36,21,38,41,10,27,28,66,25,85,15,47,59,,
940 110006914414,w192267,940 110009422827,2450,No Shade,5,35,22,24,32,111,34,31,61,55,30,49,39,30,21,20,22,37,43,107,13,
940 110006914414,w192267,940 110006544572,2617,No Shade,5,24,50,14,27,34,30,32,62,48,88,63,18,34,37,29,32,17,31,24,24,50
940 110006914414,w192267,940 110009540303,Y1115,No Shade,12,40,24,45,25,83,21,7,44,41,46,53,59,30,51,36,26,37,52,90,111,101
940 110006914414,w192267,940 110012566852,2896,No Shade,14,22,35,42,44,70,25,40,40,55,36,56,13,40,39,18,9,53,32,21,63,9
940 110006914414,w192267,940 110009539590,2471,No Shade,99,39,29,9,31,38,26,16,60,59,35,42,100,48,63,12,18,22,34,30,55,
940 110006914414,w192267,940 110006543923,2035,No Shade,21,46,72,65,25,41,32,64,65,114,59,31,20,38,30,18,33,16,32,30,40,39
940 110006914414,w192267,940 110012565605,w192212,No Shade,9,24,28,30,125,33,21,53,21,50,43,83,84,41,81,43,42,62,52,59,,
940 110006914414,w192267,940 110009538728,2611,No Shade,6,31,28,48,32,34,23,20,36,40,53,48,37,106,84,44,45,42,21,43,46,
940 110006914414,w192267,940 110009539538,3745,No Shade,20,70,43,16,20,19,25,38,60,36,46,48,38,51,61,27,39,43,35,74,41,
940 110006914414,w192267,940 110006719959,2946,No Shade,8,49,39,55,23,57,16,29,58,37,83,34,44,77,38,54,47,50,26,9,,
940 110006914414,w192267,940 110009538594,2576,No Shade,8,17,35,20,11,37,35,48,26,33,83,103,36,48,28,119,49,61,30,5,,
940 110006914414,w192267,940 110006720550,2525,No Shade,20,47,36,32,16,19,13,18,41,64,42,37,20,52,26,37,35,39,76,42,,
940 110006914414,w192267,940 110006720713,2519,No Shade,24,31,33,11,10,24,26,61,38,45,29,65,67,60,51,7,35,45,23,30,108,
940 110006914414,w192267,940 110009540288,2406,No Shade,11,21,25,24,16,14,7,24,13,30,33,11,18,,,,,,,,,
940 110006914414,w192267,940 110012567072,2952,No Shade,2,18,18,44,34,29,26,33,24,50,16,13,41,28,38,16,27,81,51,55,66,39
940 110006914414,w192267,940 110006544542,3735,No Shade,5,35,20,17,59,36,25,36,68,24,49,73,65,35,52,29,25,82,68,43,132,
940 110006914414,w192267,940 110009539082,3798,No Shade,12,43,53,142,55,47,30,34,33,36,28,54,17,62,50,46,6,45,55,98,,
940 110006914414,w192267,940 110006544245,2929,No Shade,15,23,98,24,18,39,43,42,40,31,27,21,39,37,40,46,44,27,27,59,65,39
940 110006914414,w192267,940 110009539736,y1110,No Shade,15,26,45,81,25,123,19,92,75,44,26,58,44,87,68,44,35,58,45,50,53,175
940 110006914414,w192267,940 110009422306,2415,No Shade,18,12,54,14,64,23,44,22,25,7,19,15,124,32,49,49,24,35,20,20,18,33
940 110006914414,w192267,940 110009422259,2652,No Shade,14,51,29,24,66,26,15,48,63,47,22,49,81,69,61,45,137,56,56,29,19,
940 110006914414,w192267,940 110009538695,W192286,No Shade,8,33,28,7,16,26,37,28,52,50,42,133,46,37,28,37,47,52,66,26,88,
940 110006914414,w192267,940 110009538619,W952,No Shade,24,31,173,23,24,29,25,26,32,29,28,66,49,20,30,21,31,43,12,,,
940 110006914414,w192267,940 110009422194,2405,No Shade,8,57,53,47,22,39,70,44,45,41,74,49,24,61,75,42,38,32,28,8,,
940 110006914414,w192267,940 110009540560,W192436,No Shade,3,18,22,67,26,27,59,30,58,43,43,33,55,42,14,14,42,29,39,13,2,
940 110006914414,w192267,940 110009540428,W1698,No Shade,27,28,54,33,40,38,42,32,34,32,14,14,3,5,6,4,4,5,3,9,,
940 110006914414,w192267,940 110012566439,2475,No Shade,7,6,210,54,36,19,22,45,17,39,25,54,23,22,42,13,80,31,44,87,83,115
940 110006914414,w192267,940 110006543874,Y499,No Shade,98,21,40,25,19,20,29,31,54,27,65,56,30,36,29,26,36,41,61,53,,
940 110006914414,w192267,940 110006544250,Y1018,No Shade,6,17,15,4,,,,3,10,13,14,25,14,24,68,81,43,52,36,29,,
940 110006914414,w192267,940 110009541648,2664,No Shade,19,64,49,49,25,53,62,34,24,745,72,44,30,40,43,29,47,67,31,77,27,7
940 110006914414,w192267,940 110009541057,w192346,No Shade,4,37,23,18,24,179,20,59,72,61,49,86,30,86,47,45,53,41,43,112,29,
940 110006914414,w192267,940 110009538428,3721,No Shade,14,45,36,32,60,57,25,32,41,58,62,63,35,54,21,31,55,29,45,26,71,89
940 110006914414,w192267,940 110012567361,2577,No Shade,11,29,68,31,34,36,33,60,32,64,27,26,6,,,,,,,,,
940 110006914414,w192267,940 110012554703,2632,No Shade,12,29,42,40,35,57,35,52,62,30,34,14,32,1,,,,,,,,
940 110006914414,w192267,940 110012554665,2937,No Shade,20,37,22,188,97,36,41,48,29,32,52,52,61,55,60,47,20,37,33,29,4,
940 110006914414,w192267,940 110006719427,2339,No Shade,13,27,37,33,17,78,51,48,22,87,57,47,48,43,64,82,66,46,65,32,179,15
940 110006914414,w192267,940 110009541333,w192437,No Shade,17,35,38,46,20,42,54,36,35,33,57,14,54,39,40,36,20,88,31,42,34,
940 110006914414,w192267,940 110009530573,W1754,No Shade,30,11,70,61,49,47,511,68,39,64,12,12,17,31,7,,,,,,,
940 110006914414,w192267,940 110012554759,W1609,No Shade,36,32,50,30,52,36,30,115,63,89,67,49,56,52,70,65,81,51,22,48,2,
940 110006914414,w192267,940 110012566374,2532,No Shade,17,31,49,12,18,35,33,34,89,45,151,76,19,76,172,46,25,51,56,55,23,
940 110006914414,w192267,940 110009423076,2967,No Shade,18,51,43,14,37,56,57,55,76,48,62,58,75,30,63,48,80,60,33,50,30,
940 110006914414,w192267,940 110009539735,2570,No Shade,16,28,147,11,11,34,51,46,35,52,19,20,45,51,59,29,37,30,31,,,
940 110006914414,w192267,940 110009538608,2954,No Shade,12,60,29,47,19,48,29,29,50,44,40,48,17,40,61,17,39,41,88,72,,
940 110006914414,w192267,940 110009538759,2481,No Shade,12,28,34,32,23,45,17,26,129,39,54,29,24,36,51,18,81,79,43,89,31,
940 110006914414,w192267,940 110009422169,W1683,No Shade,5,15,27,18,14,27,24,15,23,19,16,20,17,10,2,,,,,,,
940 110006914414,w192267,940 110012567583,Y465,No Shade,4,27,22,31,67,36,74,80,79,56,44,30,52,32,87,74,60,66,19,86,12,
940 110006914414,w192267,940 110006544076,3770,No Shade,24,26,47,39,34,39,22,45,39,107,66,41,72,60,90,18,34,40,15,27,12,
940 110006914414,w192267,940 110009540904,2504,No Shade,10,19,93,61,25,41,13,23,32,26,32,77,8,26,25,29,20,24,60,12,2,
940 110006914414,w192267,940 110009540316,3749,No Shade,110,49,27,34,15,25,34,34,31,41,30,56,55,50,64,72,44,56,37,29,8,
940 110006914414,w192267,940 110006544437,W192094,No Shade,10,30,20,35,27,37,34,64,22,35,39,216,41,55,22,24,34,19,49,76,,
940 110006914414,w192267,940 110012565638,2341,No Shade,9,17,23,49,22,26,36,47,188,52,73,32,90,50,65,16,20,92,40,29,112,
940 110006914414,w192267,940 110012554855,W934,No Shade,17,34,40,24,31,39,60,80,47,59,109,41,56,54,7,13,21,82,35,10,,
940 110006914414,w192267,940 110012554100,w192014,No Shade,6,20,14,5,45,51,10,21,28,11,18,63,10,66,47,16,22,44,26,42,7,
940 110006914414,w192267,940 110009541579,w192325,No Shade,7,25,49,22,56,59,24,17,30,44,20,23,,,,,,,,,,
940 110006914414,w192267,940 110012565591,2491,No Shade,16,31,22,30,17,75,38,39,25,40,52,59,47,47,34,13,266,29,20,29,17,
940 110006914414,w192267,940 110009423267,2600,No Shade,9,10,86,22,14,17,21,29,16,59,28,7,73,20,16,20,81,14,42,33,5,
940 110006914414,w192267,940 110009541499,w192256,No Shade,7,21,7,72,359,35,42,22,59,40,33,13,,,,,,,,,,
940 110006914414,w192267,940 110009538450,2486,No Shade,18,24,28,60,53,35,36,27,55,43,7,21,27,41,49,34,31,63,70,55,57,
940 110006914414,w192267,940 110009541605,2687,No Shade,13,60,70,13,51,31,35,275,69,55,45,26,62,37,46,24,21,100,93,49,47,
940 110006914414,w192267,940 110009539789,W192223,No Shade,15,16,178,59,14,32,38,35,42,25,28,50,33,69,43,28,40,46,29,35,45,
940 110006914414,w192267,940 110009539851,3759,No Shade,10,34,41,42,52,32,20,21,23,38,31,4,6,8,8,,,,,,,
940 110006914414,w192267,940 110009421841,2582,No Shade,6,20,49,43,34,52,28,26,50,24,88,44,26,74,39,78,89,74,49,8,,
940 110006914414,w192267,940 110006720785,2710,No Shade,20,24,44,39,25,48,69,78,54,36,22,30,61,69,58,60,42,76,64,47,82,
940 110006914414,w192267,940 110012554680,w192579,No Shade,11,21,43,46,52,39,28,24,50,42,31,31,15,33,85,54,24,38,63,33,1,
940 110006914414,w192267,940 110012554293,2949,No Shade,,,,,,,,7,2,9,22,15,12,73,28,66,31,26,19,38,,
940 110006914414,w192267,940 110009541227,W1695,No Shade,6,14,25,31,47,35,32,128,46,88,170,63,20,39,45,33,33,63,36,41,6,
940 110006914414,w192267,940 110009540648,W192004,No Shade,19,17,40,24,75,44,33,28,138,44,29,29,,,,,,,,,,
940 110006914414,w192267,940 110012554841,w192108,No Shade,11,13,34,32,15,41,20,42,79,76,69,27,19,55,48,45,29,40,44,4,47,2
940 110006914414,w192267,940 110012566524,W192361,No Shade,13,18,45,25,71,58,47,42,55,23,12,13,84,108,12,219,38,45,41,52,98,
940 110006914414,w192267,940 110009538791,2321,No Shade,8,18,15,13,18,14,9,21,19,10,17,12,22,63,28,28,46,267,44,24,7,
940 110006914414,w192267,940 110012565593,2565,No Shade,3,20,19,22,19,28,58,66,115,20,21,30,35,35,39,36,40,65,26,89,24,
940 110006914414,w192267,940 110009539903,w192523,No Shade,11,28,44,30,29,37,39,30,99,68,33,27,47,46,32,31,42,17,44,35,23,
940 110006914414,w192267,940 110009422824,O77,No Shade,11,31,11,40,18,37,40,49,87,16,70,118,37,52,104,50,69,81,56,84,137,
940 110006914414,w192267,940 110006543809,2616,No Shade,17,41,9,20,17,30,15,60,45,40,11,31,53,53,33,49,14,52,28,31,35,
940 110006914414,w192267,940 110009538938,2999,No Shade,14,35,18,58,34,33,28,55,65,91,61,22,30,37,28,28,25,38,32,27,46,
940 110006914414,w192267,940 110009540226,W766,No Shade,22,15,38,22,17,25,25,32,19,35,192,3,11,14,9,,,,,,,
940 110006914414,w192267,940 110009540610,2891,No Shade,11,32,25,30,13,33,23,39,45,56,27,32,16,26,25,26,37,71,21,21,,
940 110006914414,w192267,940 110006719384,2557,No Shade,11,49,38,20,25,44,15,22,36,32,46,30,48,40,77,43,39,101,33,31,30,
940 110006914414,w192267,940 110009541616,3761,No Shade,17,45,29,31,16,87,41,55,43,53,92,510,26,40,30,38,39,29,35,16,2,
940 110006914414,w192267,940 110009541085,2365,No Shade,18,27,19,38,21,23,35,74,42,29,49,17,68,91,30,13,66,45,21,19,,
940 110006914414,w192267,940 110009541010,W1751,No Shade,23,21,35,60,24,27,39,40,43,44,22,23,19,70,77,27,38,42,53,8,,
940 110006914414,w192267,940 110009541538,2514,No Shade,15,22,27,21,25,29,16,388,56,52,34,37,29,72,46,19,37,23,93,81,37,
940 110006914414,w192267,940 110006543850,w1559,No Shade,23,53,33,52,23,66,26,36,65,41,95,125,71,28,58,86,60,20,48,68,18,
940 110006914414,w192267,940 110009538716,2527,No Shade,11,34,45,50,65,20,23,16,21,25,21,5,8,5,8,,,,,,,
940 110006914414,w192267,940 110012567575,2575,No Shade,8,7,24,18,39,39,21,62,101,53,54,53,17,33,46,56,122,26,59,15,,
940 110007343200,w1570,940 110009538634,W782,Medium Shade,15,52,49,36,27,46,22,58,11,11,112,187,,,18,48,196,,,,,
940 110007343200,w1570,940 110012566578,2649,Medium Shade,12,42,45,50,51,29,50,112,42,76,271,67,,,43,30,184,142,,,,
940 110007343200,w1570,940 110009538667,w785,Medium Shade,18,65,42,21,45,53,36,53,37,49,190,116,,,41,26,122,4,,,,
940 110007343200,w1570,940 110009539788,2403,Medium Shade,19,39,33,24,32,70,41,43,37,25,85,3,,,,,,,,,,
940 110007343200,w1570,940 110009541163,w192043,Medium Shade,9,23,32,22,42,17,58,44,54,44,106,81,,,22,20,125,15,,,,
940 110007343200,w1570,940 110012567879,w9332,Medium Shade,14,10,,,,,,3,9,10,51,83,,,18,37,84,2,,,,
940 110007343200,w1570,940 110009541611,w978,Medium Shade,17,39,21,44,50,49,27,28,23,26,128,54,,,54,23,137,18,,,,
940 110007343200,w1570,940 110009538773,w9285,Medium Shade,16,26,42,29,51,45,63,38,36,35,174,12,,,12,49,143,88,,,,
940 110007343200,w1570,940 110006719983,2631,Medium Shade,12,38,30,47,43,23,28,45,69,17,140,37,,,9,25,101,8,,,,
940 110007343200,w1570,940 110012567383,w192087,Medium Shade,14,33,28,60,52,34,35,32,49,30,152,240,,,9,33,132,80,,,,
940 110007343200,w1570,940 110006544568,2927,Medium Shade,4,39,28,59,32,23,39,31,48,27,180,82,,,35,48,159,5,,,,
940 110007343200,w1570,940 110012554464,w192258,Medium Shade,8,56,29,30,33,42,47,21,58,42,100,13,,,19,26,73,40,,,,
940 110007343200,w1570,940 110012568163,2602,Medium Shade,34,29,42,55,52,71,37,50,45,30,149,45,,,11,71,132,15,,,,
940 110007343200,w1570,940 110009541581,2030,Medium Shade,14,46,51,62,57,59,67,20,139,68,130,46,,,16,59,96,147,,,,
940 110007343200,w1570,940 110006544020,2499,Medium Shade,5,31,34,32,54,96,66,84,89,29,113,102,,,21,21,205,9,,,,
940 110007343200,w1570,940 110012568175,w226,Medium Shade,18,34,28,21,22,23,27,9,32,39,114,133,,,16,44,189,9,,,,
940 110007343200,w1570,940 110006543878,3800,Medium Shade,22,37,62,31,56,50,47,20,42,21,192,111,,,22,19,116,60,,,,
940 110007343200,w1570,940 110006544998,2507,Medium Shade,39,31,32,37,59,47,42,37,40,35,187,18,,,10,67,90,5,,,,
940 110007343200,w1570,940 110019088899,3712,Medium Shade,9,46,38,38,64,56,26,46,36,30,105,81,,,15,33,102,13,,,,
940 110007343200,w1570,940 110009538645,2585,Medium Shade,10,25,43,49,32,22,36,75,40,57,100,31,,,15,4,130,2,,,,
940 110007343200,w1570,940 110009538492,w1657,Medium Shade,11,43,31,44,94,20,33,16,16,76,106,55,,,11,11,142,87,,,,
940 110007343200,w1570,940 110012554604,2666,Medium Shade,8,38,34,39,39,45,48,34,45,23,151,85,,,15,57,192,19,,,,
940 110007343200,w1570,940 110012567889,2336,Medium Shade,12,49,32,32,41,58,53,21,62,50,51,76,,,10,21,197,115,,,,
940 110007343200,w1570,940 110009541106,w9334,Medium Shade,22,61,51,111,64,49,74,68,37,43,111,173,,,21,46,116,20,,,,
940 110007343200,w1570,940 110009541554,2469,Medium Shade,24,38,38,53,62,40,33,49,65,28,177,32,,,18,17,68,,,,,
940 110007343200,w1570,940 110009540223,2531,Medium Shade,4,50,16,42,22,37,21,42,58,33,158,65,,,20,29,130,110,,,,
940 110007343200,w1570,940 110009422261,w799,Medium Shade,15,34,49,37,19,31,33,51,102,18,76,154,,,3,36,85,93,,,,
940 110007343200,w1570,940 110012567433,w800,Medium Shade,11,49,25,33,36,15,22,8,59,16,115,36,,,14,38,104,13,,,,
940 110007343200,w1570,940 110009539284,3791,Medium Shade,9,42,46,34,29,38,16,16,61,27,188,15,,,49,10,59,14,,,,
940 110007343200,w1570,940 110009540382,w723,Medium Shade,15,63,45,54,45,48,60,25,24,50,126,51,,,15,29,86,47,,,,
940 110007343200,w1570,940 110012567777,y455,Medium Shade,12,34,13,54,67,28,62,85,45,49,111,70,,,18,111,152,13,,,,
940 110007343200,w1570,940 110009530580,w192591,Medium Shade,16,35,77,23,39,37,35,42,17,11,127,63,,,33,23,124,164,,,,
940 110007343200,w1570,940 110009422295,2357,Medium Shade,13,42,34,26,51,30,34,22,52,40,126,36,,,15,30,132,23,,,,
940 110007343200,w1570,940 110006718504,w192366,Medium Shade,10,37,49,27,35,36,23,32,31,36,127,315,,,11,25,101,9,,,,
940 110007343200,w1570,940 110009541500,w192385,Medium Shade,33,49,47,30,67,42,33,34,55,40,105,44,,,22,48,94,163,,,,
940 110007343200,w1570,940 110009539438,3755,Medium Shade,13,18,34,25,16,29,15,24,31,67,142,3,,,9,6,153,49,,,,
940 110007343200,w1570,940 110012568242,w1756,Medium Shade,14,47,42,50,47,36,38,49,31,36,109,14,,,7,27,154,93,,,,
940 110007343200,w1570,940 110009540242,W253,Medium Shade,7,36,50,30,39,33,49,18,97,15,59,34,,,,,,,,,,
940 110007343200,w1570,940 110006718521,2689,Medium Shade,11,22,26,18,58,15,64,45,25,67,142,76,,,35,16,144,42,,,,
940 110007343200,w1570,940 110006544070,w192371,Medium Shade,14,40,76,29,66,65,62,30,67,79,167,98,,,18,22,140,5,,,,
940 110007343200,w1570,940 110009541424,w1679,Medium Shade,20,40,30,94,34,35,76,31,61,55,151,153,,,8,45,144,3,,,,
940 110007343200,w1570,940 110009422214,y449,Medium Shade,11,67,34,20,41,42,46,13,40,24,170,24,,,24,31,119,137,,,,
940 110007343200,w1570,940 110006544498,w192394,Medium Shade,13,20,25,53,23,35,68,14,53,105,134,75,,,12,13,184,84,,,,
940 110007343200,w1570,940 110009539776,w987,Medium Shade,18,64,34,40,30,32,16,31,22,56,61,8,,,29,15,122,18,,,,
940 110007343200,w1570,940 110009538378,Y458,Medium Shade,12,32,25,26,34,63,52,17,25,44,148,86,,,64,142,124,6,,,,
940 110007343200,w1570,940 110009540105,2489,Medium Shade,22,35,32,36,44,33,37,37,35,19,152,109,,,26,15,154,108,,,,
940 110007343200,w1570,940 110009540324,w192050,Medium Shade,12,41,50,37,44,38,72,37,99,83,126,46,,,30,12,104,8,,,,
940 110007343200,w1570,940 110009423311,2513,Medium Shade,13,30,39,25,30,50,77,83,42,61,66,10,,,13,74,100,2,,,,
940 110007343200,w1570,940 110009539528,2591,Medium Shade,14,38,44,39,51,37,34,28,42,67,217,255,,,16,59,99,2,,,,
940 110007343200,w1570,940 110009541620,2393,Medium Shade,10,24,29,50,48,41,36,64,60,67,141,6,,,15,19,133,50,,,,
940 110007343200,w1570,940 110012566812,2970,Medium Shade,18,26,72,58,49,46,95,29,27,43,143,168,,,21,24,76,14,,,,
940 110007343200,w1570,940 110009541422,w192388,Medium Shade,13,50,36,56,47,39,22,47,83,24,123,126,,,23,51,85,49,,,,
940 110007343200,w1570,940 110009539901,2960,Medium Shade,22,50,28,29,51,52,41,78,34,31,108,3,,,76,31,124,11,,,,
940 110007343200,w1570,940 110009541005,y430,Medium Shade,14,39,34,38,39,60,64,91,40,26,96,35,,,17,33,122,7,,,,
940 110007343200,w1570,940 110009422833,w192254,Medium Shade,15,40,36,33,30,47,43,46,114,45,114,68,,,42,34,198,5,,,,
940 110007343200,w1570,940 110009540715,2444,Medium Shade,9,93,25,26,30,48,46,16,22,40,135,10,,,39,24,106,19,,,,
940 110007343200,w1570,940 110006544267,w994,Medium Shade,15,40,32,54,41,27,41,28,65,62,95,54,,,9,30,83,20,,,,
940 110007343200,w1570,940 110012566552,2022,Medium Shade,21,32,46,37,48,39,23,75,77,44,143,47,,,21,49,102,166,,,,
940 110007343200,w1570,940 110012553681,2434,Medium Shade,6,41,27,32,25,15,35,11,19,63,120,93,,,7,18,86,17,,,,
940 110007343200,w1570,940 110012568279,w192503,Medium Shade,10,48,26,30,29,23,63,16,10,41,100,39,,,14,67,92,48,,,,
940 110007343200,w1570,940 110009539936,2595,Medium Shade,11,40,37,29,35,26,90,23,45,23,104,128,,,14,34,164,17,,,,
940 110007343200,w1570,940 110012566508,w9279,Medium Shade,32,22,46,46,38,40,59,24,6,24,73,24,,,22,27,130,7,,,,
940 110007343200,w1570,940 110009538761,2712,Medium Shade,14,37,38,42,41,43,23,11,40,49,248,33,,,33,71,199,162,,,,
940 110007343200,w1570,940 110009540544,2458,Medium Shade,9,43,39,50,37,50,65,51,84,54,135,35,,,5,26,119,9,,,,
940 110007343200,w1570,940 110009540065,2497,Medium Shade,10,30,52,32,57,75,42,42,59,44,147,174,,,14,25,124,97,,,,
940 110007343200,w1570,940 110006544222,3743,Medium Shade,12,43,57,41,36,17,27,37,13,21,213,101,,,11,27,69,4,,,,
940 110007343200,w1570,940 110006544411,w192123,Medium Shade,13,59,27,29,40,58,45,69,27,40,240,42,,,23,59,108,19,,,,
940 110007343200,w1570,940 110009539462,w1669,Medium Shade,5,28,28,30,16,41,21,28,24,30,188,18,,,19,26,192,78,,,,
940 110007343200,w1570,940 110006718460,2347,Medium Shade,15,26,29,57,42,24,53,25,39,30,148,90,,,14,25,141,7,,,,
940 110007343200,w1570,940 110012566414,2948,Medium Shade,7,33,30,35,28,29,40,70,59,50,153,202,,,20,75,96,54,,,,
940 110007343200,w1570,940 110006544432,w192202,Medium Shade,14,58,30,46,30,51,58,24,51,53,126,19,,,6,28,141,30,,,,
940 110007343200,w1570,940 110009540986,2021,Medium Shade,8,52,25,48,54,56,27,49,21,56,107,40,,,8,107,120,41,,,,
940 110007343200,w1570,940 110009538600,w192180,Medium Shade,12,40,43,54,80,23,20,32,50,45,59,73,,,,,,,,,,
940 110007343200,w1570,940 110012553723,W1585,Medium Shade,11,37,36,29,42,30,72,34,40,119,233,56,,,16,52,169,27,,,,
940 110007343200,w1570,940 110009420489,w192163,Medium Shade,7,32,27,15,28,38,8,37,27,50,78,9,,,8,25,92,68,,,,
940 110007343200,w1570,940 110006544262,3748,Medium Shade,8,53,37,31,26,41,54,51,66,64,180,82,,,17,40,169,18,,,,
940 110007343200,w1570,940 110009539959,2407,Medium Shade,11,33,30,38,27,42,25,24,42,57,101,36,,,14,18,68,4,,,,
940 110007343200,w1570,940 110009423033,o22,Medium Shade,12,31,25,24,38,28,37,20,27,29,194,34,,,38,25,165,69,,,,
940 110007343200,w1570,940 110009538323,3751,Medium Shade,15,77,42,26,39,46,38,23,43,54,122,8,,,19,72,104,10,,,,
940 110007343200,w1570,940 110012567369,w192576,Medium Shade,14,55,37,35,38,39,30,32,32,17,80,41,,,,,,,,,,
940 110007343200,w1570,940 110009538626,w9276,Medium Shade,9,37,20,23,31,17,24,48,46,43,168,322,,,23,83,89,10,,,,
940 110007343200,w1570,940 110012553583,w775,Medium Shade,10,28,54,54,60,64,44,67,51,55,180,39,,,3,28,99,32,,,,
940 110007343200,w1570,940 110009423237,3795,Medium Shade,13,45,47,48,40,46,30,25,81,108,180,60,,,12,27,79,145,,,,
940 110007343200,w1570,940 110012565445,W1538,Medium Shade,12,41,56,85,51,44,49,50,31,53,94,208,,,5,113,164,6,,,,
940 110007343200,w1570,940 110012566861,w192575,Medium Shade,11,51,32,33,38,39,39,38,44,44,223,84,,,9,23,136,35,,,,
940 110007343200,w1570,940 110012566817,o38,Medium Shade,18,61,32,39,65,54,23,42,93,35,134,20,,,17,43,66,131,,,,
940 110007343200,w1570,940 110009540843,w192055,Medium Shade,12,38,43,52,33,20,51,17,35,42,59,16,,,10,20,148,8,,,,
940 110007343200,w1570,940 110009541060,3727,Medium Shade,16,84,30,30,78,37,72,35,53,55,81,47,,,8,54,158,57,,,,
940 110007343200,w1570,940 110009540824,w192083,Medium Shade,12,44,34,30,168,42,34,30,22,22,177,184,,,32,31,118,30,,,,
940 110007343200,w1570,940 110012554582,w937,Medium Shade,9,36,37,45,67,28,54,43,43,48,106,49,,,8,45,131,43,,,,
940 110007343200,w1570,940 110009540482,2671,Medium Shade,12,70,68,52,49,75,50,79,48,77,348,67,,,23,47,199,27,,,,
940 110007343200,w1570,940 110009541329,w192204,Medium Shade,13,55,33,58,63,43,51,31,19,37,246,228,,,32,41,138,26,,,,
940 110007343200,w1570,940 110009538678,2944,Medium Shade,15,30,37,28,44,81,40,26,27,19,56,3,,,,,,,,,,
940 110007343200,w1570,940 110009422162,2034,Medium Shade,13,33,38,37,60,42,64,14,40,40,126,47,,,21,58,180,38,,,,
940 110007343200,w1570,940 110006543940,2350,Medium Shade,21,30,25,28,38,44,26,29,29,16,113,74,,,16,34,64,8,,,,
940 110007343200,w1570,940 110009539049,w192373,Medium Shade,36,54,48,24,39,23,39,51,81,14,128,9,,,7,20,151,8,,,,
940 110007343200,w1570,940 110009540573,2931,Medium Shade,11,24,36,47,44,59,18,5,16,28,89,29,,,35,12,116,4,,,,
940 110007343200,w1570,940 110009540542,2395,Medium Shade,21,30,36,49,30,37,63,40,59,43,130,78,,,20,33,83,56,,,,
940 110007343200,w1570,940 110006719962,w192152,Medium Shade,7,37,54,31,41,55,37,48,22,102,109,133,,,20,49,113,61,,,,
940 110007343200,w1570,940 110009540902,2479,Medium Shade,38,30,37,21,24,38,28,23,56,21,144,90,,,11,85,146,6,,,,
940 110007343200,w1570,940 110006544041,2404,Medium Shade,18,39,21,34,31,31,50,53,27,30,173,23,,,9,47,89,90,,,,
940 110007343200,w1570,940 110006544242,2573,Medium Shade,4,21,34,25,37,48,22,28,84,39,94,7,,,19,17,76,42,,,,
940 110007343200,w1570,940 110009539503,2612,Medium Shade,40,29,54,39,37,34,36,39,24,19,80,24,,,9,22,94,18,,,,
940 110007343200,w1570,940 110009423305,2400,Medium Shade,11,54,67,55,66,45,29,69,49,29,156,145,,,17,15,172,28,,,,
940 110007343200,w1570,940 110009541128,w192549,Medium Shade,12,35,36,89,41,47,22,37,47,42,191,28,,,3,39,198,158,,,,
940 110007343200,w1570,940 110006544363,w1539,Medium Shade,14,45,54,24,45,41,12,53,85,49,153,113,,,8,31,115,79,,,,
940 110007343200,w1570,940 110006720054,w967,Medium Shade,12,71,30,53,40,27,31,28,40,95,132,54,,,47,23,117,3,,,,
940 110007343200,w1570,940 110009541709,2694,Medium Shade,17,25,42,30,44,39,86,81,34,45,158,19,,,49,23,104,131,,,,
940 110007343200,w1570,940 110009540658,W1721,Medium Shade,22,53,44,39,29,65,30,36,30,49,176,45,,,1,46,78,12,,,,
940 110007343200,w1570,940 110009421837,3768,Medium Shade,6,26,24,70,42,37,31,51,26,32,168,12,,,40,40,118,16,,,,
940 110007343200,w1570,940 110006544016,y1080,Medium Shade,22,44,68,87,61,64,43,69,73,62,137,41,,,8,66,135,5,,,,
940 110007343200,w1570,940 110009539531,w1745,Medium Shade,8,59,27,40,31,40,29,39,27,35,124,16,,,26,40,119,38,,,,
940 110007343200,w1570,940 110009540342,w1531,Medium Shade,21,49,48,69,52,74,56,87,60,101,218,60,,,7,42,153,72,,,,
940 110007343200,w1570,940 110009540034,y1056,Medium Shade,14,41,33,30,34,81,37,22,21,29,83,110,,,37,32,112,22,,,,
940 110007343200,w1570,940 110009539591,2309,Medium Shade,4,46,72,25,37,29,25,28,21,28,105,21,,,7,9,92,7,,,,
940 110007343200,w1570,940 110009422264,2719,Medium Shade,6,24,41,35,33,37,25,21,58,18,164,33,,,22,43,150,32,,,,
940 110007343200,w1570,940 110009541056,y469,Medium Shade,10,26,59,88,44,32,28,12,34,27,130,54,,,20,35,109,67,,,,
940 110007343200,w1570,940 110012567544,2650,Medium Shade,3,30,23,54,47,58,19,42,17,56,126,43,,,6,18,162,5,,,,
940 110007343200,w1570,940 110009538579,w1680,Medium Shade,11,51,40,35,40,32,39,34,38,15,124,47,,,12,42,132,5,,,,
940 110007343200,w1570,940 110009540595,w778,Medium Shade,11,40,29,37,43,58,29,20,47,37,84,11,,,45,79,80,2,,,,
940 110007343200,w1570,940 110012566856,2621,Medium Shade,11,59,50,32,28,33,30,18,46,37,131,182,,,28,48,106,48,,,,
940 110007343200,w1570,940 110009540683,2571,Medium Shade,18,19,44,26,24,18,40,52,22,133,121,12,,,5,44,126,47,,,,
940 110007343200,w1570,940 110009539496,w192374,Medium Shade,5,31,12,23,33,52,31,37,42,34,127,62,,,18,40,124,13,,,,
940 110007343200,w1570,940 110006544207,2979,Medium Shade,9,34,27,33,26,22,55,58,12,75,122,38,,,45,46,83,28,,,,
940 110007343200,w1570,940 110006543993,y434,Medium Shade,14,33,25,30,41,62,28,49,20,31,76,73,,,32,41,182,57,,,,
940 110007343200,w1570,940 110012553690,w9537,Medium Shade,10,42,27,37,42,54,43,38,47,72,166,4,,,8,43,187,52,,,,
940 110007343200,w1570,940 110009541417,2367,Medium Shade,18,18,12,21,38,21,52,26,46,60,106,9,,,30,35,104,19,,,,
940 110007343200,w1570,940 110009539436,3764,Medium Shade,12,32,24,42,61,43,38,21,27,79,110,26,,,19,26,133,29,,,,
940 110007343200,w1570,940 110006544862,2628,Medium Shade,11,45,28,37,31,26,33,60,33,20,96,122,,,12,44,144,17,,,,
940 110007343200,w1570,940 110009540965,2355,Medium Shade,12,58,98,25,35,28,16,12,28,64,123,7,,,35,54,96,35,,,,
940 110007343200,w1570,940 110012565603,2942,Medium Shade,26,46,57,79,20,40,36,50,25,42,77,165,,,24,120,81,19,,,,
940 110007343200,w1570,940 110006718499,2950,Medium Shade,20,27,29,27,21,101,43,21,30,96,146,110,,,12,18,87,138,,,,
940 110007343200,w1570,940 110009540230,w1648,Medium Shade,13,30,30,40,31,28,34,36,21,31,131,22,,,19,28,117,24,,,,
940 110007343200,w1570,940 110009541058,2019,Medium Shade,19,37,31,54,35,99,69,31,41,31,130,31,,,19,27,113,3,,,,
940 110007343200,w1570,940 110009540741,2015,Medium Shade,27,34,31,56,62,45,51,59,19,30,219,12,,,16,30,163,7,,,,
940 110007343200,w1570,940 110006544692,w192595,Medium Shade,11,35,56,69,62,32,35,42,34,34,120,47,,,9,8,109,22,,,,
940 110007343200,w1570,940 110009538980,2681,Medium Shade,16,41,70,44,67,35,62,35,58,92,102,61,,,25,23,188,14,,,,
940 110007343200,w1570,940 110009541492,2574,Medium Shade,5,38,27,40,62,58,41,37,18,41,101,70,,,8,6,78,8,,,,
940 110007343200,w1570,940 110009539845,w192320,Medium Shade,14,36,57,42,46,47,42,36,40,28,155,4,,,12,38,111,1,,,,
940 110007343200,w1570,940 110009538665,y437,Medium Shade,11,34,30,34,30,29,18,73,49,65,199,9,,,7,10,103,161,,,,
940 110007343200,w1570,940 110012554097,y427,Medium Shade,13,36,19,39,44,74,29,26,92,13,253,32,,,8,27,133,5,,,,
940 110007343200,w1570,940 110009422834,w767,Medium Shade,7,40,43,27,26,33,21,18,22,43,119,80,,,16,73,108,101,,,,
940 110007343200,w1570,940 110009538792,w1622,Medium Shade,11,32,39,50,55,40,32,68,23,49,84,82,,,17,43,153,4,,,,
940 110007343200,w1570,940 110009541646,w1640,Medium Shade,21,31,33,44,25,69,44,47,56,63,119,12,,,18,32,149,7,,,,
940 110007343200,w1570,940 110012565625,y429,Medium Shade,11,29,49,39,25,17,22,86,17,41,127,31,,,12,51,106,42,,,,
940 110007343200,w1570,940 110006543890,2610,Medium Shade,9,44,48,43,39,22,29,32,31,37,178,33,,,21,30,85,9,,,,
940 110007343200,w1570,940 110006544303,w192569,Medium Shade,8,32,36,23,46,44,39,35,50,22,53,80,,,,,,,,,,
940 110007343200,w1570,940 110006544003,w192226,Medium Shade,11,36,30,21,30,63,50,38,23,32,134,22,,,17,42,69,5,,,,
940 110007343200,w1570,940 110009422288,2895,Medium Shade,6,34,36,38,33,24,43,29,32,32,61,45,,,13,12,126,1,,,,
940 110007343200,w1570,940 110009539521,2594,Medium Shade,8,38,23,40,24,29,30,23,21,53,126,77,,,24,29,158,3,,,,
940 110007343200,w1570,940 110009538657,w192255,Medium Shade,14,62,59,24,35,30,38,50,61,37,123,11,,,22,26,98,74,,,,
940 110007343200,w1570,940 110012567347,2419,Medium Shade,9,20,40,26,30,29,36,73,40,15,89,19,,,20,16,105,129,,,,
940 110007343200,w1570,940 110009540569,w192584,Medium Shade,7,59,76,28,58,28,37,11,61,59,75,27,,,17,12,104,34,,,,
940 110007343200,w1570,940 110006544508,2669,Medium Shade,11,30,49,26,37,51,47,121,93,26,92,34,,,38,38,97,151,,,,
940 110007343200,w1570,940 110009539428,2386,Medium Shade,11,41,35,42,30,34,52,58,37,68,198,29,,,19,15,90,38,,,,
940 110007343200,w1570,940 110009538983,2459,Medium Shade,7,31,29,37,25,35,52,53,24,59,61,73,,,21,46,62,2,,,,
940 110007343200,w1570,940 110006544465,w9330,Medium Shade,13,44,30,55,52,35,59,18,43,61,185,180,,,17,42,177,11,,,,
940 110007343200,w1570,940 110009539931,2521,Medium Shade,13,25,45,50,56,47,41,38,32,36,221,43,,,20,54,181,92,,,,
940 110007343200,w1570,940 110009541583,2448,Medium Shade,10,30,37,36,41,35,49,80,22,37,233,89,,,24,30,159,160,,,,
940 110007343200,w1570,940 110009541309,w784,Medium Shade,7,22,24,42,47,19,64,44,36,87,110,82,,,23,25,142,20,,,,
940 110007343200,w1570,940 110009541384,w192218,Medium Shade,17,79,42,29,40,80,84,38,94,33,119,20,,,109,143,83,150,,,,
940 110007343200,w1570,940 110012567356,w9536,Medium Shade,16,46,33,27,30,52,37,43,40,37,181,57,,,28,48,133,66,,,,
940 110007343200,w1570,940 110009538342,2718,Medium Shade,11,32,23,33,46,52,21,12,33,45,99,56,,,12,95,136,9,,,,
940 110007343200,w1570,940 110012567096,2899,Medium Shade,12,28,33,33,44,18,34,18,15,16,30,25,,,,,,,,,,
940 110007343200,w1570,940 110009539763,w192002,Medium Shade,16,34,18,37,42,57,49,16,44,43,50,86,,,5,27,153,,,,,
940 110007343200,w1570,940 110006544212,2351,Medium Shade,15,50,59,39,42,21,61,91,45,166,89,118,,,22,26,80,1,,,,
940 110007343200,w1570,940 110009540164,2038,Medium Shade,11,32,32,18,65,29,35,46,23,50,100,16,,,21,22,130,40,,,,
940 110007343200,w1570,940 110009540872,w192372,Medium Shade,8,72,23,30,17,26,32,46,98,39,82,101,,,16,22,115,55,,,,
940 110007343200,w1570,940 110009540051,2959,Medium Shade,21,48,69,60,53,59,109,47,34,179,148,56,,,11,18,93,6,,,,
940 110007343200,w1570,940 110012567670,3758,Medium Shade,8,21,30,30,23,25,16,33,38,20,147,30,,,11,29,97,121,,,,
940 110007343200,w1570,940 110009423289,w1775,Medium Shade,13,29,30,30,22,45,28,24,19,14,74,39,,,54,46,157,32,,,,
940 110007343200,w1570,940 110006720205,2648,Medium Shade,21,48,41,85,42,67,39,22,19,59,150,108,,,25,51,139,23,,,,
940 110007343200,w1570,940 110009540938,2385,Medium Shade,16,55,59,43,56,48,43,32,83,48,207,28,,,34,68,91,159,,,,
940 110007343200,w1570,940 110009538658,w192551,Medium Shade,7,59,27,26,38,25,46,32,19,66,40,22,,,11,28,65,3,,,,
940 110007343200,w1570,940 110009538820,w192186,Medium Shade,14,29,40,34,48,32,67,56,33,21,111,33,,,53,24,95,77,,,,
940 110007343200,w1570,940 110006544555,w275,Medium Shade,9,52,23,77,29,58,34,51,24,23,156,43,,,25,46,88,84,,,,
940 110007343200,w1570,940 110009541300,3757,Medium Shade,7,27,49,43,57,41,48,45,35,36,64,79,,,9,22,101,25,,,,
940 110007343200,w1570,940 110009540565,w192009,Medium Shade,11,32,36,25,31,29,67,84,15,17,87,234,,,15,94,136,,,,,
940 110007343200,w1570,940 110012565616,2894,Medium Shade,18,54,27,23,14,,,3,4,4,71,20,,,9,30,80,50,,,,
940 110007343200,w1570,940 110012567493,2478,Medium Shade,11,44,49,33,29,22,23,53,22,33,190,149,,,6,44,89,37,,,,
940 110007343200,w1570,940 110009539512,w192548,Medium Shade,10,40,38,40,46,57,30,18,22,32,180,147,,,15,32,147,3,,,,
940 110007343200,w1570,940 110009422305,2370,Medium Shade,15,40,42,26,36,104,65,7,18,26,136,15,,,6,31,112,26,,,,
940 110007343200,w1570,940 110009538466,w192323,Medium Shade,11,34,59,33,37,36,17,44,16,32,103,19,,,8,40,89,31,,,,
940 110007343200,w1570,940 110009538669,2983,Medium Shade,,,,,,,,1,12,13,35,7,,,12,38,167,6,,,,
940 110007343200,w1570,940 110012567780,y443,Medium Shade,19,62,44,36,60,30,42,74,58,80,150,49,,,27,54,144,66,,,,
940 110007343200,w1570,940 110009539892,w192012,Medium Shade,18,47,34,41,55,22,35,42,27,31,111,73,,,16,49,125,20,,,,
940 110007343200,w1570,951 000016128364,w192488,Medium Shade,16,25,55,30,43,33,11,34,96,14,114,196,,,9,17,91,34,,,,
940 110007343200,w1570,940 110009540276,2941,Medium Shade,12,33,34,47,27,45,65,56,35,56,111,148,,,20,84,141,105,,,,
940 110007343200,w1570,940 110006544776,2897,Medium Shade,14,37,42,30,29,21,16,26,111,73,127,154,,,41,48,129,11,,,,
940 110007343200,w1570,940 110006543910,2605,Medium Shade,15,50,36,26,30,39,40,65,28,87,98,76,,,12,38,144,27,,,,
940 110007343200,w1570,940 110012567015,w781,Medium Shade,9,49,48,31,43,44,23,42,146,48,321,45,,,15,48,95,70,,,,
940 110007343200,w1570,940 110009538703,2345,Medium Shade,9,30,31,65,30,24,38,19,20,54,80,179,,,20,24,107,15,,,,
940 110007343200,w1570,940 110006544830,w192386,Medium Shade,6,42,24,53,60,21,58,52,84,30,143,106,,,18,70,113,81,,,,
940 110007343200,w1570,940 110009541617,3744,Medium Shade,16,18,6,9,9,6,3,8,14,22,45,80,,,9,28,134,19,,,,
940 110007343200,w1570,940 110012567432,w192215,Medium Shade,13,26,12,27,20,36,18,16,32,38,91,166,,,25,55,92,152,,,,
940 110007343200,w1570,940 110009423264,2451,Medium Shade,13,33,34,28,38,32,58,19,28,28,82,20,,,13,12,149,84,,,,
940 110007343200,w1570,940 110009538800,3762,Medium Shade,7,34,39,23,41,29,50,86,27,15,116,44,,,17,11,135,18,,,,
940 110007343200,w1570,940 110012553990,w796,Medium Shade,13,39,40,25,41,32,48,35,20,119,166,80,,,6,12,87,2,,,,
940 110007343200,w1570,940 110009538519,3740,Medium Shade,19,29,35,33,34,25,33,25,13,80,91,66,,,9,24,147,8,,,,
940 110007343200,w1570,940 110012565629,w1772,Medium Shade,15,41,36,23,33,31,14,18,47,33,236,95,,,41,43,120,4,,,,
940 110007343200,w1570,940 110012568226,W1594,Medium Shade,18,35,23,26,43,76,20,28,21,33,191,42,,,14,49,177,27,,,,
940 110007343200,w1570,940 110012567630,w949,Medium Shade,10,33,37,49,34,61,43,88,54,44,182,121,,,10,50,134,165,,,,
940 110007343200,w1570,940 110006543952,w192381,Medium Shade,12,28,42,43,48,90,53,64,128,45,197,81,,,10,141,142,52,,,,
940 110007343200,w1570,940 110009541019,2503,Medium Shade,29,28,27,92,60,52,73,20,67,48,130,26,,,18,28,161,10,,,,
940 110007343200,w1570,940 110012566818,y445,Medium Shade,8,22,18,49,36,21,38,30,40,38,163,167,,,10,55,130,48,,,,
940 110007343200,w1570,940 110006544459,3730,Medium Shade,16,56,42,71,73,46,61,46,54,27,140,34,,,21,24,102,14,,,,
940 110007343200,w1570,940 110012568063,w192463,Medium Shade,10,56,59,127,42,31,51,39,84,49,142,15,,,11,52,136,89,,,,
940 110007343200,w1570,940 110009541432,2409,Medium Shade,14,39,21,35,34,17,32,30,109,122,120,151,,,29,11,151,9,,,,
940 110007343200,w1570,940 110012568034,Y467,Medium Shade,13,36,44,21,99,45,50,58,27,103,165,223,,,6,24,296,20,,,,
940 110007343200,w1570,940 110006719952,w192369,Medium Shade,9,37,35,32,23,55,42,21,61,41,129,101,,,14,19,141,38,,,,
940 110007343200,w1570,940 110009422310,2327,Medium Shade,15,36,41,44,41,30,30,61,38,43,90,45,,,12,117,167,56,,,,
940 110007343200,w1570,940 110012553997,w290,Medium Shade,15,21,13,29,45,15,22,19,73,37,72,57,,,22,23,94,6,,,,
940 110007343200,w1570,940 110012554739,2362,Medium Shade,15,45,49,32,50,33,44,70,90,39,199,25,,,8,34,137,6,,,,
940 110007343200,w1570,940 110009539850,w1645,Medium Shade,39,34,50,49,78,71,50,69,40,38,87,20,,,12,19,132,159,,,,
940 110007343200,w1570,940 110012553857,2408,Medium Shade,6,28,63,25,42,70,54,64,75,55,136,31,,,18,39,135,6,,,,
940 110007343200,w1570,940 110012567642,2704,Medium Shade,5,25,16,18,14,75,22,87,47,48,146,58,,,13,39,217,111,,,,
940 110007343200,w1570,940 110012565637,o40,Medium Shade,15,47,40,30,36,50,29,45,38,32,103,39,,,24,17,124,7,,,,
940 110007343200,w1570,940 110009531315,3733,Medium Shade,10,71,60,34,23,18,31,33,17,46,63,36,,,21,20,115,6,,,,
940 110007343200,w1570,940 110012568054,w192443,Medium Shade,9,88,42,67,30,54,32,105,48,58,143,94,,,20,14,87,3,,,,
940 110007343200,w1570,940 110012566440,2453,Medium Shade,5,33,22,35,34,25,23,18,44,72,131,77,,,11,23,115,10,,,,
940 110007343200,w1570,940 110009540599,2425,Medium Shade,9,42,37,40,52,44,60,34,51,39,104,254,,,5,28,170,99,,,,
940 110007343200,w1570,940 110009540590,W1726,Medium Shade,2,54,26,26,31,22,30,19,24,42,222,10,,,37,12,242,2,,,,
940 110007343200,w1570,940 110006544877,w192153,Medium Shade,13,52,70,41,59,28,135,37,27,44,91,149,,,43,20,119,34,,,,
940 110007343200,w1570,940 110009539598,2307,Medium Shade,9,30,44,24,40,38,54,18,67,59,134,9,,,8,40,120,19,,,,
940 110007343200,w1570,940 110012554827,w9534,Medium Shade,5,38,37,12,34,41,86,16,70,45,105,103,,,54,38,81,7,,,,
940 110007343200,w1570,940 110009423063,w192261,Medium Shade,10,40,32,38,36,29,19,24,94,84,118,105,,,10,87,101,18,,,,
940 110007343200,w1570,940 110006544672,y450,Medium Shade,14,28,43,43,30,32,36,47,39,57,165,72,,,17,50,158,35,,,,
940 110007343200,w1570,940 110006719421,w192010,Medium Shade,9,20,20,25,28,39,29,45,415,92,129,55,,,12,28,83,2,,,,
940 110007343200,w1570,940 110012568023,2629,Medium Shade,12,38,37,51,40,26,51,60,53,49,85,104,,,13,26,276,115,,,,
940 110007343200,w1570,940 110006545004,W1600,Medium Shade,22,45,41,70,45,31,43,34,25,30,173,291,,,39,43,155,13,,,,
940 110007343200,w1570,940 110012567418,3765,Medium Shade,16,49,43,42,46,42,35,49,24,76,164,14,,,12,82,153,89,,,,
940 110007343200,w1570,940 110009539956,y1030,Medium Shade,8,27,38,30,27,22,37,82,57,25,160,73,,,13,100,52,9,,,,
940 110007343200,w1570,940 110012553833,2699,Medium Shade,9,62,47,28,50,39,29,46,50,34,232,12,,,24,38,167,125,,,,
940 110007343200,w1570,940 110009538769,w192278,Medium Shade,6,19,43,32,23,36,35,54,35,17,64,46,,,9,44,93,1,,,,
940 110007343200,w1570,940 110006544256,3742,Medium Shade,15,37,39,47,59,27,47,56,52,37,141,40,,,22,27,101,44,,,,
940 110007343200,w1570,940 110012554600,2537,Medium Shade,12,35,21,65,73,49,48,37,40,31,102,14,,,18,55,124,29,,,,
940 110007343200,w1570,940 110009538313,w192135,Medium Shade,9,45,26,26,32,63,27,36,11,23,44,96,,,,,,,,,,
940 110007343200,w1570,940 110009538683,w984,Medium Shade,37,29,69,39,51,52,56,65,54,46,148,15,,,14,40,89,13,,,,
940 110007343200,w1570,940 110006544203,2940,Medium Shade,11,37,34,30,44,38,80,38,33,28,105,29,,,25,42,99,56,,,,
940 110007343200,w1570,940 110012564959,w9280,Medium Shade,7,44,31,59,30,53,39,62,50,38,155,31,,,9,20,97,138,,,,
940 110007343200,w1570,940 110009539869,2657,Medium Shade,18,42,32,22,36,85,49,13,35,36,101,6,,,23,24,77,17,,,,
940 110007343200,w1570,940 110006718451,y474,Medium Shade,20,34,64,42,41,51,34,103,32,52,132,76,,,25,51,181,22,,,,
940 110007343200,w1570,940 110012568355,2646,Medium Shade,15,73,38,37,53,26,40,84,46,64,225,106,,,13,9,135,94,,,,
940 110007343200,w1570,940 110009541400,w9331,Medium Shade,19,36,45,53,33,31,62,79,47,15,57,66,,,,,,,,,,
940 110007343200,w1570,940 110009541067,2623,Medium Shade,12,49,34,40,38,32,48,27,65,83,122,185,,,20,139,160,61,,,,
940 110007343200,w1570,940 110009540694,w997,Medium Shade,19,66,76,30,32,50,39,64,26,38,93,42,,,7,27,42,79,,,,
940 110007343200,w1570,940 110009539347,2373,Medium Shade,8,22,36,34,28,64,49,26,72,20,231,57,,,28,65,118,22,,,,
940 110007343200,w1570,940 110006544734,2480,Medium Shade,,,,,,,,4,9,17,89,96,,,17,30,128,69,,,,
940 110007343200,w1570,940 110009539751,w1636,Medium Shade,9,43,27,36,29,52,43,18,42,52,105,25,,,12,62,183,49,,,,
940 110007343200,w1570,940 110012567199,w192246,Medium Shade,12,40,13,13,5,,,11,5,8,79,144,,,17,33,108,139,,,,
940 110007343200,w1570,940 110009540744,2380,Medium Shade,,,,,,,,2,6,30,42,17,,,21,48,79,21,,,,
940 110007343058,2636,940 110009541457,w1797,High Shade,,,,,,,,,,,,,1,,,,,,,,,
940 110011818156,w192367,940 110012567497,2924,No Shade,12,20,68,67,24,41,35,33,45,144,43,26,39,68,72,34,121,44,93,28,,
940 110011818156,w192367,940 110009539003,3750,No Shade,,,,,,,,2,17,7,12,39,35,33,63,56,67,88,65,50,,
940 110011818156,w192367,940 110016191551,w192406,No Shade,29,32,20,34,56,34,20,47,51,65,32,29,25,26,,,,,,,,
940 110011818156,w192367,940 110012553757,w736,No Shade,5,21,23,31,28,38,22,42,40,48,71,110,68,86,74,122,98,74,62,45,,
940 110011818156,w192367,940 110012554425,2495,No Shade,11,16,30,42,50,52,59,39,49,69,37,30,17,56,35,68,102,106,109,98,,
940 110011818156,w192367,940 110009423185,2340,No Shade,11,47,34,17,24,48,18,45,50,20,48,28,30,51,25,52,58,60,55,34,,
940 110011818156,w192367,940 110009538934,W1747,No Shade,11,23,32,27,52,27,23,26,37,54,23,22,44,74,46,38,44,46,87,18,,
940 110011818156,w192367,940 110009421854,3729,No Shade,13,23,48,22,45,44,39,43,101,27,109,36,42,79,69,55,69,131,92,56,,
940 110011818156,w192367,940 110006544051,2328,No Shade,19,50,42,57,86,49,29,58,60,62,47,101,137,85,79,38,90,170,78,161,,
940 110011818156,w192367,940 110009539429,MU2938,No Shade,10,90,195,47,46,52,25,56,49,78,37,34,37,55,61,62,132,115,119,106,,
940 110011818156,w192367,940 110012566807,2696,No Shade,5,26,21,32,26,39,50,68,87,87,74,41,53,76,94,134,78,109,67,55,,
940 110011818156,w192367,940 110009422847,2024,No Shade,22,23,47,17,20,32,31,64,53,30,26,59,42,53,55,72,79,140,67,97,,
940 110011818156,w192367,940 110009539378,2378,No Shade,11,30,55,68,74,36,36,30,84,65,74,29,26,88,84,104,61,67,48,116,,
940 110011818156,w192367,940 110009539487,Y1093,No Shade,13,43,27,17,8,32,37,44,33,42,78,34,78,34,61,147,74,112,68,50,,
940 110011818156,w192367,940 110012567833,2539,No Shade,45,24,27,50,49,49,50,40,95,90,57,100,48,119,112,104,90,102,136,59,,
940 110011818156,w192367,940 110009541265,W192251,No Shade,26,79,43,41,40,36,44,72,51,65,44,70,72,54,26,101,50,56,63,42,,
940 110011818156,w192367,940 110009541522,2438,No Shade,30,29,25,35,28,37,69,31,35,89,111,49,41,119,49,51,51,77,40,28,,
940 110011818156,w192367,940 110009539138,2524,No Shade,9,29,22,34,33,50,26,49,56,61,32,27,42,83,64,66,60,124,36,21,,
940 110011818156,w192367,940 110006544506,2032,No Shade,17,31,47,31,52,42,27,34,40,38,35,82,166,42,44,33,67,87,43,78,,
940 110011818156,w192367,940 110006543857,2462,No Shade,5,62,33,30,32,40,31,33,79,64,56,41,58,45,62,73,69,90,65,89,,
940 110011818156,w192367,940 110012553575,W1506,No Shade,6,31,48,36,57,38,28,78,38,103,65,34,44,54,75,73,72,48,62,87,,
940 110011818156,w192367,940 110012567028,W1556,No Shade,3,34,38,41,66,67,56,75,42,71,43,40,77,117,82,103,114,128,45,95,,
940 110011818156,w192367,940 110006544658,2509,No Shade,13,29,41,38,22,29,59,29,27,59,123,54,174,33,31,17,59,42,24,29,,
940 110011818156,w192367,940 110006720136,2381,No Shade,11,15,25,35,31,20,16,35,31,37,22,6,13,,,,,,,,,
940 110011818156,w192367,940 110009541760,2310,No Shade,11,57,24,46,20,60,22,16,47,38,34,53,96,87,45,55,52,88,79,58,,
940 110011818156,w192367,940 110009538415,w192410,No Shade,4,44,28,45,10,22,34,14,36,37,31,24,31,84,29,57,84,76,42,48,,
940 110011818156,w192367,940 110009540874,2637,No Shade,12,25,27,125,30,31,47,39,73,48,39,56,63,54,74,134,114,133,118,66,,
940 110011818156,w192367,940 110012568263,2994,No Shade,6,20,44,45,38,33,70,47,46,28,72,38,38,89,110,93,32,73,160,65,,
940 110011818156,w192367,940 110009540403,2353,No Shade,16,16,50,29,23,28,21,19,31,54,28,43,18,42,62,89,69,48,26,14,,
940 110011818156,w192367,940 110009539785,2493,No Shade,12,28,89,42,49,47,69,42,52,53,110,58,36,74,64,49,119,61,79,6,,
940 110011818156,w192367,940 110006720740,2977,No Shade,8,28,30,61,16,36,20,27,39,55,64,34,24,47,55,30,60,66,55,16,,
940 110011818156,w192367,940 110009421855,2572,No Shade,10,40,29,40,24,27,34,41,15,48,24,6,10,8,6,,,,,,,
940 110011818156,w192367,940 110012566988,2561,No Shade,8,26,74,69,67,78,60,85,52,50,26,88,68,55,53,41,81,69,112,100,,
940 110011818156,w192367,940 110009539086,w1547,No Shade,13,33,38,29,61,80,32,34,75,59,36,43,21,34,50,73,56,52,33,77,,
940 110011818156,w192367,940 110009539979,W192358,No Shade,7,31,85,33,52,41,31,29,58,77,41,77,72,70,35,31,115,114,65,137,,
940 110011818156,w192367,940 110006543881,2439,No Shade,19,26,68,48,20,66,54,81,85,83,87,33,59,74,140,70,141,129,167,112,,
940 110011818156,w192367,940 110006544025,2545,No Shade,11,14,44,36,33,14,23,16,43,41,47,97,50,52,71,94,123,77,29,,,
940 110011818156,w192367,940 110009540770,2427,No Shade,11,29,32,22,19,56,50,11,95,34,62,65,32,23,35,44,62,28,38,16,,
940 110011818156,w192367,940 110009423262,W192426,No Shade,19,69,33,35,15,32,25,32,22,65,40,32,44,49,66,34,57,53,72,66,,
940 110011818156,w192367,940 110009538664,2437,No Shade,6,18,20,18,19,30,26,21,45,66,58,39,70,38,25,66,59,49,73,23,,
940 110011818156,w192367,940 110009539860,2622,No Shade,1,51,48,28,28,56,29,34,38,29,31,9,9,14,5,,,,,,,
940 110011818156,w192367,940 110009540374,2928,No Shade,7,31,32,21,17,31,17,19,38,29,20,54,54,43,45,137,86,113,60,94,,
940 110011818156,w192367,940 110009421996,w9562,No Shade,11,63,40,17,9,33,13,23,27,42,85,49,32,42,64,70,92,89,76,37,,
940 110011818156,w192367,940 110012567561,2445,No Shade,6,20,78,85,48,46,16,70,43,44,35,49,63,45,87,137,120,113,59,112,,
940 110011818156,w192367,940 110009538672,2549,No Shade,13,30,23,21,13,22,16,51,36,64,39,20,7,,,,,,,,,
940 110011818156,w192367,940 110009539709,W192166,No Shade,4,20,17,119,18,75,56,43,42,47,40,50,53,81,38,71,70,66,42,124,,
940 110011818156,w192367,940 110006544091,w192160,No Shade,9,41,46,39,36,56,30,42,82,71,95,132,98,39,86,48,93,67,67,26,,
940 110011818156,w192367,940 110012554697,2329,No Shade,7,32,39,34,68,41,67,98,44,80,26,53,26,41,53,96,80,134,97,70,,
940 110011818156,w192367,940 110009539914,2604,No Shade,16,32,34,54,67,39,21,64,45,60,70,49,57,75,33,137,94,53,41,54,,
940 110011818156,w192367,940 110006544309,2423,No Shade,14,60,45,35,20,23,90,48,88,37,58,40,52,75,99,83,101,135,106,76,,
940 110011818156,w192367,940 110012565400,W300,No Shade,11,33,26,12,37,31,36,31,24,24,19,96,30,20,,,,,,,,
940 110011818156,w192367,940 110012554430,2530,No Shade,26,52,49,102,32,25,34,28,68,56,62,64,35,35,60,67,137,63,55,39,,
940 110011818156,w192367,940 110009538497,2947,No Shade,17,32,30,55,23,134,47,61,29,58,75,58,48,25,48,35,76,49,43,24,,
940 110011818156,w192367,940 110009538382,O45,No Shade,15,38,40,24,17,19,36,30,57,39,55,37,92,44,40,39,94,80,67,128,,
940 110011818156,w192367,940 110006544980,2981,No Shade,13,27,23,13,14,37,27,20,42,46,93,50,26,41,30,48,53,54,41,45,,
940 110011818156,w192367,940 110009539504,2716,No Shade,6,25,25,17,15,20,21,41,79,40,39,28,39,44,28,55,90,51,37,16,,
940 110011818156,w192367,940 110012565619,w797,No Shade,10,26,21,22,25,31,17,16,81,54,48,45,22,34,34,57,63,45,111,30,,
940 110011818156,w192367,940 110009422300,2962,No Shade,10,54,33,18,14,35,38,44,41,67,40,37,56,64,33,83,91,38,59,21,,
940 110011818156,w192367,940 110006544403,W1707,No Shade,10,38,19,21,20,25,22,43,20,55,51,18,22,54,41,69,86,59,85,31,,
940 110011818156,w192367,940 110006543939,W192556,No Shade,14,67,45,37,30,45,33,46,43,53,66,39,61,52,35,44,49,58,98,21,,
940 110011818156,w192367,940 110012567496,o21,No Shade,8,30,33,47,91,51,23,36,34,52,65,34,50,80,44,123,84,126,74,86,,
940 110011818156,w192367,940 110012554130,w192330,No Shade,11,37,31,91,49,21,25,53,63,69,50,32,47,57,55,68,64,53,53,12,,
940 110011818156,w192367,940 110009423027,2635,No Shade,20,39,34,21,33,60,53,69,97,58,38,56,33,43,58,71,69,151,64,50,,
940 110011818156,w192367,940 110009539115,w232,No Shade,13,19,25,20,33,14,39,26,12,58,98,41,23,37,30,53,66,38,44,17,,
940 110011818156,w192367,940 110009423180,W1654,No Shade,26,47,35,69,38,40,35,52,78,49,62,29,36,101,87,85,86,93,93,76,,
940 110011818156,w192367,940 110012553725,2411,No Shade,20,23,43,56,23,33,56,65,69,38,83,59,25,61,86,116,52,114,104,74,,
940 110011818156,w192367,940 110009540172,w9561,No Shade,9,27,22,16,28,35,33,38,80,38,52,38,35,68,64,82,79,80,134,31,,
940 110011818156,w192367,940 110006544786,W9511,No Shade,14,30,80,34,23,38,18,51,52,50,58,27,22,60,46,30,53,102,109,13,,
940 110011818156,w192367,940 110012566693,2708,No Shade,14,32,33,62,42,33,59,19,61,67,54,72,27,54,101,85,122,84,126,97,,
940 110011818156,w192367,940 110009539447,w9281,No Shade,17,55,45,35,62,28,44,47,64,75,79,33,23,120,106,86,67,193,60,117,,
940 110011818156,w192367,940 110006718507,W192313,No Shade,42,31,28,46,54,42,47,76,60,63,52,54,74,48,54,50,92,80,127,110,,
940 110011818156,w192367,940 110009541144,W9559,No Shade,13,19,30,22,16,22,30,39,30,66,62,32,52,42,58,53,28,33,45,31,,
940 110011818156,w192367,940 110012565504,2466,No Shade,11,22,27,49,47,44,58,25,47,85,75,52,48,99,66,148,91,108,116,72,,
940 110011818156,w192367,940 110009423327,3738,No Shade,10,78,67,31,25,33,19,53,31,61,96,70,53,19,54,28,59,53,35,12,,
940 110011818156,w192367,940 110009422821,W1673,No Shade,8,26,22,12,14,15,25,16,30,32,11,48,26,43,69,52,45,77,46,132,,
940 110011818156,w192367,940 110009539831,2971,No Shade,13,24,24,54,39,35,35,41,38,60,54,118,86,56,67,90,101,56,87,25,,
940 110011818156,w192367,940 110012564878,w192408,No Shade,7,28,41,53,43,59,42,27,69,32,52,56,66,87,31,67,45,56,49,59,,
940 110011818156,w192367,940 110012553565,3753,No Shade,8,43,47,56,158,37,20,46,67,116,62,58,34,49,78,36,101,54,54,63,,
940 110011818156,w192367,940 110009540104,w192057,No Shade,13,43,43,32,38,29,26,90,53,71,85,102,20,59,73,64,114,74,29,40,,
940 110011818156,w192367,940 110009538686,2482,No Shade,22,44,56,22,24,43,43,48,37,59,39,59,73,57,89,125,85,106,133,40,,
940 110011818156,w192367,940 110006720732,2673,No Shade,17,34,43,34,22,48,26,43,21,52,97,86,74,29,50,31,52,72,92,29,,
940 110011818156,w192367,940 110012565614,2945,No Shade,14,24,23,33,123,40,24,46,18,71,55,56,55,49,80,104,138,85,25,24,,
940 110011818156,w192367,940 110009539482,W1619,No Shade,5,95,24,21,36,24,28,49,31,41,27,45,96,56,17,64,51,27,61,21,,
940 110011818156,w192367,940 110009423168,Y457,No Shade,9,30,25,28,33,29,26,44,54,61,41,34,30,65,120,121,73,106,89,54,,
940 110011818156,w192367,940 110009541593,3767,No Shade,6,30,51,38,118,127,30,39,44,94,51,60,69,72,104,111,74,79,78,69,,
940 110011818156,w192367,940 110006544321,2597,No Shade,13,43,27,55,15,40,39,24,26,38,91,85,50,46,96,55,46,23,65,29,,
940 110011818156,w192367,940 110009538666,Y1064,No Shade,10,56,16,31,12,49,18,47,44,31,99,36,23,25,23,36,47,56,26,8,,
940 110011818156,w192367,940 110009540194,2930,No Shade,7,54,21,23,33,30,28,59,46,97,23,39,41,27,49,41,88,71,86,33,,
940 110011818156,w192367,940 110009539281,w192005,No Shade,18,12,53,44,36,27,79,56,35,47,30,55,47,54,41,54,63,61,33,83,,
940 110011818156,w192367,940 110009538618,w192356,No Shade,8,25,16,17,12,21,20,14,46,26,9,9,8,8,4,,,,,,,
940 110011818156,w192367,940 110009539841,2548,No Shade,18,23,30,46,36,29,26,85,37,45,47,39,58,53,31,35,73,45,118,81,,
940 110011818156,w192367,940 110009539563,w192086,No Shade,9,28,30,17,26,20,44,38,37,55,66,90,46,40,99,57,57,72,114,40,,
940 110011818156,w192367,940 110006544577,2608,No Shade,6,47,35,53,26,25,29,94,106,56,76,51,94,62,63,143,69,125,73,152,,
940 110011818156,w192367,940 110012567577,W993,No Shade,21,25,37,47,51,30,48,48,50,49,46,30,35,88,68,45,101,59,64,27,,
940 110011818156,w192367,940 110009540716,2101,No Shade,11,21,33,28,64,56,20,32,44,36,66,23,49,45,36,78,90,64,41,45,,
940 110011818156,w192367,940 110012565516,Y1053,No Shade,10,24,32,27,31,25,22,47,37,23,75,72,39,36,53,48,58,61,97,22,,
940 110011818156,w192367,940 110009539060,W1612,No Shade,12,25,30,43,26,41,34,42,30,54,26,13,39,29,33,98,46,50,48,,,
940 110011818156,w192367,940 110006720535,w192402,No Shade,10,46,39,27,32,40,36,24,48,61,85,74,45,45,39,85,62,49,77,33,,
940 110011818156,w192367,940 110012553572,2528,No Shade,8,24,53,47,47,13,56,55,50,58,25,61,48,68,46,74,89,95,217,135,,
940 110011818156,w192367,940 110009539817,2540,No Shade,10,19,33,26,13,58,22,27,51,61,31,24,26,72,55,89,75,82,82,73,,
940 110011818156,w192367,940 110006545066,9284,No Shade,3,49,47,38,33,50,72,101,50,36,42,87,103,91,94,135,92,160,114,129,,
940 110011818156,w192367,940 110009540984,W9513,No Shade,5,35,39,31,41,42,39,34,58,74,74,24,72,37,69,62,73,44,41,28,,
940 110011818156,w192367,940 110009540097,2707,No Shade,9,32,30,30,48,23,42,32,32,45,20,29,29,34,44,21,57,92,57,46,,
940 110011818156,w192367,940 110009538917,2342,No Shade,84,27,36,8,16,33,26,33,18,33,35,21,51,34,85,26,41,84,83,32,,
940 110011818156,w192367,940 110009539843,2388,No Shade,9,30,43,46,33,80,25,28,29,72,44,32,35,52,63,68,80,113,47,58,,
940 110011818156,w192367,940 110009422875,2517,No Shade,13,32,64,55,20,25,55,43,36,20,75,38,43,60,17,27,55,57,22,47,,
940 110011818156,w192367,940 110009423261,3725,No Shade,,,,,,,,9,5,5,23,34,43,47,32,53,76,44,19,29,,
940 110011818156,w192367,940 110009539369,W841,No Shade,23,32,49,24,43,102,32,82,49,84,86,55,31,79,71,114,102,158,110,142,,
940 110011818156,w192367,940 110012554069,W788,No Shade,11,22,29,36,35,35,43,51,160,39,74,59,57,30,91,30,58,54,70,26,,
940 110011818156,w192367,940 110006545070,2898,No Shade,11,53,63,39,30,46,33,44,37,56,68,66,73,31,33,62,60,90,75,54,,
940 110011818156,w192367,940 110012567070,W280,No Shade,9,24,35,29,42,36,34,90,43,66,50,42,31,123,65,54,86,57,69,84,,
940 110011818156,w192367,940 110012567032,w192236,No Shade,4,20,42,25,43,37,14,42,35,26,59,53,83,30,47,98,60,111,43,66,,
940 110011818156,w192367,940 110009423147,W229,No Shade,7,26,16,23,12,43,27,28,30,48,63,30,40,62,93,90,113,124,104,91,,
940 110011818156,w192367,940 110009540753,Y422,No Shade,6,9,12,30,27,19,54,4,35,33,73,20,38,40,9,44,35,33,26,18,,
940 110011818156,w192367,940 110006720157,Y1074,No Shade,16,30,44,39,37,52,40,29,22,53,75,76,73,62,62,46,54,52,148,118,,
940 110011818156,w192367,940 110006544447,3720,No Shade,13,22,28,20,10,29,16,18,48,77,39,21,27,45,37,62,113,68,79,25,,
940 110011818156,w192367,940 110009539352,2677,No Shade,5,18,18,12,27,22,31,15,38,77,24,10,23,64,36,114,74,57,64,28,,
940 110011818156,w192367,940 110009540139,2695,No Shade,22,34,25,12,11,30,24,34,24,13,14,28,33,54,29,51,47,41,41,31,,
940 110011818156,w192367,940 110009538976,2583,No Shade,13,32,26,22,31,47,67,35,44,69,39,36,8,,,,,,,,,
940 110011818156,w192367,940 110009538609,Y1102,No Shade,14,26,85,46,51,36,66,15,75,20,49,70,85,50,44,42,73,42,47,12,,
940 110011818156,w192367,940 110009538631,2618,No Shade,12,31,37,13,60,41,72,62,74,47,94,91,31,16,24,17,55,51,37,30,,
940 110011818156,w192367,940 110009538648,2554,No Shade,10,103,40,22,34,57,20,59,48,48,109,60,43,66,34,107,59,87,48,50,,
940 110011818156,w192367,940 110006720825,2567,No Shade,22,34,22,42,48,36,11,48,31,37,25,41,60,22,36,67,66,82,41,16,,
940 110011818156,w192367,940 110012553817,W1771,No Shade,5,38,19,31,44,45,19,29,76,49,24,25,40,50,41,25,56,55,51,115,,
940 110011818156,w192367,940 110009540534,W765,No Shade,10,14,22,18,19,29,21,80,55,40,58,61,34,54,36,33,76,41,76,19,,
940 110011818156,w192367,940 110009538770,2318,No Shade,14,27,17,31,39,51,36,39,28,55,18,23,43,27,28,29,41,24,24,20,,
940 110011818156,w192367,940 110006544551,W192170,No Shade,3,27,38,49,21,24,35,20,48,48,84,25,61,90,91,86,90,64,55,19,,
940 110011818156,w192367,940 110009538656,w768,No Shade,8,66,103,36,50,61,23,52,,,,1,10,1,,,2,,,,,
940 110011818156,w192367,940 110009539773,2968,No Shade,12,29,53,64,108,34,42,40,98,34,37,23,65,31,55,74,71,69,109,51,,
940 110011818156,w192367,940 110009540395,Y452,No Shade,16,53,20,46,11,45,48,55,41,16,45,45,33,39,7,17,67,19,43,55,,
940 110011818156,w192367,940 110006543882,W293,No Shade,19,22,52,46,115,72,26,23,47,57,31,48,17,74,86,58,107,154,135,33,,
940 110011818156,w192367,940 110009538595,2672,No Shade,5,61,75,28,25,35,65,33,52,46,40,25,42,61,98,24,44,54,65,86,,
940 110011818156,w192367,940 110009541386,W1540,No Shade,4,28,31,30,64,60,51,35,31,59,50,73,52,49,23,48,37,37,46,32,,
940 110011818156,w192367,940 110009540814,2397,No Shade,7,41,46,54,27,67,33,44,44,70,62,43,24,42,105,24,56,34,24,23,,
940 110011818156,w192367,940 110009540871,W192301,No Shade,18,35,23,22,12,36,22,49,68,20,44,31,47,47,58,83,88,91,88,39,,
940 110011818156,w192367,940 110009539357,W192096,No Shade,21,23,40,34,14,58,26,71,53,30,27,37,40,57,44,68,63,52,53,22,,
940 110011818156,w192367,940 110012566859,2536,No Shade,13,23,41,29,32,32,56,84,81,72,55,113,72,45,64,42,64,87,112,17,,
940 110011818156,w192367,940 110006544371,2625,No Shade,3,26,34,34,51,57,21,52,44,39,94,50,148,39,118,67,54,44,26,71,,
940 110011818156,w192367,940 110009540453,3794,No Shade,12,35,22,30,28,62,35,17,46,14,96,109,74,121,33,38,31,32,56,59,,
940 110011818156,w192367,940 110009538339,Y464,No Shade,4,39,29,30,31,23,55,49,35,60,56,87,57,21,97,39,80,66,85,44,,
940 110011818156,w192367,940 110012553568,2401,No Shade,13,30,26,18,31,47,80,29,53,53,86,26,73,60,224,34,85,76,51,33,,
940 110011818156,w192367,940 110009538750,3715,No Shade,5,35,51,33,45,44,40,48,64,49,49,41,38,82,50,31,91,85,92,56,,
940 110011818156,w192367,940 110012565654,W9560,No Shade,4,43,38,19,33,53,40,48,32,37,20,32,167,46,54,97,60,66,28,26,,
940 110011818156,w192367,940 110012553813,2593,No Shade,19,24,20,18,20,25,16,17,15,38,4,6,6,2,2,,,,,,,
940 110011818156,w192367,940 110012554149,W923,No Shade,25,40,48,44,85,23,49,28,62,51,45,56,74,38,80,63,94,141,130,83,,
940 110011818156,w192367,940 110012567013,2965,No Shade,14,7,47,39,16,36,58,47,85,57,65,37,33,114,104,69,70,52,86,49,,
940 110011818156,w192367,940 110009540426,2463,No Shade,8,24,25,29,6,27,26,40,71,22,43,34,40,60,61,146,55,46,62,89,,
940 110011818156,w192367,940 110009541497,2680,No Shade,19,35,53,28,73,23,41,40,42,78,41,40,39,50,79,84,87,71,160,31,,
940 110011818156,w192367,940 110009541612,w1741,No Shade,9,28,21,20,23,18,55,27,25,53,33,25,61,25,18,25,45,100,88,32,,
940 110011818156,w192367,940 110012554102,w1562,No Shade,14,42,35,56,89,63,83,37,55,63,68,100,74,59,96,138,90,51,107,115,,
940 110011818156,w192367,940 110009539564,o41,No Shade,23,47,23,24,5,18,57,22,27,48,37,43,25,34,54,38,42,31,47,18,,
940 110011818156,w192367,940 110012567439,3797,No Shade,14,38,34,63,39,52,37,33,32,35,66,76,39,31,68,69,53,72,26,124,,
940 110011818156,w192367,940 110006719998,2598,No Shade,8,37,34,35,7,52,22,122,26,22,13,27,36,39,33,19,18,42,19,15,,
940 110011818156,w192367,940 110012565646,w1578,No Shade,14,35,69,54,92,59,95,32,41,50,30,48,54,50,48,78,90,57,36,65,,
940 110011818156,w192367,940 110009541075,W1552,No Shade,74,44,43,28,35,33,28,34,68,53,55,57,22,68,50,65,35,50,48,38,,
940 110011818156,w192367,940 110012567023,2512,No Shade,13,22,17,35,42,39,46,28,115,50,42,44,56,97,88,72,79,98,247,73,,
940 110011818156,w192367,940 110012566899,Y488,No Shade,2,25,18,22,30,43,34,16,40,71,65,68,81,79,15,23,73,53,36,45,,
940 110011818156,w192367,940 110006720451,2584,No Shade,15,36,42,24,22,28,72,26,15,34,51,46,74,97,47,60,34,73,27,35,,
940 110011818156,w192367,940 110012566754,w9283,No Shade,14,16,19,26,31,36,23,42,37,23,27,97,19,32,5,,,,,,,
940 110011818156,w192367,940 110012553844,w192051,No Shade,4,31,70,55,33,29,56,27,79,40,47,91,33,55,102,102,98,94,90,104,,
940 110011818156,w192367,940 110012554559,2429,No Shade,12,21,33,30,34,23,23,27,55,57,71,40,38,62,49,51,39,60,26,12,,
940 110011818156,w192367,940 110009421856,w192145,No Shade,12,29,44,22,43,25,77,30,61,43,54,33,71,56,72,40,83,69,115,90,,
940 110011818156,w192367,940 110009539365,2988,No Shade,11,38,38,36,37,46,55,60,46,19,45,49,83,50,34,70,71,115,53,50,,
940 110011818156,w192367,940 110009540821,2542,No Shade,2,57,59,21,15,22,57,23,30,54,30,36,37,46,59,44,56,33,22,17,,
940 110011818156,w192367,940 110009422827,2450,No Shade,11,39,24,37,46,77,44,55,37,41,20,45,25,23,32,32,51,42,74,54,,
940 110011818156,w192367,940 110006544572,2617,No Shade,7,29,29,14,20,40,25,35,64,28,61,40,92,50,82,97,84,48,71,41,,
940 110011818156,w192367,940 110009540303,Y1115,No Shade,5,24,42,36,17,35,47,27,48,33,67,73,54,56,78,121,78,92,112,153,,
940 110011818156,w192367,940 110012566852,2896,No Shade,19,34,27,41,21,39,49,51,44,106,93,34,45,47,47,77,44,58,56,64,,
940 110011818156,w192367,940 110009539590,2471,No Shade,60,70,45,36,46,31,28,28,27,53,43,59,64,65,122,81,59,50,56,22,,
940 110011818156,w192367,940 110006543923,2035,No Shade,10,38,31,38,42,64,30,51,66,48,47,73,46,56,48,59,26,54,77,32,,
940 110011818156,w192367,940 110012565605,w192212,No Shade,18,30,52,33,63,30,43,51,38,95,67,59,81,33,65,53,125,63,50,50,,
940 110011818156,w192367,940 110009538728,2611,No Shade,4,26,19,20,20,31,29,61,33,105,47,60,41,59,54,62,83,56,52,35,,
940 110011818156,w192367,940 110009539538,3745,No Shade,42,27,50,40,41,26,39,28,38,46,37,49,80,88,48,55,91,66,65,38,,
940 110011818156,w192367,940 110006719959,2946,No Shade,5,28,53,24,33,30,29,29,30,55,100,30,44,46,31,43,76,60,46,10,,
940 110011818156,w192367,940 110009538594,2576,No Shade,13,42,42,33,24,22,72,58,39,42,67,118,22,49,52,72,46,127,40,,,
940 110011818156,w192367,940 110006720550,2525,No Shade,18,26,26,29,36,33,36,55,32,66,33,20,58,58,34,92,46,63,60,36,,
940 110011818156,w192367,940 110006720713,2519,No Shade,13,34,29,45,26,17,54,37,59,39,31,56,64,64,63,50,69,76,50,43,,
940 110011818156,w192367,940 110009540288,2406,No Shade,8,35,13,27,36,16,35,32,24,30,37,18,16,,,,,,,,,
940 110011818156,w192367,940 110012567072,2952,No Shade,12,28,31,34,27,58,32,44,37,45,53,30,97,28,85,67,40,78,74,61,,
940 110011818156,w192367,940 110006544542,3735,No Shade,11,27,49,28,64,60,51,64,69,47,51,26,53,44,44,38,36,63,82,46,,
940 110011818156,w192367,940 110009539082,3798,No Shade,15,25,24,72,23,31,18,37,28,31,69,44,39,89,53,33,44,58,85,32,,
940 110011818156,w192367,940 110006544245,2929,No Shade,16,40,44,50,13,32,35,41,77,24,38,38,68,34,89,89,77,131,46,54,,
940 110011818156,w192367,940 110009539736,y1110,No Shade,13,29,48,38,29,99,40,31,79,53,59,54,61,122,59,79,109,150,111,76,,
940 110011818156,w192367,940 110009422306,2415,No Shade,10,26,14,15,23,32,31,25,24,12,9,17,138,19,54,31,46,54,42,18,,
940 110011818156,w192367,940 110009422259,2652,No Shade,9,40,45,30,75,54,8,22,41,53,49,33,81,78,46,27,114,90,95,125,,
940 110011818156,w192367,940 110009538695,W192286,No Shade,9,35,40,14,16,54,22,27,76,93,47,32,42,69,111,54,77,73,56,29,,
940 110011818156,w192367,940 110009538619,W952,No Shade,22,26,43,39,16,59,29,55,27,56,35,20,36,26,35,59,52,50,16,,,
940 110011818156,w192367,940 110009422194,2405,No Shade,19,51,36,43,42,42,29,40,38,36,114,72,41,65,43,43,64,38,59,22,,
940 110011818156,w192367,940 110009540560,W192436,No Shade,15,30,25,41,42,33,53,79,43,36,57,64,97,63,72,19,36,53,61,43,,
940 110011818156,w192367,940 110009540428,W1698,No Shade,17,43,37,39,16,45,106,40,45,29,49,10,5,3,12,6,9,8,14,1,,
940 110011818156,w192367,940 110012566439,2475,No Shade,8,18,112,36,45,36,16,28,26,39,26,18,39,53,45,56,82,39,95,44,,
940 110011818156,w192367,940 110006543874,Y499,No Shade,26,20,32,53,42,42,25,30,62,61,96,86,40,65,59,32,100,106,46,26,,
940 110011818156,w192367,940 110006544250,Y1018,No Shade,10,33,15,7,,,,8,13,21,13,49,38,21,40,71,61,54,70,83,,
940 110011818156,w192367,940 110009541648,2664,No Shade,18,34,33,58,34,31,69,61,40,93,78,98,47,53,47,78,77,150,45,20,,
940 110011818156,w192367,940 110009541057,w192346,No Shade,6,67,30,10,12,72,18,31,34,83,23,83,38,14,41,41,76,29,61,104,,
940 110011818156,w192367,940 110009538428,3721,No Shade,15,18,61,43,28,43,43,62,52,64,53,91,76,66,87,51,60,72,71,57,,
940 110011818156,w192367,940 110012567361,2577,No Shade,9,42,86,25,20,42,43,25,51,52,17,21,15,,,,,,,,,
940 110011818156,w192367,940 110012554703,2632,No Shade,7,49,80,49,82,40,54,65,64,24,53,27,65,2,,,,,,,,
940 110011818156,w192367,940 110012554665,2937,No Shade,18,28,27,84,118,43,50,22,36,103,42,34,43,39,64,23,86,67,96,33,,
940 110011818156,w192367,940 110006719427,2339,No Shade,17,30,49,56,46,76,68,47,39,97,65,47,66,74,72,80,100,122,98,98,,
940 110011818156,w192367,940 110009541333,w192437,No Shade,11,36,33,64,17,34,46,49,14,44,23,57,81,31,34,69,89,70,51,79,,
940 110011818156,w192367,940 110009530573,W1754,No Shade,14,25,42,56,34,55,60,36,50,49,29,6,5,15,8,,,,,,,
940 110011818156,w192367,940 110012554759,W1609,No Shade,56,26,64,24,52,41,17,41,28,51,55,13,51,18,51,44,197,83,135,26,,
940 110011818156,w192367,940 110012566374,2532,No Shade,14,21,33,52,45,35,74,35,59,65,84,56,42,41,181,92,68,49,189,210,,
940 110011818156,w192367,940 110009423076,2967,No Shade,23,50,29,34,18,37,43,25,70,65,53,81,93,34,55,88,109,34,49,51,,
940 110011818156,w192367,940 110009539735,2570,No Shade,12,31,53,40,17,34,44,55,66,46,62,35,48,68,83,66,119,34,71,,,
940 110011818156,w192367,940 110009538608,2954,No Shade,15,76,32,40,16,59,76,23,36,44,61,33,62,45,48,38,56,47,75,147,,
940 110011818156,w192367,940 110009538759,2481,No Shade,10,22,29,51,17,46,30,42,160,28,74,96,24,93,40,43,94,111,46,135,,
940 110011818156,w192367,940 110009422169,W1683,No Shade,7,42,20,32,15,35,34,19,15,18,35,17,31,7,2,,,,,,,
940 110011818156,w192367,940 110012567583,Y465,No Shade,10,15,30,46,55,27,33,46,82,71,95,31,35,66,59,108,91,123,77,60,,
940 110011818156,w192367,940 110006544076,3770,No Shade,22,23,56,32,38,40,68,63,29,85,55,41,56,63,57,34,113,47,77,50,,
940 110011818156,w192367,940 110009540904,2504,No Shade,6,31,50,49,11,32,17,37,62,39,37,22,13,19,25,17,28,31,18,4,,
940 110011818156,w192367,940 110009540316,3749,No Shade,20,39,49,45,34,34,45,31,65,49,65,83,38,82,125,69,137,126,257,97,,
940 110011818156,w192367,940 110006544437,W192094,No Shade,15,23,41,37,18,23,20,21,46,39,27,78,56,31,40,47,107,58,90,47,,
940 110011818156,w192367,940 110012565638,2341,No Shade,12,25,24,19,47,48,30,14,175,42,58,36,67,49,63,41,56,87,35,60,,
940 110011818156,w192367,940 110012554855,W934,No Shade,21,36,57,32,42,44,35,34,32,53,46,50,40,28,46,33,77,73,78,26,,
940 110011818156,w192367,940 110012554100,w192014,No Shade,1,36,17,25,65,45,18,27,62,16,48,72,29,50,36,70,62,84,69,32,,
940 110011818156,w192367,940 110009541579,w192325,No Shade,8,37,61,34,136,71,27,34,35,27,40,56,,,,,,,,,,
940 110011818156,w192367,940 110012565591,2491,No Shade,7,34,44,52,15,39,47,30,56,35,86,81,76,53,32,24,101,49,59,40,,
940 110011818156,w192367,940 110009423267,2600,No Shade,5,34,113,42,11,31,23,36,32,41,31,25,69,43,25,32,66,38,36,88,,
940 110011818156,w192367,940 110009541499,w192256,No Shade,7,39,10,33,73,24,28,25,27,27,59,49,,,,,,,,,,
940 110011818156,w192367,940 110009538450,2486,No Shade,20,34,17,42,78,34,30,65,27,32,17,39,33,40,78,75,49,75,65,93,,
940 110011818156,w192367,940 110009541605,2687,No Shade,13,52,23,28,42,37,21,117,49,68,43,35,80,45,65,61,75,110,78,147,,
940 110011818156,w192367,940 110009539789,W192223,No Shade,13,20,55,40,44,67,32,50,44,53,33,56,46,94,80,75,106,57,51,35,,
940 110011818156,w192367,940 110009539851,3759,No Shade,19,31,25,42,36,23,21,46,44,62,34,5,9,10,3,,,,,,,
940 110011818156,w192367,940 110009421841,2582,No Shade,12,21,34,66,61,42,34,60,58,53,70,50,47,112,49,165,100,73,140,20,,
940 110011818156,w192367,940 110006720785,2710,No Shade,19,67,56,66,29,74,56,110,51,88,46,98,65,101,99,158,121,194,125,128,,
940 110011818156,w192367,940 110012554680,w192579,No Shade,14,35,39,53,38,21,31,28,47,74,47,75,34,50,45,50,53,77,41,10,,
940 110011818156,w192367,940 110012554293,2949,No Shade,,,,,,,,4,6,1,35,20,35,56,29,97,66,84,137,34,,
940 110011818156,w192367,940 110009541227,W1695,No Shade,14,21,32,50,29,63,40,51,50,74,62,36,37,87,52,72,59,57,60,19,,
940 110011818156,w192367,940 110009540648,W192004,No Shade,20,15,16,35,36,26,62,76,148,69,25,24,,,,,,,,,,
940 110011818156,w192367,940 110012554841,w192108,No Shade,7,22,26,80,46,41,28,20,62,68,30,63,54,22,19,79,51,41,36,24,,
940 110011818156,w192367,940 110012566524,W192361,No Shade,20,21,47,37,39,19,82,56,43,40,34,31,32,75,49,122,94,78,40,40,,
940 110011818156,w192367,940 110009538791,2321,No Shade,6,60,26,19,15,21,14,24,11,13,25,21,58,60,24,54,49,81,39,43,,
940 110011818156,w192367,940 110012565593,2565,No Shade,15,10,37,46,30,56,28,42,131,32,44,61,31,14,40,42,73,58,44,61,,
940 110011818156,w192367,940 110009539903,w192523,No Shade,16,21,20,43,23,23,39,51,44,43,61,59,58,61,30,27,48,44,26,20,,
940 110011818156,w192367,940 110009422824,O77,No Shade,13,18,29,29,29,31,52,57,117,41,65,85,49,50,46,68,164,154,91,141,,
940 110011818156,w192367,940 110006543809,2616,No Shade,12,34,24,37,27,26,53,35,9,45,149,84,65,79,40,50,72,35,49,48,,
940 110011818156,w192367,940 110009538938,2999,No Shade,13,42,29,41,14,34,58,19,44,46,33,21,49,30,39,34,32,60,55,72,,
940 110011818156,w192367,940 110009540226,W766,No Shade,10,51,42,28,53,37,13,57,46,42,102,5,10,8,3,,,,,,,
940 110011818156,w192367,940 110009540610,2891,No Shade,8,52,27,18,14,87,30,40,51,39,28,53,43,37,74,33,63,37,51,53,,
940 110011818156,w192367,940 110006719384,2557,No Shade,12,32,39,31,30,21,45,12,81,43,60,26,33,66,70,35,61,120,46,24,,
940 110011818156,w192367,940 110009541616,3761,No Shade,19,47,36,26,26,27,15,57,25,69,65,64,36,27,19,46,47,56,50,24,,
940 110011818156,w192367,940 110009541085,2365,No Shade,16,44,19,36,69,42,19,35,26,80,46,37,44,85,40,15,65,79,36,39,,
940 110011818156,w192367,940 110009541010,W1751,No Shade,10,44,33,37,28,71,33,40,49,32,57,35,87,50,38,68,85,96,77,31,,
940 110011818156,w192367,940 110009541538,2514,No Shade,11,28,39,42,9,29,22,48,71,78,46,36,62,21,47,39,46,87,55,58,,
940 110011818156,w192367,940 110006543850,w1559,No Shade,28,75,56,31,30,36,35,47,46,35,53,127,37,50,51,71,137,76,114,123,,
940 110011818156,w192367,940 110009538716,2527,No Shade,7,68,44,41,11,25,29,24,22,46,18,5,18,10,7,,,,,,,
940 110011818156,w192367,940 110012567575,2575,No Shade,12,18,44,74,51,58,75,66,77,78,59,68,55,68,73,160,76,100,78,99,,
940 110012303405,3719,940 110006543999,w192107,High Shade,13,37,41,44,139,33,36,27,31,37,21,18,25,49,32,36,78,19,,,,
940 110012303405,3719,940 110006544810,w393,High Shade,13,69,27,52,65,47,22,83,79,67,72,87,61,41,38,56,138,11,,,,
940 110012303405,3719,940 110009540280,y433,High Shade,12,16,25,25,27,20,55,24,50,91,46,55,43,26,48,90,145,40,,,,
940 110012303405,3719,940 110012553776,w237,High Shade,5,28,36,13,13,17,36,20,34,57,19,25,31,35,24,26,56,4,,,,
940 110012303405,3719,940 110009538344,w192165,High Shade,19,27,37,40,98,26,65,41,60,44,64,36,32,18,36,51,85,29,,,,
940 110012303405,3719,940 110012554433,w263,High Shade,13,59,36,29,18,31,31,32,37,46,41,41,61,37,68,62,124,62,,,,
940 110012303405,3719,940 110009539746,2992,High Shade,38,57,44,56,38,66,38,20,29,20,39,48,39,177,47,31,120,7,,,,
940 110012303405,3719,940 110012568314,w192120,High Shade,11,41,80,49,22,14,23,20,40,61,29,46,88,26,36,49,104,43,,,,
940 110012303405,3719,940 110011991139,w192383,High Shade,12,54,57,54,28,24,15,51,36,106,40,53,76,67,59,56,104,46,,,,
940 110012303405,3719,940 110006544638,w192533,High Shade,4,25,56,48,24,34,21,28,34,40,27,46,48,15,36,86,146,31,,,,
940 110012303405,3719,940 110006544244,2587,High Shade,9,30,81,27,33,59,30,50,41,35,35,42,70,67,31,62,82,40,,,,
940 110012303405,3719,940 110009540446,2344,High Shade,6,34,31,31,23,65,39,47,41,25,31,48,38,122,24,72,91,52,,,,
940 110012303405,3719,940 110009540159,w1658,High Shade,9,49,32,24,26,14,33,25,34,38,49,22,38,18,51,33,142,8,,,,
940 110012303405,3719,940 110009539164,w977,High Shade,9,41,51,9,29,31,16,25,38,39,53,34,47,22,133,103,123,57,,,,
940 110012303405,3719,940 110009423060,w192029,High Shade,13,32,63,38,80,48,30,22,38,88,80,34,6,,,,,,,,,
940 110012303405,3719,940 110006720265,y493,High Shade,10,28,15,23,17,33,39,38,37,24,36,41,36,12,10,19,32,,,,,
940 110012303405,3719,940 110009539749,Y444,High Shade,9,21,23,40,51,44,61,45,40,78,54,65,32,79,48,47,59,7,,,,
940 110012303405,3719,940 110009541259,2966,High Shade,8,43,21,23,32,17,23,19,20,54,18,13,32,101,45,81,137,97,,,,
940 110012303405,3719,940 110012564941,w805,High Shade,6,24,32,41,49,42,37,67,98,75,61,58,41,28,18,38,150,36,,,,
940 110012303405,3719,940 110012554375,2714,High Shade,6,31,31,46,33,28,49,21,43,57,20,32,29,30,83,49,126,8,,,,
940 110012303405,3719,940 110012568291,3723,High Shade,19,94,41,47,38,66,39,53,36,35,34,37,37,85,73,88,127,23,,,,
940 110012303405,3719,940 110009423166,2369,High Shade,30,30,43,18,63,34,23,66,39,81,18,95,106,15,42,36,122,26,,,,
940 110012303405,3719,940 110009539721,y428,High Shade,25,40,41,36,61,48,51,41,38,83,85,28,35,126,27,52,122,59,,,,
940 110012303405,3719,940 110012567392,w192340,High Shade,15,37,29,32,17,44,64,42,49,43,41,45,25,122,86,73,71,21,,,,
940 110012303405,3719,940 110012567296,w1789,High Shade,6,35,42,29,35,21,43,49,100,100,79,42,82,55,38,50,62,50,,,,
940 110012303405,3719,940 110012567125,y1057,High Shade,3,37,42,31,45,84,30,41,42,27,90,24,38,19,78,30,71,13,,,,
940 110012303405,3719,940 110009538623,w1614,High Shade,6,60,47,33,33,32,38,20,72,82,36,26,46,30,50,76,114,28,,,,
940 110012303405,3719,940 110009421859,w1682,High Shade,11,90,33,26,49,38,42,74,43,52,66,67,124,27,54,64,76,5,,,,
940 110012303405,3719,940 110006720428,w192040,High Shade,10,56,43,97,61,23,23,30,43,54,38,52,118,53,67,103,181,165,,,,
940 110012303405,3719,940 110012568205,w192001,High Shade,7,28,43,18,22,48,16,45,33,14,42,22,36,44,56,148,126,65,,,,
940 110012303405,3719,940 110006544066,3718,High Shade,12,29,23,12,48,46,38,70,31,29,51,55,47,19,45,107,135,16,,,,
940 110012303405,3719,940 110009541155,w1663,High Shade,,,,,,,,2,10,3,58,22,41,19,39,64,81,8,,,,
940 110012303405,3719,940 110009422277,2335,High Shade,14,26,44,11,30,46,81,33,60,38,56,53,46,23,62,98,269,54,,,,
940 110012303405,3719,940 110009540630,w1780,High Shade,15,40,45,40,45,34,74,34,42,21,81,102,24,46,73,56,93,26,,,,
940 110012303405,3719,940 110009538560,y447,High Shade,15,56,55,22,31,46,34,21,35,40,51,37,56,25,38,152,48,66,,,,
940 110012303405,3719,940 110012554501,3736,High Shade,7,41,42,28,38,43,34,40,49,30,27,53,31,56,128,17,145,61,,,,
940 110012303405,3719,940 110009541435,2670,High Shade,18,37,37,18,58,121,46,55,99,35,121,33,61,39,51,45,97,85,,,,
940 110012303405,3719,940 110009541504,y1085,High Shade,17,80,20,57,35,50,49,49,27,40,54,47,38,24,67,41,105,17,,,,
940 110012303405,3719,940 110009541521,2921,High Shade,21,101,62,157,42,34,95,83,95,21,118,39,74,34,63,74,114,17,,,,
940 110012303405,3719,940 110009541433,2668,High Shade,13,28,13,15,35,16,62,55,15,42,52,27,35,52,18,32,85,129,,,,
940 110012303405,3719,940 110009541103,2993,High Shade,8,58,65,45,17,33,25,33,36,45,73,113,51,41,87,113,87,55,,,,
940 110012303405,3719,940 110009540889,2692,High Shade,16,57,16,58,32,43,26,61,44,48,24,40,36,29,54,47,151,9,,,,
940 110012303405,3719,940 110012566822,w192192,High Shade,10,32,14,81,45,40,31,22,51,69,31,34,29,42,45,64,47,11,,,,
940 110012303405,3719,940 110009539587,2660,High Shade,38,61,54,30,17,22,27,52,42,39,58,35,28,82,38,79,100,48,,,,
940 110012303405,3719,940 110009540162,2972,High Shade,20,42,49,60,63,31,64,29,64,29,28,34,63,24,42,85,103,101,,,,
940 110012303405,3719,940 110009540892,w192519,High Shade,8,57,41,83,26,27,39,28,46,59,45,128,22,9,27,45,90,58,,,,
940 110012303405,3719,940 110016191529,w192587,High Shade,7,25,46,51,21,25,57,47,25,35,33,122,13,30,29,41,72,10,,,,
940 110012303405,3719,940 110012564910,3793,High Shade,16,53,57,46,37,40,44,51,26,21,44,48,47,43,80,51,59,51,,,,
940 110012303405,3719,940 110009538885,2590,High Shade,9,23,20,53,73,156,29,22,33,35,21,49,31,21,32,67,101,27,,,,
940 110012303405,3719,940 110009541618,3796,High Shade,27,29,41,47,30,42,51,33,36,29,31,27,20,25,23,57,60,55,,,,
940 110012303405,3719,940 110006720577,2588,High Shade,11,40,41,22,29,18,54,38,46,42,74,25,16,29,31,55,74,11,,,,
940 110012303405,3719,940 110009541595,3799,High Shade,16,35,26,44,28,27,46,78,58,118,49,65,40,76,18,44,99,11,,,,
940 110012303405,3719,940 110012568230,y1024,High Shade,5,42,39,34,20,53,28,50,44,67,46,37,18,14,16,23,72,48,,,,
940 110012303405,3719,940 110009423044,2533,High Shade,13,58,43,35,26,29,73,32,33,38,47,71,31,83,49,35,141,60,,,,
940 110012303405,3719,940 110009422837,2963,High Shade,14,55,9,61,36,121,52,32,34,59,21,75,17,32,13,22,32,,,,,
940 110012303405,3719,940 110009540880,w192149,High Shade,34,37,60,60,26,12,32,27,28,111,46,94,42,74,14,43,72,14,,,,
940 110012303405,3719,940 110009539846,w213,High Shade,6,63,58,62,14,41,75,44,121,66,35,108,175,183,24,65,144,84,,,,
940 110012303405,3719,940 110012554845,o39,High Shade,9,61,62,24,27,25,47,29,64,50,53,23,48,60,53,103,153,34,,,,
940 110012303405,3719,940 110006544234,w210,High Shade,14,56,23,23,46,18,27,36,28,22,42,122,97,31,34,64,211,10,,,,
940 110012303405,3719,940 110009541631,w1624,High Shade,19,32,59,66,47,28,40,45,35,65,34,71,50,136,33,117,50,14,,,,
940 110012303405,3719,940 110009538693,2027,High Shade,17,36,27,36,55,36,31,65,48,28,83,35,57,68,42,57,142,50,,,,
940 110012303405,3719,940 110012554714,2417,High Shade,10,27,40,25,37,25,57,50,62,30,36,58,50,15,26,26,86,59,,,,
940 110012303405,3719,940 110009538774,y1071,High Shade,7,23,43,60,29,39,51,30,22,23,97,60,95,15,40,58,178,5,,,,
940 110012303405,3719,940 110009540731,w1779,High Shade,13,25,58,35,47,33,34,63,57,45,50,28,97,50,32,51,82,28,,,,
940 110012303405,3719,940 110009541187,w1653,High Shade,10,41,48,16,54,45,33,49,52,58,31,36,34,12,38,37,70,56,,,,
940 110012303405,3719,940 110012554588,w192377,High Shade,12,41,66,22,40,31,57,62,74,54,44,35,29,23,10,39,58,19,,,,
940 110012303405,3719,940 110009538677,y1055,High Shade,20,35,32,29,58,37,34,150,104,118,44,126,74,41,25,27,159,51,,,,
940 110012303405,3719,940 110012565444,2690,High Shade,9,44,36,32,42,29,54,32,40,71,37,31,54,98,28,75,91,5,,,,
940 110012303405,3719,940 110006544511,2376,High Shade,7,44,61,43,28,74,46,23,43,57,50,127,135,67,35,72,137,61,,,,
940 110012303405,3719,940 110009423109,3752,High Shade,5,25,39,29,40,31,34,27,20,30,92,21,41,44,26,29,121,12,,,,
940 110012303405,3719,940 110009540190,W928,High Shade,6,33,63,40,47,49,17,73,80,37,87,94,56,30,42,44,178,49,,,,
940 110012303405,3719,940 110012567632,w1704,High Shade,8,41,35,33,33,20,72,38,32,57,32,53,30,55,59,70,193,34,,,,
940 110012303405,3719,940 110006544527,w192530,High Shade,21,59,99,49,48,40,53,55,57,70,42,55,91,59,68,43,110,102,,,,
940 110012303405,3719,940 110012567539,w744,High Shade,16,76,53,47,56,68,47,25,79,61,56,44,29,30,72,75,95,4,,,,
940 110012303405,3719,940 110006544225,w9278,High Shade,6,64,19,24,30,81,40,44,30,61,51,28,71,28,42,133,107,67,,,,
940 110012303405,3719,940 110009540147,2412,High Shade,19,31,19,43,33,26,41,81,35,24,22,19,16,24,8,36,33,5,,,,
940 110012303405,3719,940 110012566479,w1750,High Shade,12,52,68,14,79,48,34,37,55,106,51,15,47,57,22,60,68,4,,,,
940 110012303405,3719,940 110009540290,w793,High Shade,8,43,24,40,62,38,20,38,159,80,76,43,25,24,53,44,114,41,,,,
940 110012303405,3719,940 110009541193,2550,High Shade,13,18,63,57,51,81,42,30,173,39,39,34,92,20,51,23,153,3,,,,
940 110012303405,3719,940 110009539745,2934,High Shade,11,25,34,14,18,37,22,36,76,68,25,53,36,71,45,53,146,26,,,,
940 110012303405,3719,940 110006543930,2323,High Shade,13,56,54,45,37,17,12,25,29,20,39,49,31,14,67,63,103,16,,,,
940 110012303405,3719,940 110009541577,y1092,High Shade,17,98,35,40,30,24,45,37,74,59,28,34,108,31,33,92,149,17,,,,
940 110012303405,3719,940 110012566730,w1554,High Shade,4,31,44,37,31,33,36,27,86,36,70,63,47,42,41,46,102,11,,,,
940 110012303405,3719,940 110012566557,2676,High Shade,14,70,19,50,27,68,23,35,102,38,37,111,148,43,33,61,138,40,,,,
940 110012303405,3719,940 110009541001,w192172,High Shade,11,46,45,29,69,36,30,64,39,108,65,3,13,9,11,,,,,,,
940 110012303405,3719,940 110009539186,2511,High Shade,15,47,63,25,22,34,41,89,28,53,73,152,20,36,62,86,91,66,,,,
940 110012303405,3719,940 110012567424,w1749,High Shade,17,35,15,22,20,84,29,37,37,36,61,101,42,36,54,65,138,30,,,,
940 110012303405,3719,940 110006544315,w192244,High Shade,16,38,51,38,23,21,69,86,34,45,24,57,41,48,61,92,96,11,,,,
940 110012303405,3719,940 110006544659,3737,High Shade,11,53,23,31,21,20,50,66,75,43,58,59,15,54,33,51,83,11,,,,
940 110012303405,3719,940 110012564957,2624,High Shade,17,47,17,36,69,63,34,106,58,50,30,30,43,77,22,82,78,15,,,,
940 110012303405,3719,940 110009541027,3756,High Shade,15,64,29,49,37,39,48,52,24,45,30,24,24,23,35,46,223,10,,,,
940 110012303405,3719,940 110009538653,w745,High Shade,4,31,21,25,52,44,38,81,36,34,21,29,26,24,29,43,66,60,,,,
940 110012303405,3719,940 110006544655,2543,High Shade,15,36,37,41,28,22,51,18,50,22,42,47,25,32,63,68,96,19,,,,
940 110012303405,3719,940 110009422835,2607,High Shade,11,40,37,32,47,25,51,56,56,38,58,56,46,22,113,114,78,43,,,,
940 110012303405,3719,940 110012554553,w192428,High Shade,9,48,76,37,47,72,52,97,92,56,32,39,46,38,29,78,143,19,,,,
940 110012303405,3719,940 110009539379,2348,High Shade,10,84,34,64,66,66,55,20,22,61,29,37,26,24,37,38,124,52,,,,
940 110012303405,3719,940 110009423189,2713,High Shade,9,36,79,39,23,15,53,32,25,32,73,108,40,21,11,51,53,6,,,,
940 110012303405,3719,940 110009540229,y1052,High Shade,29,33,31,38,35,69,32,35,12,79,34,57,20,96,14,39,161,59,,,,
940 110012303405,3719,940 110009541461,w1671,High Shade,22,38,69,101,30,90,66,64,43,64,110,95,151,21,67,168,162,17,,,,
940 110012303405,3719,940 110012567887,2955,High Shade,4,42,60,95,39,79,35,34,45,43,32,64,23,35,20,138,107,11,,,,
940 110012303405,3719,940 110012554735,w9282,High Shade,18,31,26,31,25,18,22,77,94,48,22,42,30,19,,,,,,,,
940 110012303405,3719,940 110009422175,2592,High Shade,24,53,25,78,34,49,34,53,37,43,151,44,23,64,52,48,311,37,,,,
940 110012303405,3719,940 110006544832,2659,High Shade,16,42,34,62,24,48,27,55,30,35,32,80,26,32,49,56,127,57,,,,
940 110012303405,3719,940 110009538652,2706,High Shade,23,35,43,24,13,15,37,18,39,52,27,31,24,30,32,45,49,21,,,,
940 110012303405,3719,940 110012567054,2371,High Shade,16,27,40,37,13,36,13,33,78,29,71,42,31,43,16,65,137,12,,,,
940 110012303405,3719,940 110009538571,2975,High Shade,18,23,25,31,39,39,50,41,82,61,72,27,12,25,1,,,,,,,
940 110012303405,3719,940 110006543893,2320,High Shade,15,40,22,14,21,23,57,54,54,63,35,44,51,48,50,119,168,4,,,,
940 110012303405,3719,940 110012553605,2986,High Shade,6,71,51,39,18,23,84,109,47,66,62,43,61,38,29,147,179,57,,,,
940 110012303405,3719,940 110009423238,2644,High Shade,16,69,40,24,48,62,82,70,34,33,28,71,21,36,31,79,72,34,,,,
940 110012303405,3719,940 110009539288,2640,High Shade,13,29,37,31,26,69,22,19,37,21,14,47,28,24,22,22,105,11,,,,
940 110012303405,3719,940 110009539147,2432,High Shade,11,65,36,109,20,19,56,52,33,70,103,18,42,34,38,49,203,37,,,,
940 110012303405,3719,940 110009539425,w192042,High Shade,8,37,53,54,58,25,22,22,36,30,53,30,35,29,36,46,120,16,,,,
940 110012303405,3719,940 110009422294,y435,High Shade,9,54,14,38,38,61,54,27,24,32,59,111,57,27,61,50,85,11,,,,
940 110012303405,3719,940 110009540112,2995,High Shade,12,13,28,17,21,34,40,27,19,27,52,64,44,45,35,59,135,50,,,,
940 110012303405,3719,940 110006544442,w1597,High Shade,7,52,20,53,44,39,47,32,73,51,20,38,64,26,45,38,106,8,,,,
940 110012303405,3719,940 110009539267,y425,High Shade,13,32,34,35,56,11,30,47,43,46,25,29,63,13,56,37,106,20,,,,
940 110012303405,3719,940 110009540041,2682,High Shade,22,25,23,36,34,35,18,33,31,60,19,10,15,11,3,,,,,,,
940 110012303405,3719,940 110009541089,w1781,High Shade,14,35,76,63,13,36,42,26,29,55,18,36,3,17,9,,,,,,,
940 110012303405,3719,940 110009539063,w233,High Shade,25,33,19,67,51,28,34,44,52,102,35,50,125,67,69,59,212,3,,,,
940 110012303405,3719,940 110006544961,2461,High Shade,13,33,44,27,19,26,71,38,36,83,35,25,21,42,21,77,130,33,,,,
940 110012303405,3719,940 110009539441,w1602,High Shade,12,26,29,24,41,20,42,45,84,56,21,27,38,29,20,28,46,20,,,,
940 110012303405,3719,940 110012566863,3792,High Shade,,,,,,,,1,7,9,12,9,18,42,12,78,152,27,,,,
940 110012303405,3719,940 110012567022,y477,High Shade,20,65,39,19,41,46,62,19,48,35,52,63,29,17,68,27,86,18,,,,
940 110012303405,3719,940 110012565403,2311,High Shade,15,34,118,29,36,13,22,46,36,29,27,113,10,56,42,31,99,76,,,,
940 110012303405,3719,940 110012567214,w1739,High Shade,4,62,23,28,57,36,26,112,107,59,40,61,41,22,35,58,247,52,,,,
940 110012303405,3719,940 110009539113,2674,High Shade,8,46,42,24,29,10,39,31,33,60,35,37,23,17,70,19,72,102,,,,
940 110012303405,3719,940 110009539497,w192253,High Shade,9,37,40,30,28,21,32,35,39,67,54,55,48,22,31,130,101,96,,,,
940 110012303405,3719,940 110009541679,2018,High Shade,21,29,45,27,59,20,34,25,83,28,63,42,87,36,45,48,92,19,,,,
940 110012303405,3719,940 110006544745,2553,High Shade,10,39,36,34,17,82,31,54,32,32,45,20,15,71,17,33,227,26,,,,
940 110012303405,3719,940 110009539523,2496,High Shade,10,32,27,18,21,16,32,85,56,62,75,29,74,39,41,50,125,41,,,,
940 110012303405,3719,940 110009539215,y1100,High Shade,15,20,66,35,40,50,29,19,54,34,19,21,54,29,42,43,119,57,,,,
940 110012303405,3719,940 110009539574,2647,High Shade,13,40,21,54,20,26,30,87,53,68,120,48,87,32,37,67,78,14,,,,
940 110012303405,3719,940 110006720372,w764,High Shade,24,18,26,56,31,29,48,63,51,33,42,61,27,31,75,33,171,45,,,,
940 110012303405,3719,940 110006543949,y451,High Shade,17,17,23,24,38,19,16,53,46,21,37,50,47,35,49,44,271,46,,,,
940 110012303405,3719,940 110006543957,9538,High Shade,5,35,41,47,42,62,33,52,63,42,85,36,41,29,36,81,52,18,,,,
940 110012303405,3719,940 110012566735,2715,High Shade,4,36,66,51,39,48,70,47,59,79,138,60,32,47,70,119,77,153,,,,
940 110012303405,3719,940 110009539432,2559,High Shade,9,20,29,23,53,75,26,22,34,30,30,32,32,32,29,54,82,8,,,,
940 110012303405,3719,940 110012553675,2421,High Shade,9,30,36,26,19,62,31,28,37,37,19,39,27,16,24,18,54,9,,,,
940 110012303405,3719,940 110009538766,Y1036,High Shade,15,60,40,29,52,60,35,39,33,39,49,128,37,139,59,49,68,19,,,,
940 110012303405,3719,940 110009538502,y1027,High Shade,17,51,37,68,43,20,46,51,40,38,36,35,38,59,26,50,123,12,,,,
940 110012303405,3719,940 110009538772,2991,High Shade,13,21,22,19,28,40,30,49,38,97,82,34,127,34,62,38,164,12,,,,
940 110012303405,3719,940 110012567143,w1512,High Shade,7,41,56,26,17,59,44,52,38,127,59,69,67,42,26,29,93,7,,,,
940 110012303405,3719,940 110006720131,2638,High Shade,10,42,79,62,43,32,38,45,37,62,73,48,116,54,19,43,71,11,,,,
940 110012303405,3719,940 110006543906,w1254,High Shade,13,36,49,22,71,20,20,54,26,14,82,70,48,18,16,67,65,9,,,,
940 110012303405,3719,940 110009541526,w192479,High Shade,5,25,66,70,18,37,33,44,37,44,33,22,18,14,41,51,81,53,,,,
940 110012303405,3719,940 110012553789,2974,High Shade,13,14,46,37,50,38,51,33,26,46,19,70,28,66,16,37,130,57,,,,
940 110012303405,3719,940 110009538570,w1785,High Shade,14,27,38,28,12,39,28,44,51,49,31,27,18,32,61,38,177,41,,,,
940 110012303405,3719,940 110009541284,w795,High Shade,7,43,33,18,28,35,55,32,31,26,53,92,150,105,50,60,313,50,,,,
940 110012303405,3719,940 110009540863,W273,High Shade,6,24,20,15,35,18,46,27,59,14,52,32,26,158,46,85,118,15,,,,
940 110012303405,3719,940 110006720115,y1077,High Shade,14,45,94,34,39,41,62,54,40,43,51,90,26,52,41,77,59,33,,,,
940 110012303405,3719,940 110006719210,2392,High Shade,24,42,40,18,44,35,57,65,46,54,54,79,60,61,37,77,148,111,,,,
940 110012303405,3719,940 110012567558,2705,High Shade,11,25,52,24,62,59,73,40,112,23,126,34,17,23,24,55,116,83,,,,
940 110012303405,3719,940 110012567049,2564,High Shade,14,43,50,41,52,55,103,67,49,21,85,64,70,40,69,55,100,11,,,,
940 110012303405,3719,940 110006720530,w192534,High Shade,12,29,102,40,44,79,27,39,56,101,79,39,25,48,49,63,108,26,,,,
940 110012303405,3719,940 110006719988,w1767,High Shade,11,49,63,39,56,48,98,21,34,77,39,41,52,18,21,22,61,10,,,,
940 110012303405,3719,940 110009540852,w1627,High Shade,20,46,31,27,37,45,51,43,43,58,55,46,125,42,14,92,230,10,,,,
940 110012303405,3719,940 110009539426,y470,High Shade,3,14,23,27,51,91,63,45,118,22,40,37,33,44,72,25,100,14,,,,
940 110012303405,3719,940 110009422291,2484,High Shade,22,32,20,51,22,20,30,12,43,47,81,41,92,12,125,44,63,9,,,,
940 110012303405,3719,940 110009540645,2984,High Shade,9,25,31,53,37,53,30,74,52,32,47,31,38,20,72,43,170,22,,,,
940 110012303405,3719,940 110012565375,w102300,High Shade,8,40,24,44,12,62,30,44,102,26,44,69,42,20,31,52,232,33,,,,
940 110012303405,3719,940 110009539732,2925,High Shade,7,46,31,30,33,37,49,31,34,20,66,48,75,31,60,97,124,20,,,,
940 110012303405,3719,940 110006720324,w1689,High Shade,13,64,18,33,46,45,56,53,22,18,29,44,39,27,26,46,108,4,,,,
940 110012303405,3719,940 110012554843,2596,High Shade,20,50,16,46,23,26,63,51,62,52,63,69,21,38,42,62,62,42,,,,
940 110012303405,3719,940 110009540691,2317,High Shade,9,25,37,24,17,33,23,24,17,35,34,26,40,34,29,57,75,90,,,,
940 110012303405,3719,940 110009540400,2435,High Shade,16,41,31,15,62,23,17,47,58,25,33,36,30,29,26,62,170,10,,,,
940 110012303405,3719,940 110009539500,W192295,High Shade,10,81,45,25,99,26,39,21,36,18,80,64,87,46,32,92,97,53,,,,
940 110012303405,3719,940 110009538417,w192559,High Shade,8,21,30,29,29,17,63,59,29,46,30,29,41,85,56,67,136,6,,,,
940 110012303405,3719,940 110009422302,2656,High Shade,27,47,53,70,40,44,21,35,59,55,35,79,54,105,90,63,152,35,,,,
940 110012303405,3719,940 110009539600,2431,High Shade,13,50,128,62,58,66,21,39,49,53,32,42,112,84,50,19,96,24,,,,
940 110012303405,3719,940 110009421864,2599,High Shade,17,29,30,40,35,27,13,36,25,51,29,24,40,34,45,22,73,38,,,,
940 110012303405,3719,940 110009539560,2560,High Shade,10,35,25,22,82,39,16,44,23,67,54,50,59,18,30,58,89,4,,,,
940 110012303405,3719,940 110009423244,w287,High Shade,7,28,44,58,20,14,21,28,37,14,48,79,14,32,26,80,151,85,,,,
940 110012303405,3719,940 110009538900,2455,High Shade,10,39,24,37,30,28,57,41,36,68,59,29,42,38,51,136,196,5,,,,
940 110012303405,3719,940 110009423257,w192008,High Shade,27,61,28,37,51,31,32,41,51,30,43,57,57,42,46,57,181,9,,,,
940 110012303405,3719,940 110009538890,2606,High Shade,10,31,23,17,25,51,20,92,49,40,32,68,25,30,69,70,165,16,,,,
940 110012303405,3719,940 110009539726,3732,High Shade,17,62,46,21,47,25,60,25,106,67,118,53,45,29,34,41,78,7,,,,
940 110012303405,3719,940 110006720148,2016,High Shade,22,30,23,47,63,26,30,51,54,62,79,61,77,38,76,38,73,22,,,,
940 110012303405,3719,940 110009541070,2029,High Shade,13,35,19,28,43,42,22,63,69,41,49,120,56,40,27,60,84,60,,,,
940 110012303405,3719,940 110009539017,3728,High Shade,18,20,34,17,16,27,25,24,46,21,35,37,68,81,175,42,123,6,,,,
940 110012303405,3719,940 110009540937,w9504,High Shade,6,33,38,58,49,15,47,40,33,24,88,30,22,57,58,22,,,,,,
940 110012303405,3719,940 110009541586,y471,High Shade,10,39,58,34,35,39,30,38,35,37,44,71,52,102,70,36,103,46,,,,
940 110012303405,3719,940 110009540523,2399,High Shade,15,17,36,28,86,143,66,51,39,28,30,49,37,62,48,28,74,29,,,,
940 110012303405,3719,940 110009539123,2523,High Shade,9,14,27,34,49,44,24,30,26,48,121,52,69,42,56,32,131,51,,,,
940 110012303405,3719,940 110009423220,W991,High Shade,16,75,29,55,31,87,31,70,17,48,72,102,84,25,33,95,243,19,,,,
940 110012303405,3719,940 110009541182,w1758,High Shade,14,30,52,40,40,37,33,42,96,70,55,48,105,50,29,56,134,21,,,,
940 110012303405,3719,940 110012554719,2663,High Shade,17,38,61,68,43,33,32,105,75,36,67,48,20,53,81,38,53,40,,,,
940 110012303405,3719,940 110012568040,2951,High Shade,17,33,21,31,27,49,46,18,29,74,66,38,60,29,80,93,108,25,,,,
940 110012303405,3719,940 110009539701,w192007,High Shade,6,33,43,22,35,15,33,28,46,36,60,34,28,34,82,41,127,9,,,,
940 110012303405,3719,940 110012554675,w192110,High Shade,28,49,44,32,25,26,39,30,23,116,62,30,37,130,73,112,183,118,,,,
940 110012303405,3719,940 110012553700,2384,High Shade,7,69,29,36,53,48,35,49,98,66,23,174,119,21,45,72,110,9,,,,
940 110012303405,3719,940 110006544251,y1075,High Shade,12,35,37,35,25,37,63,36,48,23,85,66,31,7,34,39,43,56,,,,
940 110012303405,3719,940 110012567203,w192316,High Shade,9,31,31,21,29,45,45,24,26,42,18,18,38,31,56,49,144,12,,,,
940 110012303405,3719,940 110009539582,w240,High Shade,17,71,50,47,60,59,61,24,21,34,42,61,34,36,77,46,39,17,,,,
940 110012303405,3719,940 110009422297,3747,High Shade,17,57,32,69,68,33,40,37,55,66,61,42,47,43,60,35,101,11,,,,
940 110012303405,3719,940 110009538743,w192423,High Shade,24,86,51,34,22,69,36,34,101,19,31,49,38,49,24,85,113,58,,,,
940 110012303405,3719,940 110009422307,w1629,High Shade,7,55,52,35,18,44,27,33,23,67,38,40,23,18,43,43,160,10,,,,
940 110012303405,3719,940 110012566916,w1581,High Shade,16,36,22,60,51,28,24,31,52,76,72,50,73,27,70,61,88,34,,,,
940 110012303405,3719,940 110012568096,2643,High Shade,6,32,24,37,72,79,25,99,35,40,73,23,38,43,21,67,197,133,,,,
940 110012303405,3719,940 110012566714,o75,High Shade,14,50,67,61,22,66,53,40,62,39,71,64,34,65,58,65,90,85,,,,
940 110012303405,3719,940 110009538720,2922,High Shade,10,47,54,95,66,101,21,34,74,36,70,68,106,47,74,64,169,37,,,,
940 110012303405,3719,940 110012566936,w192195,High Shade,7,45,19,15,13,35,28,32,34,63,29,28,25,47,24,54,89,13,,,,
940 110012303405,3719,940 110009541375,2416,High Shade,10,17,25,14,13,24,40,60,60,70,14,31,95,31,98,83,64,28,,,,
940 110012303405,3719,940 110006544833,2529,High Shade,,,,,,,,2,8,5,9,18,34,34,11,23,108,4,,,,
940 110012303405,3719,940 110006544528,2697,High Shade,7,24,21,21,29,16,13,29,59,30,48,58,36,35,64,68,46,15,,,,
940 110012303405,3719,940 110009539765,2653,High Shade,8,54,25,51,23,45,37,40,57,108,95,76,62,20,52,36,115,111,,,,
940 110012303405,3719,940 110009539995,2464,High Shade,10,76,43,36,62,30,46,80,42,65,43,71,69,64,46,30,170,29,,,,
940 110012303405,3719,940 110009539443,2334,High Shade,18,66,50,70,42,22,20,63,79,68,42,49,24,97,74,56,162,41,,,,
940 110012303405,3719,940 110012554299,w192350,High Shade,12,62,34,39,28,25,77,27,24,25,22,6,5,13,3,,,,,,,
940 110012303405,3719,940 110012554672,w765,High Shade,6,39,35,28,37,25,30,102,78,60,21,75,36,25,20,36,53,47,,,,
940 110012303405,3719,940 110012564961,w192312,High Shade,15,35,37,53,40,28,23,36,26,75,36,30,59,131,8,32,108,22,,,,
940 110012303405,3719,940 110009540062,w192314,High Shade,15,16,49,39,28,32,37,137,61,51,36,40,89,62,51,29,60,10,,,,
940 110012303405,3719,940 110009540994,W9510,High Shade,40,39,36,40,24,26,57,66,69,42,45,49,66,140,34,137,112,97,,,,
940 110012303405,3719,940 110012554266,2472,High Shade,15,73,34,53,50,78,33,34,63,68,34,42,157,65,73,96,184,12,,,,
940 110012303405,3719,940 110009423176,2544,High Shade,11,31,47,19,43,35,30,74,23,31,68,36,32,57,70,73,101,17,,,,
940 110012303405,3719,940 110009539963,w192206,High Shade,11,25,49,45,30,35,33,57,59,24,27,37,16,42,76,129,283,55,,,,
940 110012303405,3719,940 110009422880,y1060,High Shade,16,65,58,16,63,31,19,40,56,44,42,53,91,30,35,75,146,27,,,,
940 110012303405,3719,940 110006544421,2926,High Shade,29,64,26,16,41,23,26,41,60,31,56,66,76,181,45,31,200,41,,,,
940 110012303405,3719,940 110012553652,2997,High Shade,16,65,53,37,38,62,70,64,79,86,45,32,25,40,68,30,91,66,,,,
940 110012303405,3719,940 110012565425,w192249,High Shade,10,36,42,46,27,27,39,26,48,40,71,54,55,90,81,39,198,11,,,,
940 110012303405,3719,940 110006544462,2394,High Shade,8,40,25,75,38,29,38,44,97,97,54,66,204,51,76,61,154,87,,,,
940 110012303405,3719,940 110009541457,w1797,High Shade,,,,,,,,2,21,12,21,47,50,34,47,40,227,96,,,,
940 110012303405,3719,940 110012567798,w1630,High Shade,18,63,37,34,38,55,31,51,86,33,72,65,70,26,57,51,118,110,,,,
940 110012303405,3719,940 110009541350,w9333,High Shade,9,25,15,40,36,41,58,37,98,49,88,83,49,46,44,30,130,138,,,,
940 110012303405,3719,940 110006544843,2566,High Shade,17,25,27,29,49,54,27,17,84,41,33,30,55,74,87,94,230,16,,,,
940 110012303405,3719,940 110009423145,2685,High Shade,15,31,32,29,25,26,73,70,74,48,28,57,38,26,21,34,108,24,,,,
940 110012303405,3719,940 110009540879,2645,High Shade,11,33,69,58,28,45,41,35,93,66,34,59,40,48,35,38,99,54,,,,
940 110012303405,3719,940 110006544430,2665,High Shade,21,34,30,34,35,37,68,19,29,58,44,79,39,66,44,71,108,18,,,,
940 110012303405,3719,940 110012565868,2333,High Shade,8,45,34,34,22,24,24,36,43,66,97,58,43,39,45,40,91,77,,,,
940 110012303405,3719,940 110012566390,2031,High Shade,8,29,51,42,23,30,44,60,28,57,31,26,59,29,24,37,97,6,,,,
940 110012303405,3719,940 110006718446,2558,High Shade,8,28,33,36,61,12,29,20,35,22,14,108,40,14,104,113,140,31,,,,
940 110012303405,3719,940 110009423265,2943,High Shade,33,58,33,37,28,50,46,35,41,34,47,58,42,31,94,64,105,43,,,,
940 110012303405,3719,940 110009421860,2892,High Shade,13,26,44,43,24,33,24,36,56,23,71,48,97,19,19,73,91,35,,,,
940 110012303405,3719,940 110009423023,W961,High Shade,11,33,34,29,38,33,40,46,92,35,183,57,31,21,31,156,100,9,,,,
940 110012303405,3719,940 110012567653,2900,High Shade,14,25,51,52,21,47,21,31,24,101,54,30,23,44,84,27,114,7,,,,
940 110012303405,3719,940 110009530579,w299,High Shade,10,57,54,50,52,62,46,36,67,61,31,46,57,41,76,45,135,11,,,,
940 110012303405,3719,940 110009540131,2473,High Shade,20,23,51,59,29,37,29,38,41,43,70,58,60,117,53,54,95,18,,,,
940 110012303405,3719,940 110009540606,2686,High Shade,10,45,14,14,43,47,31,43,44,57,38,50,34,21,70,76,137,11,,,,
940 110012303405,3719,940 110009538624,w9535,High Shade,17,61,39,35,36,34,31,55,37,56,24,106,95,118,52,59,110,40,,,,
940 110012303405,3719,940 110009541455,w192415,High Shade,15,26,40,55,20,27,49,81,50,60,18,51,18,38,31,81,67,45,,,,
940 110012303405,3719,940 110006544521,w9277,High Shade,14,44,36,56,41,36,75,39,35,42,41,43,46,58,47,85,95,35,,,,
940 110012303405,3719,940 110006720119,w192239,High Shade,11,43,19,34,33,21,37,40,56,62,65,45,107,58,65,45,48,127,,,,
940 110012303405,3719,940 110006720358,2709,High Shade,8,73,31,39,81,24,36,28,28,41,33,50,28,40,48,57,178,60,,,,
940 110012303405,3719,940 110009541731,w1724,High Shade,34,48,48,47,72,52,38,24,84,76,113,66,59,32,39,29,64,11,,,,
940 110012303405,3719,940 110006543802,2626,High Shade,11,30,23,37,28,8,43,54,44,28,32,29,33,22,35,35,138,24,,,,
940 110012303405,3719,940 110009423155,2391,High Shade,20,52,38,35,2,,,4,4,10,9,26,57,27,27,32,101,25,,,,
940 110012303405,3719,940 110009539292,2958,High Shade,8,45,63,26,81,37,37,63,48,43,97,67,35,18,48,55,197,9,,,,
940 110012303405,3719,940 110009540641,w192154,High Shade,41,51,56,41,65,42,58,62,47,21,61,43,48,64,33,50,146,20,,,,
940 110012303405,3719,940 110012567794,w192384,High Shade,9,26,60,49,30,61,37,30,31,51,30,8,13,22,4,,,,,,,
940 110012303405,3719,940 110009538722,2488,High Shade,20,37,36,30,39,26,33,122,55,81,33,17,20,53,6,,,,,,,
940 110012303405,3719,940 110012565433,y1046,High Shade,,,,,,,,1,9,10,11,43,19,107,29,43,69,10,,,,
940 110008003692,w192571,940 110012553776,w237,High Shade,20,125,166,125,101,,,21,57,29,71,52,35,66,7,34,36,102,,,,
940 110008003692,w192571,940 110009539746,2992,High Shade,12,80,79,84,68,,,14,43,46,29,41,77,226,14,20,25,136,,,,
940 110008003692,w192571,940 110012568314,w192120,High Shade,14,80,270,88,53,,,16,68,39,23,40,83,106,22,23,53,164,,,,
940 110008003692,w192571,940 110006544244,2587,High Shade,7,103,134,142,94,6,,12,98,66,64,32,41,101,24,80,50,140,,,,
940 110008003692,w192571,940 110009540446,2344,High Shade,14,93,76,73,104,,,26,49,55,62,70,113,110,23,28,63,88,,,,
940 110008003692,w192571,940 110009539164,w977,High Shade,27,61,111,177,92,12,,36,87,57,55,50,37,152,24,81,63,89,,,,
940 110008003692,w192571,940 110009423060,w192029,High Shade,14,55,178,84,73,,,14,37,28,32,18,1,,,,,,,,,
940 110008003692,w192571,940 110006720265,y493,High Shade,11,80,95,97,106,,,13,31,23,63,93,56,46,9,18,4,,,,,
940 110008003692,w192571,940 110012564941,w805,High Shade,13,93,93,108,109,5,,47,52,69,60,71,19,68,29,81,56,179,,,,
940 110008003692,w192571,940 110012568291,3723,High Shade,15,84,96,118,107,,,19,73,79,61,33,58,130,35,58,34,140,,,,
940 110008003692,w192571,940 110009423166,2369,High Shade,21,119,101,100,99,,,24,71,71,64,74,60,147,23,44,57,149,,,,
940 110008003692,w192571,940 110009539721,y428,High Shade,49,72,69,79,101,,,24,30,57,37,57,52,78,15,31,36,136,,,,
940 110008003692,w192571,940 110012567125,y1057,High Shade,11,41,84,112,51,1,,16,47,44,38,16,32,32,15,11,29,73,,,,
940 110008003692,w192571,940 110009538623,w1614,High Shade,19,93,104,107,71,,,19,70,38,62,89,15,89,23,20,34,77,,,,
940 110008003692,w192571,940 110009421859,w1682,High Shade,16,83,105,178,117,10,,37,47,38,23,24,65,87,44,42,25,100,,,,
940 110008003692,w192571,940 110009422277,2335,High Shade,8,65,242,120,99,,,14,42,51,37,69,50,154,19,86,67,137,,,,
940 110008003692,w192571,940 110012554501,3736,High Shade,11,39,70,69,78,1,,15,47,66,36,57,59,145,23,20,32,145,,,,
940 110008003692,w192571,940 110009541435,2670,High Shade,14,50,84,88,120,21,,23,77,40,28,37,66,96,27,35,48,143,,,,
940 110008003692,w192571,940 110009541504,y1085,High Shade,15,65,88,54,43,1,,10,42,36,51,45,29,98,35,73,58,144,,,,
940 110008003692,w192571,940 110009541433,2668,High Shade,17,59,85,116,112,,,10,54,49,163,42,26,74,4,21,21,79,,,,
940 110008003692,w192571,940 110009539749,Y444,High Shade,18,36,67,45,180,2,,14,42,29,45,35,23,112,12,25,37,99,,,,
940 110008003692,w192571,940 110009540889,2692,High Shade,8,65,76,100,64,,,39,38,89,53,75,105,155,10,60,43,119,,,,
940 110008003692,w192571,940 110012566822,w192192,High Shade,10,60,85,129,71,,,16,19,30,29,25,47,46,16,24,36,42,,,,
940 110008003692,w192571,940 110009539587,2660,High Shade,43,56,56,83,56,,,15,71,51,42,49,66,124,11,54,18,144,,,,
940 110008003692,w192571,940 110009541618,3796,High Shade,56,65,102,81,65,,,22,62,53,33,49,49,50,11,71,53,166,,,,
940 110008003692,w192571,940 110012568230,y1024,High Shade,12,50,113,88,65,,,157,197,55,40,45,32,211,21,39,37,212,,,,
940 110008003692,w192571,940 110009539846,w213,High Shade,8,64,64,122,100,,,27,102,58,55,57,40,182,7,42,57,80,,,,
940 110008003692,w192571,940 110012554845,o39,High Shade,9,115,151,56,101,,,19,43,68,34,48,70,92,40,36,69,105,,,,
940 110008003692,w192571,940 110006544234,w210,High Shade,14,46,63,53,88,,,16,44,52,37,43,68,77,4,17,53,124,,,,
940 110008003692,w192571,940 110009538774,y1071,High Shade,10,54,69,83,84,2,,17,79,23,47,43,46,168,9,32,19,105,,,,
940 110008003692,w192571,940 110012554588,w192377,High Shade,11,44,113,54,50,11,,13,12,16,37,19,51,121,11,12,31,61,,,,
940 110008003692,w192571,940 110012565444,2690,High Shade,19,104,80,112,154,8,,23,71,59,26,35,40,341,16,64,65,103,,,,
940 110008003692,w192571,940 110009423109,3752,High Shade,9,83,116,77,78,4,,26,69,83,48,63,38,131,15,20,37,150,,,,
940 110008003692,w192571,940 110012567632,w1704,High Shade,12,99,153,79,84,,,22,30,42,50,29,47,146,51,69,64,294,,,,
940 110008003692,w192571,940 110012554433,w263,High Shade,8,48,90,113,151,,,22,64,36,55,54,43,187,16,17,29,67,,,,
940 110008003692,w192571,940 110009541595,3799,High Shade,17,80,81,80,149,,,15,96,210,46,44,40,165,16,23,49,190,,,,
940 110008003692,w192571,940 110006720428,w192040,High Shade,12,52,95,201,192,,,31,72,125,25,38,59,147,14,60,45,142,,,,
940 110008003692,w192571,940 110006544527,w192530,High Shade,7,171,195,127,77,,,14,48,55,48,63,78,145,24,38,85,177,,,,
940 110008003692,w192571,940 110009541103,2993,High Shade,12,79,205,87,168,,,25,39,66,46,40,53,108,18,91,81,109,,,,
940 110008003692,w192571,940 110009540290,w793,High Shade,4,40,92,84,50,,,8,14,80,27,33,21,61,11,45,16,60,,,,
940 110008003692,w192571,940 110006543930,2323,High Shade,12,89,142,107,92,,,19,81,70,66,33,30,125,16,45,49,92,,,,
940 110008003692,w192571,940 110009541577,y1092,High Shade,17,118,145,88,67,,,35,152,170,63,46,30,114,23,32,28,92,,,,
940 110008003692,w192571,940 110012566730,w1554,High Shade,17,81,115,45,97,24,,15,26,67,47,43,22,72,15,27,52,120,,,,
940 110008003692,w192571,940 110012566557,2676,High Shade,16,48,91,135,149,,,9,84,59,35,70,67,143,30,23,24,191,,,,
940 110008003692,w192571,940 110009541001,w192172,High Shade,18,55,63,105,61,,,22,39,64,21,7,7,28,,,,,,,,
940 110008003692,w192571,940 110012567424,w1749,High Shade,11,87,124,95,123,,,22,43,45,97,108,104,87,24,32,50,191,,,,
940 110008003692,w192571,940 110006544315,w192244,High Shade,21,60,97,62,72,,,29,25,39,83,46,57,226,28,45,71,115,,,,
940 110008003692,w192571,940 110009541027,3756,High Shade,16,80,94,107,48,,,24,48,50,28,32,45,96,4,55,174,106,,,,
940 110008003692,w192571,940 110006544655,2543,High Shade,7,73,104,135,60,,,20,29,41,42,81,36,60,105,88,108,111,,,,
940 110008003692,w192571,940 110009422835,2607,High Shade,8,41,105,84,108,7,,29,56,37,32,34,45,90,53,60,82,131,,,,
940 110008003692,w192571,940 110009540229,y1052,High Shade,29,59,105,108,63,,,15,54,89,59,18,21,95,1,33,43,73,,,,
940 110008003692,w192571,940 110009541461,w1671,High Shade,15,57,184,162,77,,,15,27,91,48,75,66,48,21,95,95,176,,,,
940 110008003692,w192571,940 110012567887,2955,High Shade,18,82,127,121,177,2,,27,81,89,59,36,87,165,21,106,51,132,,,,
940 110008003692,w192571,940 110012567296,w1789,High Shade,14,66,86,41,96,15,,6,33,71,87,41,23,55,9,50,6,53,,,,
940 110008003692,w192571,940 110009539379,2348,High Shade,19,56,110,80,48,,,7,27,32,67,36,21,127,11,27,74,66,,,,
940 110008003692,w192571,940 110012554735,w9282,High Shade,9,105,113,112,113,,,14,54,37,80,27,60,147,,,,,,,,
940 110008003692,w192571,940 110012554714,2417,High Shade,6,55,113,62,80,,,20,41,32,139,86,219,139,9,38,29,224,,,,
940 110008003692,w192571,940 110006544832,2659,High Shade,11,57,116,81,190,8,,31,65,59,85,41,39,75,16,83,35,258,,,,
940 110008003692,w192571,940 110009540147,2412,High Shade,8,103,61,189,114,,,9,45,44,24,65,19,127,10,23,44,62,,,,
940 110008003692,w192571,940 110009538571,2975,High Shade,11,49,112,36,83,,,24,38,199,54,48,23,27,,,,,,,,
940 110008003692,w192571,940 110012553605,2986,High Shade,9,55,83,74,88,,,8,32,51,33,53,70,164,37,77,100,316,,,,
940 110008003692,w192571,940 110009539147,2432,High Shade,17,103,96,98,68,,,29,40,37,13,32,41,70,39,66,60,119,,,,
940 110008003692,w192571,940 110009540892,w192519,High Shade,10,49,125,152,151,12,,13,51,40,33,67,23,48,9,25,85,62,,,,
940 110008003692,w192571,940 110009422294,y435,High Shade,3,71,122,266,99,3,,20,55,50,33,66,64,88,19,48,44,79,,,,
940 110008003692,w192571,940 110009540041,2682,High Shade,8,89,100,96,124,27,,32,44,31,52,8,13,30,,,,,,,,
940 110008003692,w192571,940 110009541089,w1781,High Shade,11,63,111,67,84,,,13,61,41,58,11,8,157,,,,,,,,
940 110008003692,w192571,940 110009539063,w233,High Shade,17,57,99,96,90,,,42,84,47,85,51,53,95,24,48,72,164,,,,
940 110008003692,w192571,940 110006544442,w1597,High Shade,10,66,73,93,121,,,18,45,48,58,44,42,58,21,39,47,127,,,,
940 110008003692,w192571,940 110009540280,y433,High Shade,12,60,135,81,90,,,14,70,33,39,14,27,159,23,85,28,72,,,,
940 110008003692,w192571,940 110009539497,w192253,High Shade,13,68,92,79,132,,,25,31,49,73,53,79,129,13,138,44,104,,,,
940 110008003692,w192571,940 110009541679,2018,High Shade,8,71,78,162,97,,,16,60,44,47,71,81,154,8,34,91,118,,,,
940 110008003692,w192571,940 110006544659,3737,High Shade,6,56,103,97,89,,,14,32,35,37,102,46,162,20,43,28,123,,,,
940 110008003692,w192571,940 110009539523,2496,High Shade,11,57,151,114,114,1,,36,50,52,84,51,37,171,32,38,28,88,,,,
940 110008003692,w192571,940 110009539215,y1100,High Shade,20,65,124,66,110,,,8,41,36,49,32,20,59,15,24,30,124,,,,
940 110008003692,w192571,940 110006720372,w764,High Shade,26,78,115,141,119,,,17,53,88,35,38,36,126,29,37,43,251,,,,
940 110008003692,w192571,940 110006543949,y451,High Shade,21,109,146,70,64,,,12,17,31,75,73,53,151,9,18,67,174,,,,
940 110008003692,w192571,940 110012566735,2715,High Shade,10,57,120,75,83,21,,7,61,84,42,97,47,94,22,76,67,79,,,,
940 110008003692,w192571,940 110009539432,2559,High Shade,7,64,74,53,67,,,28,83,66,68,48,43,92,25,56,32,179,,,,
940 110008003692,w192571,940 110009423155,2391,High Shade,27,99,89,63,5,,,3,7,13,26,27,23,59,5,34,93,96,,,,
940 110008003692,w192571,940 110009541259,2966,High Shade,15,68,94,142,77,,,22,36,51,45,35,50,270,7,31,57,94,,,,
940 110008003692,w192571,940 110009540159,w1658,High Shade,8,53,83,43,72,,,22,33,61,89,43,65,90,16,37,72,116,,,,
940 110008003692,w192571,940 110009538772,2991,High Shade,12,38,47,79,72,,,22,60,66,38,52,71,138,8,63,85,129,,,,
940 110008003692,w192571,940 110012567143,w1512,High Shade,11,60,61,99,142,26,,35,41,57,31,121,84,88,13,48,47,138,,,,
940 110008003692,w192571,940 110012567054,2371,High Shade,10,47,140,95,127,1,,19,81,27,32,63,28,93,30,32,59,142,,,,
940 110008003692,w192571,940 110012564957,2624,High Shade,12,109,108,103,95,5,,82,84,41,44,126,74,163,18,38,65,290,,,,
940 110008003692,w192571,940 110009538653,w745,High Shade,7,83,100,98,103,,,18,20,45,46,27,19,78,25,81,61,116,,,,
940 110008003692,w192571,940 110012567558,2705,High Shade,7,82,130,90,47,,,9,46,40,16,101,44,172,5,77,34,80,,,,
940 110008003692,w192571,940 110012567214,w1739,High Shade,18,73,124,110,100,5,,224,49,107,47,127,56,112,43,50,127,99,,,,
940 110008003692,w192571,940 110012567049,2564,High Shade,23,104,95,40,137,6,,20,51,44,108,149,46,24,8,14,40,127,,,,
940 110008003692,w192571,940 110012568205,w192001,High Shade,,86,73,22,73,13,,26,79,24,42,32,48,94,23,35,38,164,,,,
940 110008003692,w192571,940 110009422291,2484,High Shade,23,35,57,60,62,2,,10,38,42,38,27,40,109,12,45,86,67,,,,
940 110008003692,w192571,940 110012565375,w102300,High Shade,8,68,72,134,87,,,11,42,27,58,63,27,71,13,19,25,108,,,,
940 110008003692,w192571,940 110009539426,y470,High Shade,11,97,124,90,62,31,,22,34,51,52,22,18,67,11,30,30,89,,,,
940 110008003692,w192571,940 110009540852,w1627,High Shade,20,82,109,127,84,5,,40,103,49,63,73,54,87,22,131,92,154,,,,
940 110008003692,w192571,940 110016191529,w192587,High Shade,15,50,89,119,61,1,,27,63,87,38,40,42,112,22,44,110,219,,,,
940 110008003692,w192571,940 110012567022,y477,High Shade,7,72,106,90,142,,,37,59,32,38,55,54,96,7,28,95,111,,,,
940 110008003692,w192571,940 110009540645,2984,High Shade,14,61,75,81,86,,,43,62,30,76,36,118,107,14,26,74,186,,,,
940 110008003692,w192571,940 110012554843,2596,High Shade,16,113,114,89,118,1,,19,57,67,27,34,67,101,30,83,81,99,,,,
940 110008003692,w192571,940 110009540691,2317,High Shade,10,144,113,126,83,,,24,29,24,52,63,32,65,18,61,29,147,,,,
940 110008003692,w192571,940 110009540400,2435,High Shade,14,98,121,57,114,13,,10,31,63,116,34,47,54,22,28,26,155,,,,
940 110008003692,w192571,940 110009539500,W192295,High Shade,24,106,154,84,175,5,,15,76,48,58,95,32,273,15,62,43,110,,,,
940 110008003692,w192571,940 110009538885,2590,High Shade,5,62,87,100,67,1,,15,42,35,51,46,70,59,18,20,25,92,,,,
940 110008003692,w192571,940 110009421864,2599,High Shade,15,86,113,117,79,1,,20,78,47,47,40,30,153,17,36,64,236,,,,
940 110008003692,w192571,940 110009539560,2560,High Shade,5,38,83,79,40,7,,6,35,55,32,39,84,57,10,20,18,36,,,,
940 110008003692,w192571,940 110009423244,w287,High Shade,8,32,186,54,76,5,,30,66,38,35,63,32,131,8,37,25,61,,,,
940 110008003692,w192571,940 110009538900,2455,High Shade,10,43,53,130,62,,,18,57,66,47,84,56,143,35,100,37,128,,,,
940 110008003692,w192571,940 110009423257,w192008,High Shade,19,143,142,120,83,,,32,38,47,66,49,25,77,15,30,32,165,,,,
940 110008003692,w192571,940 110009422837,2963,High Shade,8,53,98,82,63,3,,16,42,28,28,28,55,110,18,34,31,68,,,,
940 110008003692,w192571,940 110009538890,2606,High Shade,12,50,102,167,88,12,,51,35,46,38,74,63,113,49,39,36,151,,,,
940 110008003692,w192571,940 110006720148,2016,High Shade,16,36,102,65,70,4,,20,39,30,59,46,136,159,27,33,34,185,,,,
940 110008003692,w192571,940 110009539017,3728,High Shade,19,66,103,79,97,,,19,60,45,56,50,59,95,99,31,47,114,,,,
940 110008003692,w192571,940 110009539441,w1602,High Shade,13,111,70,84,88,3,,15,53,80,62,34,48,131,8,21,50,154,,,,
940 110008003692,w192571,940 110009541284,w795,High Shade,9,62,81,91,92,,,25,94,68,53,108,65,112,18,55,67,312,,,,
940 110008003692,w192571,940 110009540523,2399,High Shade,19,69,88,82,91,7,,12,69,36,43,40,85,106,16,48,52,167,,,,
940 110008003692,w192571,940 110009539123,2523,High Shade,8,72,83,93,117,,,17,69,80,63,88,56,108,14,35,47,118,,,,
940 110008003692,w192571,940 110009423220,W991,High Shade,28,118,142,163,109,9,,10,49,51,49,65,57,57,17,89,91,133,,,,
940 110008003692,w192571,940 110009541182,w1758,High Shade,25,44,130,72,74,,,34,49,43,42,73,70,95,14,31,42,122,,,,
940 110008003692,w192571,940 110012568040,2951,High Shade,9,90,132,113,171,4,,18,49,62,45,33,76,80,33,41,50,119,,,,
940 110008003692,w192571,940 110011991139,w192383,High Shade,9,85,85,80,49,6,,12,22,69,30,49,17,103,5,16,44,55,,,,
940 110008003692,w192571,940 110012554675,w192110,High Shade,16,68,94,92,62,,,25,48,70,48,21,42,122,8,37,32,89,,,,
940 110008003692,w192571,940 110009541631,w1624,High Shade,16,95,99,190,176,,,26,152,85,45,27,73,174,20,44,46,193,,,,
940 110008003692,w192571,940 110009422297,3747,High Shade,12,114,136,82,128,,,22,54,78,68,90,43,112,10,30,44,89,,,,
940 110008003692,w192571,940 110012564910,3793,High Shade,15,68,124,74,94,,,16,24,47,143,124,36,49,30,22,19,57,,,,
940 110008003692,w192571,940 110009538743,w192423,High Shade,32,67,65,88,102,,,8,45,39,36,50,71,62,11,55,51,53,,,,
940 110008003692,w192571,940 110012567203,w192316,High Shade,11,72,116,67,141,2,,33,31,40,42,25,34,93,11,54,35,276,,,,
940 110008003692,w192571,940 110009539726,3732,High Shade,14,110,122,83,106,1,,17,46,71,61,57,75,69,11,50,28,86,,,,
940 110008003692,w192571,940 110012554375,2714,High Shade,6,70,123,93,74,,,16,42,65,173,39,46,280,22,42,54,97,,,,
940 110008003692,w192571,940 110012568096,2643,High Shade,29,76,115,140,91,13,,65,78,60,57,43,110,122,18,39,56,78,,,,
940 110008003692,w192571,940 110012566714,o75,High Shade,16,74,78,161,114,1,,19,38,68,34,82,53,267,24,56,55,230,,,,
940 110008003692,w192571,940 110009538720,2922,High Shade,22,86,85,100,86,18,,19,30,53,44,24,66,225,17,83,18,107,,,,
940 110008003692,w192571,940 110009539574,2647,High Shade,11,50,130,106,113,,,45,44,27,94,31,42,123,21,49,45,68,,,,
940 110008003692,w192571,940 110012566936,w192195,High Shade,13,52,58,132,83,,,16,38,45,38,26,44,58,26,75,60,80,,,,
940 110008003692,w192571,940 110009539425,w192042,High Shade,8,70,117,93,101,34,,5,39,40,66,36,29,119,10,125,41,69,,,,
940 110008003692,w192571,940 110006544528,2697,High Shade,8,52,108,143,162,,,14,27,32,41,32,72,81,20,40,52,118,,,,
940 110008003692,w192571,940 110012553700,2384,High Shade,23,108,98,144,117,,,17,74,52,50,70,45,142,3,91,35,129,,,,
940 110008003692,w192571,940 110009539765,2653,High Shade,21,46,74,91,113,,,22,52,37,43,61,97,167,80,54,57,115,,,,
940 110008003692,w192571,940 110009539995,2464,High Shade,6,90,160,123,202,,,20,35,90,83,128,89,148,17,89,44,172,,,,
940 110008003692,w192571,940 110009540880,w192149,High Shade,5,130,132,85,85,,,14,18,63,27,27,63,34,3,33,42,50,,,,
940 110008003692,w192571,940 110009423238,2644,High Shade,15,95,116,155,95,,,44,54,32,52,91,91,124,13,28,74,216,,,,
940 110008003692,w192571,940 110012554299,w192350,High Shade,11,75,78,107,90,1,,26,35,15,27,10,4,32,,,,,,,,
940 110008003692,w192571,940 110012554672,w765,High Shade,11,60,71,102,81,14,,40,72,28,90,46,21,112,7,22,18,45,,,,
940 110008003692,w192571,940 110006719210,2392,High Shade,20,66,131,92,144,1,,25,148,39,74,127,148,299,9,41,48,220,,,,
940 110008003692,w192571,940 110009539113,2674,High Shade,10,96,142,114,55,,,10,63,93,56,38,36,192,22,19,25,140,,,,
940 110008003692,w192571,940 110009540994,W9510,High Shade,32,117,145,187,131,,,22,33,89,40,61,89,84,33,53,57,141,,,,
940 110008003692,w192571,940 110006544251,y1075,High Shade,12,55,172,87,74,,,14,43,47,82,50,44,120,20,24,51,119,,,,
940 110008003692,w192571,940 110006544225,w9278,High Shade,14,55,135,119,129,13,,16,56,72,31,53,130,65,17,17,33,237,,,,
940 110008003692,w192571,940 110009538766,Y1036,High Shade,19,124,152,97,309,,,27,100,70,102,80,39,130,22,36,66,74,,,,
940 110008003692,w192571,940 110006720131,2638,High Shade,15,68,103,172,189,4,,17,46,59,50,93,56,73,10,27,24,107,,,,
940 110008003692,w192571,940 110009539963,w192206,High Shade,15,90,94,143,100,,,14,82,56,108,63,44,220,24,66,59,116,,,,
940 110008003692,w192571,940 110009539186,2511,High Shade,18,62,227,57,90,,,24,61,79,46,52,45,65,12,26,56,112,,,,
940 110008003692,w192571,940 110012565425,w192249,High Shade,24,44,141,82,128,,,17,44,48,27,59,46,145,14,25,58,110,,,,
940 110008003692,w192571,940 110006543957,9538,High Shade,9,97,124,214,79,,,30,89,46,46,35,23,183,21,15,30,107,,,,
940 110008003692,w192571,940 110009541586,y471,High Shade,10,67,76,98,50,,,18,64,33,38,50,23,72,15,16,20,79,,,,
940 110008003692,w192571,940 110009538677,y1055,High Shade,7,45,74,68,56,,,45,31,67,52,113,66,35,14,38,19,66,,,,
940 110008003692,w192571,940 110009539288,2640,High Shade,13,51,63,104,74,,,6,28,90,45,64,36,20,15,41,23,72,,,,
940 110008003692,w192571,940 110012567798,w1630,High Shade,8,56,140,118,129,6,,28,61,52,76,59,64,56,14,37,47,173,,,,
940 110008003692,w192571,940 110009541350,w9333,High Shade,14,116,135,140,114,1,,19,65,55,56,120,39,98,22,63,45,115,,,,
940 110008003692,w192571,940 110006719988,w1767,High Shade,43,82,110,152,120,2,,11,45,93,59,90,95,87,8,28,46,106,,,,
940 110008003692,w192571,940 110009422880,y1060,High Shade,12,139,75,145,57,,,14,63,48,66,58,100,157,23,84,79,226,,,,
940 110008003692,w192571,940 110012567539,w744,High Shade,14,106,143,102,132,7,,23,83,96,130,58,29,133,35,50,75,142,,,,
940 110008003692,w192571,940 110012553652,2997,High Shade,18,85,99,94,53,12,,16,38,53,43,16,23,48,9,23,33,74,,,,
940 110008003692,w192571,940 110006720115,y1077,High Shade,16,86,114,179,172,43,,17,56,68,57,59,44,144,17,103,46,104,,,,
940 110008003692,w192571,940 110012566479,w1750,High Shade,16,76,115,129,85,7,,22,45,33,30,18,30,72,33,44,50,140,,,,
940 110008003692,w192571,940 110009538652,2706,High Shade,10,109,121,67,82,4,,23,48,38,27,26,60,65,5,21,23,63,,,,
940 110008003692,w192571,940 110009539745,2934,High Shade,12,80,130,94,106,3,,20,64,53,43,46,56,95,5,31,70,77,,,,
940 110008003692,w192571,940 110009422175,2592,High Shade,14,68,125,171,98,,,14,50,60,73,110,72,32,9,28,55,214,,,,
940 110008003692,w192571,940 110009423189,2713,High Shade,9,73,83,86,75,,,21,32,54,78,37,90,198,8,32,29,99,,,,
940 110008003692,w192571,940 110009539701,w192007,High Shade,11,54,89,60,52,,,29,62,31,40,19,26,91,14,67,38,83,,,,
940 110008003692,w192571,940 110006544430,2665,High Shade,26,76,118,143,136,4,,19,58,49,84,80,79,90,34,40,38,174,,,,
940 110008003692,w192571,940 110006720577,2588,High Shade,22,120,118,71,120,,,13,56,50,49,31,22,100,24,19,43,140,,,,
940 110008003692,w192571,940 110009540112,2995,High Shade,7,53,93,101,146,,,15,50,36,53,97,58,95,30,44,46,251,,,,
940 110008003692,w192571,940 110012553789,2974,High Shade,10,64,314,64,113,21,,22,38,46,62,50,31,162,14,22,41,120,,,,
940 110008003692,w192571,940 110009540863,W273,High Shade,15,58,90,52,88,,,21,70,55,70,88,60,104,31,36,33,160,,,,
940 110008003692,w192571,940 110006718446,2558,High Shade,10,64,94,64,71,,,9,51,61,35,50,21,102,42,70,35,75,,,,
940 110008003692,w192571,940 110006543999,w192107,High Shade,12,65,124,138,129,,,12,14,29,51,29,20,77,16,55,54,102,,,,
940 110008003692,w192571,940 110009423145,2685,High Shade,13,66,151,54,98,1,,13,35,43,43,50,100,56,9,50,54,180,,,,
940 110008003692,w192571,940 110009421860,2892,High Shade,5,85,151,219,118,,,18,57,56,61,68,103,68,10,33,23,143,,,,
940 110008003692,w192571,940 110009541193,2550,High Shade,21,134,97,127,95,,,11,71,86,46,135,47,84,5,47,49,208,,,,
940 110008003692,w192571,940 110009540937,w9504,High Shade,8,66,117,84,62,,,15,40,40,20,47,45,289,31,88,,,,,,
940 110008003692,w192571,940 110012567653,2900,High Shade,7,54,103,394,96,,,13,30,33,53,35,20,120,14,67,49,70,,,,
940 110008003692,w192571,940 110009422307,w1629,High Shade,11,89,122,69,73,,,14,42,40,36,58,53,82,7,33,27,121,,,,
940 110008003692,w192571,940 110009422302,2656,High Shade,15,50,83,235,86,,,11,69,98,44,63,19,103,20,34,63,91,,,,
940 110008003692,w192571,940 110009541187,w1653,High Shade,12,73,111,114,96,24,,28,59,58,82,52,43,46,12,24,24,80,,,,
940 110008003692,w192571,940 110009538693,2027,High Shade,15,57,122,96,100,,,6,78,38,40,57,54,193,30,43,40,131,,,,
940 110008003692,w192571,940 110009539443,2334,High Shade,5,69,100,98,80,,,30,62,96,44,56,31,206,18,20,21,52,,,,
940 110008003692,w192571,940 110006544810,w393,High Shade,24,84,127,131,96,19,,30,72,52,69,100,93,75,11,35,67,229,,,,
940 110008003692,w192571,940 110006544961,2461,High Shade,15,61,157,74,50,,,22,31,78,73,36,47,220,35,25,26,86,,,,
940 110008003692,w192571,940 110009540606,2686,High Shade,8,77,178,205,101,,,20,47,96,53,70,32,112,48,33,38,198,,,,
940 110008003692,w192571,940 110009540162,2972,High Shade,12,90,144,98,119,,,29,78,40,39,41,48,71,14,90,29,203,,,,
940 110008003692,w192571,940 110012567392,w192340,High Shade,19,106,124,110,96,2,,16,50,66,33,68,61,145,45,40,37,142,,,,
940 110008003692,w192571,940 110009541521,2921,High Shade,19,85,111,111,51,2,,27,33,38,53,49,43,80,10,32,78,121,,,,
940 110008003692,w192571,940 110009541455,w192415,High Shade,18,75,106,94,107,2,,14,54,50,33,45,36,59,5,39,33,65,,,,
940 110008003692,w192571,940 110012554266,2472,High Shade,11,61,74,97,93,5,,24,50,36,65,66,71,113,88,47,23,86,,,,
940 110008003692,w192571,940 110012565403,2311,High Shade,6,37,252,138,84,,,32,34,19,48,23,41,89,16,22,58,188,,,,
940 110008003692,w192571,940 110006544462,2394,High Shade,11,90,73,118,113,21,,27,113,26,65,129,66,127,19,49,31,95,,,,
940 110008003692,w192571,940 110009538417,w192559,High Shade,16,91,108,102,77,,,32,65,52,44,40,45,117,20,41,17,102,,,,
940 110008003692,w192571,940 110009423044,2533,High Shade,19,81,79,60,96,,,8,34,17,35,39,33,128,54,102,55,112,,,,
940 110008003692,w192571,940 110006544638,w192533,High Shade,12,101,126,102,92,,,35,73,27,49,65,94,62,17,36,59,191,,,,
940 110008003692,w192571,940 110009540630,w1780,High Shade,7,59,118,106,105,,,5,76,67,45,15,51,60,34,68,19,88,,,,
940 110008003692,w192571,940 110012554719,2663,High Shade,24,80,100,85,113,,,22,22,60,77,26,34,83,10,17,25,81,,,,
940 110008003692,w192571,940 110009538570,w1785,High Shade,9,110,88,94,56,,,47,75,31,46,55,41,57,12,63,44,218,,,,
940 110008003692,w192571,940 110006720358,2709,High Shade,13,173,210,91,97,,,29,60,77,49,53,42,90,21,39,46,92,,,,
940 110008003692,w192571,940 110012565868,2333,High Shade,16,93,105,110,137,,,21,32,44,57,39,31,100,11,8,13,103,,,,
940 110008003692,w192571,940 110006543906,w1254,High Shade,13,98,84,154,91,1,,22,66,49,172,90,36,98,14,43,40,134,,,,
940 110008003692,w192571,940 110006544421,2926,High Shade,8,51,98,80,118,22,,13,46,65,85,53,44,107,42,25,50,89,,,,
940 110008003692,w192571,940 110006543802,2626,High Shade,18,82,82,68,84,,,12,72,52,84,55,32,75,24,41,50,187,,,,
940 110008003692,w192571,940 110009538502,y1027,High Shade,33,81,107,147,68,,,25,48,83,46,51,49,161,16,31,41,164,,,,
940 110008003692,w192571,940 110009540731,w1779,High Shade,16,86,166,149,98,1,,15,54,59,51,26,30,229,26,35,36,72,,,,
940 110008003692,w192571,940 110012564961,w192312,High Shade,31,90,114,66,139,,,27,92,83,170,61,27,103,3,30,71,111,,,,
940 110008003692,w192571,940 110006544521,w9277,High Shade,20,127,171,147,183,,,33,87,46,60,53,128,145,16,63,39,274,,,,
940 110008003692,w192571,940 110006720119,w192239,High Shade,12,78,129,113,96,,,24,32,57,20,32,153,67,26,23,21,133,,,,
940 110008003692,w192571,940 110009540190,W928,High Shade,11,80,117,150,105,,,17,23,65,54,78,54,33,14,53,52,50,,,,
940 110008003692,w192571,940 110009538344,w192165,High Shade,10,77,98,114,94,,,15,54,65,52,62,19,122,11,26,45,135,,,,
940 110008003692,w192571,940 110009539732,2925,High Shade,15,53,133,105,96,,,19,62,73,23,75,172,141,19,57,124,93,,,,
940 110008003692,w192571,940 110009539267,y425,High Shade,8,43,68,64,40,,,7,35,25,34,22,32,60,8,22,40,80,,,,
940 110008003692,w192571,940 110009540879,2645,High Shade,13,63,138,131,155,2,,53,175,56,65,84,50,108,9,75,61,170,,,,
940 110008003692,w192571,940 110012553675,2421,High Shade,3,62,64,80,86,17,,9,26,36,44,97,54,75,46,59,17,74,,,,
940 110008003692,w192571,940 110009423265,2943,High Shade,7,85,124,114,82,,,21,70,52,23,59,16,182,25,28,207,197,,,,
940 110008003692,w192571,940 110009541526,w192479,High Shade,13,73,155,114,107,3,,20,57,45,49,26,49,82,23,31,12,104,,,,
940 110008003692,w192571,940 110006720530,w192534,High Shade,9,71,159,127,114,,,22,71,23,40,81,91,125,32,24,39,82,,,,
940 110008003692,w192571,940 110009538624,w9535,High Shade,11,141,119,118,214,2,,13,37,44,114,26,53,428,22,61,89,185,,,,
940 110008003692,w192571,940 110006544511,2376,High Shade,7,60,91,82,100,,,6,56,92,49,52,59,56,20,77,49,93,,,,
940 110008003692,w192571,940 110009540131,2473,High Shade,14,72,137,110,190,,,11,35,55,100,56,108,188,25,46,39,148,,,,
940 110008003692,w192571,940 110009538560,y447,High Shade,21,79,142,144,114,,,16,44,52,33,35,16,125,18,84,32,70,,,,
940 110008003692,w192571,940 110009539292,2958,High Shade,15,60,118,96,87,,,28,38,80,52,92,25,57,34,29,36,161,,,,
940 110008003692,w192571,940 110009423023,W961,High Shade,14,69,164,101,101,,,25,59,65,32,86,38,64,45,126,96,198,,,,
940 110008003692,w192571,940 110012554553,w192428,High Shade,16,83,122,129,126,,,75,47,51,49,49,41,158,34,65,54,132,,,,
940 110008003692,w192571,940 110012566916,w1581,High Shade,18,76,104,110,48,19,,22,46,53,29,20,47,55,47,33,25,123,,,,
940 110008003692,w192571,940 110009540062,w192314,High Shade,4,78,105,100,110,,,75,51,74,23,39,51,116,12,58,27,149,,,,
940 110008003692,w192571,940 110009541070,2029,High Shade,22,113,127,111,72,,,41,63,58,78,73,163,196,18,41,38,166,,,,
940 110008003692,w192571,940 110009541731,w1724,High Shade,12,120,110,162,120,,,37,105,45,41,66,48,64,22,41,38,90,,,,
940 110008003692,w192571,940 110006544745,2553,High Shade,13,85,83,127,85,1,,15,30,40,79,43,7,95,26,41,31,58,,,,
940 110008003692,w192571,940 110009539600,2431,High Shade,9,83,143,172,113,4,,21,38,49,124,54,63,95,25,23,92,103,,,,
940 110008003692,w192571,940 110012567794,w192384,High Shade,5,40,130,77,93,1,,13,45,23,23,7,9,20,,,,,,,,
940 110008003692,w192571,940 110012566390,2031,High Shade,8,58,90,134,91,25,,19,34,45,46,47,80,118,10,36,26,89,,,,
940 110008003692,w192571,940 110009539582,w240,High Shade,14,63,85,79,353,29,,14,46,50,31,35,37,85,12,39,62,60,,,,
940 110008003692,w192571,940 110009423176,2544,High Shade,10,231,116,56,82,8,,22,47,35,42,43,63,97,27,32,94,148,,,,
940 110008003692,w192571,940 110009538722,2488,High Shade,6,88,101,45,61,,,22,57,69,29,41,38,69,,,,,,,,
940 110008003692,w192571,940 110006543893,2320,High Shade,18,79,138,119,124,,,33,66,117,28,36,57,122,17,139,52,249,,,,
940 110008003692,w192571,940 110006544843,2566,High Shade,24,76,52,111,115,6,,17,120,45,48,29,48,194,12,33,41,321,,,,
940 110008003692,w192571,940 110006720324,w1689,High Shade,15,149,214,90,131,1,,34,66,40,24,29,44,96,56,47,28,159,,,,
940 110008003692,w192571,940 110009540641,w192154,High Shade,9,45,149,113,107,,,12,54,45,59,57,31,107,17,22,47,174,,,,
940 110008003692,w192571,940 110006544066,3718,High Shade,10,70,110,95,102,,,15,81,40,36,41,55,110,22,121,42,97,,,,
940 110008003692,w192571,940 110009541375,2416,High Shade,16,93,110,93,114,,,27,42,53,20,77,26,82,9,29,46,85,,,,
940 110008003692,w192571,940 110009530579,w299,High Shade,19,75,78,103,166,,,12,54,40,71,72,47,87,15,52,37,171,,,,
940 110012305651,y472,940 110006543999,w192107,High Shade,8,28,29,90,54,32,37,24,43,27,23,20,63,14,16,26,17,25,39,61,,
940 110012305651,y472,940 110006544810,w393,High Shade,4,47,50,28,40,29,34,47,51,55,107,77,40,42,28,47,27,56,68,69,,
940 110012305651,y472,940 110009540280,y433,High Shade,10,52,44,55,26,20,36,46,38,80,29,31,53,71,188,59,34,50,41,84,,
940 110012305651,y472,940 110012553776,w237,High Shade,11,50,42,60,54,37,57,63,67,82,55,42,40,54,26,23,17,37,59,82,,
940 110012305651,y472,940 110009538344,w192165,High Shade,12,38,45,30,29,35,69,90,50,27,60,56,101,21,29,40,49,62,45,103,,
940 110012305651,y472,940 110012554433,w263,High Shade,6,35,33,41,29,25,39,38,52,29,30,99,93,52,22,63,29,42,56,92,,
940 110012305651,y472,940 110009539746,2992,High Shade,14,21,27,13,25,63,67,26,55,41,39,31,81,233,17,26,31,71,32,52,,
940 110012305651,y472,940 110012568314,w192120,High Shade,5,41,59,30,25,54,37,40,64,66,65,22,40,23,38,29,37,25,48,106,,
940 110012305651,y472,940 110011991139,w192383,High Shade,13,26,15,40,21,38,11,43,29,55,29,136,57,28,24,38,20,41,64,45,,
940 110012305651,y472,940 110006544638,w192533,High Shade,7,32,42,19,42,29,17,50,58,47,59,113,53,18,43,46,28,60,73,50,,
940 110012305651,y472,940 110006544244,2587,High Shade,10,34,47,51,74,44,63,38,50,67,61,35,48,36,47,39,39,44,60,129,,
940 110012305651,y472,940 110009540446,2344,High Shade,19,45,31,24,62,20,48,42,68,47,42,69,56,52,49,66,51,29,30,67,,
940 110012305651,y472,940 110009540159,w1658,High Shade,13,30,23,13,35,23,12,55,41,43,32,36,40,23,36,32,14,31,44,73,,
940 110012305651,y472,940 110009539164,w977,High Shade,18,49,36,60,42,44,40,44,36,38,78,58,45,35,55,35,49,34,48,111,,
940 110012305651,y472,940 110009423060,w192029,High Shade,11,29,38,36,45,35,38,29,46,68,15,44,4,,,,,,,,,
940 110012305651,y472,940 110006720265,y493,High Shade,10,32,23,32,25,38,38,29,21,42,76,41,76,30,30,17,15,,,,,
940 110012305651,y472,940 110009539749,Y444,High Shade,14,25,48,41,52,74,34,24,31,61,34,25,57,33,33,19,34,54,52,90,,
940 110012305651,y472,940 110009541259,2966,High Shade,19,20,54,36,63,39,22,32,32,52,47,43,53,46,51,38,64,35,48,50,,
940 110012305651,y472,940 110012564941,w805,High Shade,8,21,42,17,40,26,31,41,52,66,79,59,74,26,52,42,26,50,50,70,,
940 110012305651,y472,940 110012554375,2714,High Shade,4,27,53,74,26,25,33,29,40,42,128,30,62,35,40,31,65,57,47,83,,
940 110012305651,y472,940 110012568291,3723,High Shade,18,49,45,55,49,48,37,46,47,69,74,66,29,58,25,48,31,68,44,155,,
940 110012305651,y472,940 110009423166,2369,High Shade,39,83,35,69,22,29,31,58,60,77,61,45,70,42,61,62,56,38,78,102,,
940 110012305651,y472,940 110009539721,y428,High Shade,44,48,15,39,26,25,19,88,29,37,83,37,34,66,56,49,53,44,56,141,,
940 110012305651,y472,940 110012567392,w192340,High Shade,20,46,56,38,60,50,52,39,93,39,76,91,45,30,86,61,27,69,47,53,,
940 110012305651,y472,940 110012567296,w1789,High Shade,13,32,57,29,45,20,21,21,32,50,194,26,67,26,39,71,75,35,103,47,,
940 110012305651,y472,940 110012567125,y1057,High Shade,19,37,61,39,16,48,29,44,78,67,72,32,26,79,57,38,40,37,29,60,,
940 110012305651,y472,940 110009538623,w1614,High Shade,8,47,55,41,23,43,23,45,59,51,22,30,27,86,42,46,101,27,35,76,,
940 110012305651,y472,940 110009421859,w1682,High Shade,17,48,63,50,57,42,23,41,70,60,49,37,57,263,58,66,71,77,50,60,,
940 110012305651,y472,940 110006720428,w192040,High Shade,23,49,42,12,43,42,23,36,37,63,65,49,44,80,33,74,57,52,58,146,,
940 110012305651,y472,940 110012568205,w192001,High Shade,8,51,39,22,25,56,16,43,38,34,25,24,24,51,32,30,55,53,38,104,,
940 110012305651,y472,940 110006544066,3718,High Shade,13,48,33,39,23,33,46,33,70,72,84,61,30,81,57,54,46,47,78,134,,
940 110012305651,y472,940 110009541155,w1663,High Shade,,,,,,,,1,7,12,42,70,56,35,46,60,21,55,43,45,,
940 110012305651,y472,940 110009422277,2335,High Shade,18,26,64,34,60,38,23,26,85,37,33,35,41,37,44,83,79,58,35,65,,
940 110012305651,y472,940 110009540630,w1780,High Shade,4,45,37,46,16,72,88,68,61,66,89,33,27,38,59,48,40,29,30,31,,
940 110012305651,y472,940 110009538560,y447,High Shade,10,33,66,43,55,58,44,26,56,56,24,28,84,49,45,44,59,47,39,102,,
940 110012305651,y472,940 110012554501,3736,High Shade,5,28,50,16,42,42,27,35,68,33,50,31,30,32,84,23,24,35,39,92,,
940 110012305651,y472,940 110009541435,2670,High Shade,10,44,33,42,35,47,30,31,50,50,52,59,58,79,41,34,42,121,38,60,,
940 110012305651,y472,940 110009541504,y1085,High Shade,7,30,41,16,30,26,48,88,56,30,40,37,65,85,111,26,101,62,59,65,,
940 110012305651,y472,940 110009541521,2921,High Shade,25,61,63,20,56,61,31,35,62,41,27,29,75,46,72,31,39,35,33,81,,
940 110012305651,y472,940 110009541433,2668,High Shade,10,53,34,56,25,30,45,39,31,29,26,19,43,43,19,29,44,64,32,83,,
940 110012305651,y472,940 110009541103,2993,High Shade,11,71,72,58,32,48,40,58,35,56,36,62,33,41,97,48,93,53,36,98,,
940 110012305651,y472,940 110009540889,2692,High Shade,5,45,48,60,49,42,28,30,31,34,32,43,40,28,46,40,34,80,101,121,,
940 110012305651,y472,940 110012566822,w192192,High Shade,8,32,32,43,23,69,28,73,42,10,20,23,41,17,36,39,40,53,37,106,,
940 110012305651,y472,940 110009539587,2660,High Shade,43,45,44,54,45,31,24,24,39,28,71,55,63,36,72,100,52,45,52,,,
940 110012305651,y472,940 110009540162,2972,High Shade,25,71,44,36,36,58,68,57,49,69,38,31,56,61,28,61,48,49,74,136,,
940 110012305651,y472,940 110009540892,w192519,High Shade,21,24,35,38,50,50,58,49,41,36,66,62,23,28,56,29,37,53,53,80,,
940 110012305651,y472,940 110016191529,w192587,High Shade,4,60,37,47,42,25,25,38,55,28,68,54,30,50,36,31,53,79,53,99,,
940 110012305651,y472,940 110012564910,3793,High Shade,12,38,64,44,24,45,25,34,28,45,47,171,26,14,45,29,32,38,71,59,,
940 110012305651,y472,940 110009538885,2590,High Shade,16,35,60,33,34,27,35,53,23,33,22,35,49,30,56,36,27,48,52,58,,
940 110012305651,y472,940 110009541618,3796,High Shade,30,58,37,47,28,19,68,36,97,35,72,31,45,20,42,64,54,38,39,64,,
940 110012305651,y472,940 110006720577,2588,High Shade,13,74,42,40,53,36,37,53,75,77,51,15,32,23,134,38,17,37,27,86,,
940 110012305651,y472,940 110009541595,3799,High Shade,5,52,23,81,31,46,34,40,61,51,113,34,29,72,59,26,42,47,55,67,,
940 110012305651,y472,940 110012568230,y1024,High Shade,6,53,43,39,23,38,18,44,96,21,44,31,18,66,15,44,40,15,45,82,,
940 110012305651,y472,940 110009423044,2533,High Shade,10,48,39,26,19,16,89,50,48,34,57,62,34,34,78,36,29,65,39,101,,
940 110012305651,y472,940 110009422837,2963,High Shade,11,36,33,56,57,28,67,53,33,50,42,22,20,25,55,22,34,19,3,41,,
940 110012305651,y472,940 110009540880,w192149,High Shade,13,30,109,47,42,59,28,36,26,32,34,27,70,31,33,49,76,52,48,94,,
940 110012305651,y472,940 110009539846,w213,High Shade,11,42,39,30,47,40,70,26,34,27,58,68,105,155,31,35,19,51,49,30,,
940 110012305651,y472,940 110012554845,o39,High Shade,14,39,34,38,28,52,84,32,51,31,32,32,41,32,50,35,62,62,53,167,,
940 110012305651,y472,940 110006544234,w210,High Shade,17,22,20,37,35,67,27,25,66,45,50,57,86,26,18,39,32,71,43,63,,
940 110012305651,y472,940 110009541631,w1624,High Shade,11,44,54,39,33,49,29,42,42,66,43,56,36,59,72,51,34,74,29,55,,
940 110012305651,y472,940 110009538693,2027,High Shade,8,36,24,35,37,28,26,40,62,28,66,66,99,42,33,39,24,30,37,149,,
940 110012305651,y472,940 110012554714,2417,High Shade,16,20,33,29,21,19,69,38,46,61,53,66,193,50,29,33,48,44,36,110,,
940 110012305651,y472,940 110009538774,y1071,High Shade,7,23,33,48,27,19,114,35,17,46,29,28,22,21,49,91,43,42,42,99,,
940 110012305651,y472,940 110009540731,w1779,High Shade,14,32,27,34,31,20,29,25,53,68,48,36,59,36,25,57,47,34,34,95,,
940 110012305651,y472,940 110009541187,w1653,High Shade,25,68,54,43,26,37,30,38,35,31,39,44,68,17,22,39,20,74,35,48,,
940 110012305651,y472,940 110012554588,w192377,High Shade,19,47,29,17,32,26,34,27,62,33,56,24,54,72,35,26,39,21,35,54,,
940 110012305651,y472,940 110009538677,y1055,High Shade,6,53,30,58,41,28,41,61,33,25,45,83,41,45,26,20,68,45,52,73,,
940 110012305651,y472,940 110012565444,2690,High Shade,12,40,48,48,30,53,32,29,57,63,84,67,57,338,34,36,31,34,38,122,,
940 110012305651,y472,940 110006544511,2376,High Shade,27,64,37,46,37,28,39,37,55,44,36,49,75,33,49,63,33,24,51,72,,
940 110012305651,y472,940 110009423109,3752,High Shade,10,25,25,57,56,18,27,37,48,47,39,67,44,54,64,48,59,32,77,48,,
940 110012305651,y472,940 110009540190,W928,High Shade,14,47,36,35,35,23,29,143,44,41,51,81,55,25,54,29,27,64,51,70,,
940 110012305651,y472,940 110012567632,w1704,High Shade,15,53,61,68,24,33,60,50,52,71,58,73,41,42,38,40,31,70,75,142,,
940 110012305651,y472,940 110006544527,w192530,High Shade,7,38,41,53,53,49,25,71,95,78,62,55,30,58,68,39,24,34,42,115,,
940 110012305651,y472,940 110012567539,w744,High Shade,12,56,37,26,31,28,78,60,64,44,50,65,38,28,75,57,36,30,63,52,,
940 110012305651,y472,940 110006544225,w9278,High Shade,11,48,33,84,42,81,64,52,75,65,44,49,71,26,51,36,53,43,54,105,,
940 110012305651,y472,940 110009540147,2412,High Shade,18,36,36,29,22,38,29,55,46,27,29,46,110,86,20,48,48,47,41,57,,
940 110012305651,y472,940 110012566479,w1750,High Shade,6,44,57,40,29,38,53,38,52,45,40,22,31,33,30,54,79,40,23,119,,
940 110012305651,y472,940 110009540290,w793,High Shade,8,13,15,53,29,29,21,55,41,40,37,28,47,33,66,32,34,58,33,15,,
940 110012305651,y472,940 110009541193,2550,High Shade,6,34,34,25,64,69,47,53,47,62,54,79,109,31,37,29,32,55,34,69,,
940 110012305651,y472,940 110009539745,2934,High Shade,18,51,32,28,22,35,17,60,39,25,20,42,73,32,27,50,22,65,63,76,,
940 110012305651,y472,940 110006543930,2323,High Shade,11,31,37,36,23,17,42,26,46,107,35,51,39,22,56,68,55,65,74,112,,
940 110012305651,y472,940 110009541577,y1092,High Shade,15,55,30,23,41,43,20,33,57,35,50,38,23,18,35,50,38,78,32,66,,
940 110012305651,y472,940 110012566730,w1554,High Shade,10,46,128,33,44,51,31,32,31,40,46,23,78,66,19,25,31,31,56,69,,
940 110012305651,y472,940 110012566557,2676,High Shade,5,43,15,24,24,22,16,8,55,27,31,65,55,91,52,80,30,49,49,130,,
940 110012305651,y472,940 110009541001,w192172,High Shade,18,56,36,29,37,31,46,28,35,36,22,6,11,10,6,,,,,,,
940 110012305651,y472,940 110009539186,2511,High Shade,12,46,59,36,60,42,37,46,103,39,65,76,65,88,53,62,94,61,57,81,,
940 110012305651,y472,940 110012567424,w1749,High Shade,20,51,38,34,19,33,53,46,80,19,54,71,63,25,41,36,38,79,42,118,,
940 110012305651,y472,940 110006544315,w192244,High Shade,7,49,32,51,23,34,63,54,60,34,61,86,84,58,38,47,31,63,51,59,,
940 110012305651,y472,940 110006544659,3737,High Shade,7,29,19,20,33,29,31,23,85,44,24,55,50,53,50,32,39,47,38,136,,
940 110012305651,y472,940 110012564957,2624,High Shade,13,32,37,48,59,28,35,72,64,43,40,54,51,69,42,58,32,34,56,56,,
940 110012305651,y472,940 110009541027,3756,High Shade,15,39,34,32,30,41,13,54,42,44,37,48,49,45,45,40,117,60,38,90,,
940 110012305651,y472,940 110009538653,w745,High Shade,5,60,21,18,25,31,39,70,24,33,17,41,24,44,68,34,37,28,51,65,,
940 110012305651,y472,940 110006544655,2543,High Shade,9,22,32,29,43,27,37,31,34,35,49,32,16,21,81,45,42,33,51,105,,
940 110012305651,y472,940 110009422835,2607,High Shade,4,50,43,30,54,62,58,55,43,43,96,40,133,63,56,42,32,22,50,84,,
940 110012305651,y472,940 110012554553,w192428,High Shade,11,29,38,25,51,34,49,79,59,58,59,42,35,100,36,25,46,28,77,115,,
940 110012305651,y472,940 110009539379,2348,High Shade,8,27,34,19,69,27,21,24,44,66,35,36,41,24,76,43,137,28,27,54,,
940 110012305651,y472,940 110009423189,2713,High Shade,7,27,36,35,35,23,35,35,55,57,37,56,88,42,36,47,55,73,46,100,,
940 110012305651,y472,940 110009540229,y1052,High Shade,27,29,30,55,26,23,31,29,45,18,18,37,25,32,27,42,53,49,36,34,,
940 110012305651,y472,940 110009541461,w1671,High Shade,12,48,44,22,36,35,33,59,75,58,46,108,75,34,64,93,37,37,39,121,,
940 110012305651,y472,940 110012567887,2955,High Shade,21,29,22,43,41,25,80,37,50,61,27,46,32,42,34,38,37,43,49,55,,
940 110012305651,y472,940 110012554735,w9282,High Shade,14,29,32,45,44,20,24,29,71,21,34,42,34,15,,,,,,,,
940 110012305651,y472,940 110009422175,2592,High Shade,33,66,40,32,33,38,29,95,36,40,43,53,50,32,71,32,65,74,57,113,,
940 110012305651,y472,940 110006544832,2659,High Shade,11,56,32,42,82,44,25,81,65,39,24,87,46,74,45,58,22,32,51,45,,
940 110012305651,y472,940 110009538652,2706,High Shade,27,45,25,31,35,42,25,37,45,53,59,35,55,50,41,43,25,66,41,64,,
940 110012305651,y472,940 110012567054,2371,High Shade,17,30,20,37,28,33,26,59,81,70,52,26,67,25,51,46,34,56,50,91,,
940 110012305651,y472,940 110009538571,2975,High Shade,21,30,16,34,54,41,31,67,45,112,31,28,28,88,9,,,,,,,
940 110012305651,y472,940 110006543893,2320,High Shade,13,30,31,31,31,77,27,35,48,51,55,41,53,47,38,83,92,81,49,87,,
940 110012305651,y472,940 110012553605,2986,High Shade,11,29,77,50,19,23,68,41,49,54,49,63,29,59,51,30,41,80,76,40,,
940 110012305651,y472,940 110009423238,2644,High Shade,25,66,81,58,56,41,90,42,55,46,99,161,48,30,36,47,62,32,55,147,,
940 110012305651,y472,940 110009539288,2640,High Shade,11,30,23,19,52,28,11,33,45,161,62,90,34,27,25,38,29,23,43,62,,
940 110012305651,y472,940 110009539147,2432,High Shade,12,42,29,34,19,71,76,53,43,61,56,35,27,35,62,29,112,81,50,236,,
940 110012305651,y472,940 110009539425,w192042,High Shade,11,20,70,53,103,58,44,57,68,67,55,41,32,25,47,45,39,22,50,75,,
940 110012305651,y472,940 110009422294,y435,High Shade,8,17,42,33,32,16,21,43,69,35,40,49,28,45,56,33,26,22,40,122,,
940 110012305651,y472,940 110009540112,2995,High Shade,28,36,24,41,35,34,51,39,40,54,52,107,31,29,50,37,51,36,60,93,,
940 110012305651,y472,940 110006544442,w1597,High Shade,7,37,35,65,63,40,44,85,27,71,84,28,33,35,38,28,20,48,40,80,,
940 110012305651,y472,940 110009539267,y425,High Shade,14,49,40,34,37,25,38,24,24,38,61,31,65,73,40,18,138,104,39,58,,
940 110012305651,y472,940 110009540041,2682,High Shade,15,25,26,56,47,33,37,37,30,15,19,9,3,9,4,,,,,,,
940 110012305651,y472,940 110009541089,w1781,High Shade,10,20,36,47,41,27,45,27,20,53,20,4,6,10,8,,,,,,,
940 110012305651,y472,940 110009539063,w233,High Shade,24,45,32,20,36,37,28,34,43,82,51,48,51,46,62,65,56,30,41,85,,
940 110012305651,y472,940 110006544961,2461,High Shade,11,60,37,72,34,36,56,27,54,61,35,54,64,64,19,11,30,21,37,137,,
940 110012305651,y472,940 110009539441,w1602,High Shade,14,79,35,26,32,29,28,61,28,27,34,48,45,25,25,36,63,33,33,76,,
940 110012305651,y472,940 110012566863,3792,High Shade,,,,,,,,1,14,10,11,19,31,16,20,46,28,80,64,62,,
940 110012305651,y472,940 110012567022,y477,High Shade,14,26,54,27,50,33,28,128,48,43,23,49,64,67,114,37,53,48,42,48,,
940 110012305651,y472,940 110012565403,2311,High Shade,17,24,40,21,53,39,23,29,50,35,50,31,42,43,27,34,11,41,39,80,,
940 110012305651,y472,940 110012567214,w1739,High Shade,13,30,54,48,33,34,12,54,211,43,39,124,57,34,54,47,57,55,34,96,,
940 110012305651,y472,940 110009539113,2674,High Shade,14,50,23,49,28,77,25,61,54,48,55,34,59,29,25,24,73,44,44,44,,
940 110012305651,y472,940 110009539497,w192253,High Shade,11,39,11,18,22,29,22,54,43,43,35,55,84,77,54,91,38,31,57,52,,
940 110012305651,y472,940 110009541679,2018,High Shade,7,41,33,56,47,34,56,33,43,63,32,62,45,53,45,43,42,33,51,111,,
940 110012305651,y472,940 110006544745,2553,High Shade,11,38,39,29,24,48,38,71,44,32,46,37,23,41,42,45,70,43,26,96,,
940 110012305651,y472,940 110009539523,2496,High Shade,12,52,53,67,28,18,57,44,26,55,31,52,35,46,21,33,35,46,40,119,,
940 110012305651,y472,940 110009539215,y1100,High Shade,15,40,21,74,55,43,13,37,36,43,18,30,39,50,83,26,44,27,36,85,,
940 110012305651,y472,940 110009539574,2647,High Shade,17,31,38,27,51,24,42,104,50,41,65,34,57,42,32,48,65,53,36,98,,
940 110012305651,y472,940 110006720372,w764,High Shade,19,37,30,27,30,34,31,68,65,53,50,43,24,36,122,30,90,107,59,124,,
940 110012305651,y472,940 110006543949,y451,High Shade,13,32,29,21,18,38,17,51,34,68,31,81,40,43,40,37,64,74,44,121,,
940 110012305651,y472,940 110006543957,9538,High Shade,15,54,59,24,21,21,42,67,86,47,45,26,29,37,39,49,14,30,46,52,,
940 110012305651,y472,940 110012566735,2715,High Shade,15,30,29,47,49,47,29,41,46,39,36,42,26,37,72,50,42,76,40,70,,
940 110012305651,y472,940 110009539432,2559,High Shade,9,30,33,55,20,24,17,69,44,56,20,42,24,58,77,32,47,48,50,47,,
940 110012305651,y472,940 110012553675,2421,High Shade,13,29,31,20,45,43,34,60,34,33,36,49,21,11,42,15,43,14,48,41,,
940 110012305651,y472,940 110009538766,Y1036,High Shade,14,38,45,66,48,32,37,35,55,31,46,42,50,35,38,68,10,53,47,76,,
940 110012305651,y472,940 110009538502,y1027,High Shade,20,40,48,21,49,23,56,34,78,50,61,42,60,48,35,49,71,32,38,90,,
940 110012305651,y472,940 110009538772,2991,High Shade,13,36,28,25,59,31,31,48,63,47,26,38,77,25,61,55,36,86,57,79,,
940 110012305651,y472,940 110012567143,w1512,High Shade,8,36,22,47,31,55,85,35,44,46,65,77,49,34,33,18,34,37,30,82,,
940 110012305651,y472,940 110006720131,2638,High Shade,12,34,45,48,55,40,21,40,82,71,44,44,72,37,37,39,33,30,52,45,,
940 110012305651,y472,940 110006543906,w1254,High Shade,13,36,38,39,58,18,33,35,48,47,97,59,56,35,46,55,52,41,58,71,,
940 110012305651,y472,940 110009541526,w192479,High Shade,10,33,29,22,28,74,33,51,36,49,50,32,23,18,33,59,29,42,74,80,,
940 110012305651,y472,940 110012553789,2974,High Shade,14,34,52,29,30,53,28,58,42,62,28,60,62,35,29,20,44,34,48,101,,
940 110012305651,y472,940 110009538570,w1785,High Shade,16,36,43,31,40,38,34,49,118,61,43,37,21,47,54,38,36,39,66,54,,
940 110012305651,y472,940 110009541284,w795,High Shade,16,34,32,40,28,27,42,44,68,65,42,59,94,37,63,51,97,43,42,100,,
940 110012305651,y472,940 110009540863,W273,High Shade,12,28,18,27,47,48,33,27,59,100,36,70,34,60,62,26,56,86,58,107,,
940 110012305651,y472,940 110006720115,y1077,High Shade,18,42,96,27,58,71,59,44,59,53,88,53,55,43,39,55,38,38,44,91,,
940 110012305651,y472,940 110006719210,2392,High Shade,15,51,18,48,62,49,44,61,70,56,68,99,116,62,51,57,54,37,55,36,,
940 110012305651,y472,940 110012567558,2705,High Shade,11,24,35,41,38,29,89,36,79,78,39,56,16,32,19,25,41,52,31,53,,
940 110012305651,y472,940 110012567049,2564,High Shade,12,47,35,18,28,39,28,53,36,31,39,166,32,25,62,22,26,30,46,73,,
940 110012305651,y472,940 110006720530,w192534,High Shade,9,22,44,46,51,37,66,30,51,27,30,45,21,37,49,33,40,30,53,88,,
940 110012305651,y472,940 110006719988,w1767,High Shade,18,48,55,50,35,45,51,81,67,30,90,56,61,20,49,35,68,34,29,103,,
940 110012305651,y472,940 110009540852,w1627,High Shade,21,59,47,32,28,42,56,45,68,50,35,76,40,54,56,70,144,27,35,73,,
940 110012305651,y472,940 110009539426,y470,High Shade,8,32,26,23,44,23,55,42,33,41,61,24,114,49,120,46,136,43,77,42,,
940 110012305651,y472,940 110009422291,2484,High Shade,12,60,27,17,22,26,19,26,70,37,38,45,62,41,92,25,38,39,26,56,,
940 110012305651,y472,940 110009540645,2984,High Shade,10,40,23,49,49,47,24,32,67,39,32,36,36,41,31,52,64,54,34,52,,
940 110012305651,y472,940 110012565375,w102300,High Shade,8,29,60,14,25,59,35,38,63,52,55,43,41,77,25,42,54,49,34,177,,
940 110012305651,y472,940 110009539732,2925,High Shade,10,60,29,39,33,31,35,43,35,42,48,106,81,31,46,51,43,47,68,76,,
940 110012305651,y472,940 110006720324,w1689,High Shade,18,39,44,34,28,40,66,42,56,68,48,45,27,50,61,27,75,50,31,162,,
940 110012305651,y472,940 110012554843,2596,High Shade,23,39,36,35,22,25,67,31,51,104,81,37,43,41,90,43,54,55,31,85,,
940 110012305651,y472,940 110009540691,2317,High Shade,11,53,21,42,19,38,18,66,25,58,26,35,27,35,47,34,64,37,47,88,,
940 110012305651,y472,940 110009540400,2435,High Shade,10,30,38,32,29,39,26,48,41,31,24,76,76,56,44,28,43,46,31,76,,
940 110012305651,y472,940 110009539500,W192295,High Shade,17,60,39,26,67,24,31,19,55,44,39,80,74,40,24,51,34,64,55,83,,
940 110012305651,y472,940 110009538417,w192559,High Shade,10,42,80,33,46,30,34,39,38,45,115,57,33,25,54,58,40,52,36,52,,
940 110012305651,y472,940 110009422302,2656,High Shade,12,39,40,191,32,31,29,33,49,41,26,62,38,109,32,53,19,41,41,58,,
940 110012305651,y472,940 110009539600,2431,High Shade,20,49,72,43,47,56,21,48,48,51,34,31,275,49,33,47,43,75,50,80,,
940 110012305651,y472,940 110009421864,2599,High Shade,6,53,45,39,33,41,17,32,40,59,64,46,73,25,77,62,28,40,111,59,,
940 110012305651,y472,940 110009539560,2560,High Shade,16,22,61,39,33,50,15,40,28,41,89,86,106,42,50,31,50,36,45,97,,
940 110012305651,y472,940 110009423244,w287,High Shade,9,45,38,34,28,31,18,35,30,29,41,42,49,25,27,29,60,58,37,42,,
940 110012305651,y472,940 110009538900,2455,High Shade,10,28,22,23,19,35,75,34,46,56,57,86,22,36,38,80,72,31,61,153,,
940 110012305651,y472,940 110009423257,w192008,High Shade,35,50,46,63,66,19,35,54,53,74,42,55,66,14,48,48,67,58,34,52,,
940 110012305651,y472,940 110009538890,2606,High Shade,6,37,51,30,46,132,10,32,45,55,54,51,46,69,44,65,22,71,86,104,,
940 110012305651,y472,940 110009539726,3732,High Shade,11,39,33,36,72,29,34,31,86,65,57,77,40,54,42,37,44,52,54,63,,
940 110012305651,y472,940 110006720148,2016,High Shade,20,63,31,38,14,29,17,54,49,29,73,60,93,49,57,79,88,27,52,51,,
940 110012305651,y472,940 110009541070,2029,High Shade,26,36,35,26,35,18,36,45,75,47,73,58,42,34,33,67,60,28,33,74,,
940 110012305651,y472,940 110009539017,3728,High Shade,11,11,17,40,57,24,27,49,33,46,61,80,29,49,89,33,41,100,48,,,
940 110012305651,y472,940 110009540937,w9504,High Shade,6,42,35,41,36,42,30,47,55,37,20,64,39,48,70,26,,,,,,
940 110012305651,y472,940 110009541586,y471,High Shade,12,24,33,81,33,41,17,32,26,41,19,81,64,21,24,37,68,54,42,50,,
940 110012305651,y472,940 110009540523,2399,High Shade,14,45,52,28,74,150,37,48,72,50,87,53,39,29,43,47,32,50,53,57,,
940 110012305651,y472,940 110009539123,2523,High Shade,11,47,44,47,21,34,36,24,60,37,64,147,84,56,108,35,45,44,39,185,,
940 110012305651,y472,940 110009423220,W991,High Shade,16,44,46,33,37,41,60,50,34,54,44,131,158,28,26,51,28,58,45,56,,
940 110012305651,y472,940 110009541182,w1758,High Shade,11,22,31,37,51,56,22,48,28,45,68,44,116,34,41,46,47,35,36,76,,
940 110012305651,y472,940 110012554719,2663,High Shade,21,36,37,44,22,58,21,34,47,38,35,30,44,44,19,42,28,21,30,49,,
940 110012305651,y472,940 110012568040,2951,High Shade,19,42,40,29,98,34,68,37,37,29,27,44,33,31,62,52,73,58,46,123,,
940 110012305651,y472,940 110009539701,w192007,High Shade,14,37,33,41,28,30,33,48,44,41,50,25,23,15,34,48,57,38,33,39,,
940 110012305651,y472,940 110012554675,w192110,High Shade,16,80,25,28,48,33,35,40,37,77,30,29,100,28,57,46,43,51,55,137,,
940 110012305651,y472,940 110012553700,2384,High Shade,23,66,37,36,26,56,62,63,43,63,42,79,30,21,28,49,32,54,48,93,,
940 110012305651,y472,940 110006544251,y1075,High Shade,21,33,33,35,46,55,67,35,31,59,56,57,26,13,46,23,30,23,44,64,,
940 110012305651,y472,940 110012567203,w192316,High Shade,12,44,29,27,23,30,29,58,29,59,59,44,34,39,56,43,27,61,49,114,,
940 110012305651,y472,940 110009539582,w240,High Shade,15,27,91,36,45,50,28,108,25,34,92,24,25,41,66,54,53,31,51,63,,
940 110012305651,y472,940 110009422297,3747,High Shade,12,78,175,29,40,31,23,43,63,75,31,40,75,30,42,45,56,51,63,53,,
940 110012305651,y472,940 110009538743,w192423,High Shade,11,37,20,20,23,23,25,59,62,55,28,41,17,64,47,46,28,39,44,41,,
940 110012305651,y472,940 110009422307,w1629,High Shade,8,38,40,22,27,21,21,25,42,80,66,88,50,43,23,45,25,48,40,38,,
940 110012305651,y472,940 110012566916,w1581,High Shade,16,29,19,19,46,43,24,39,47,48,62,36,38,35,88,46,61,40,57,50,,
940 110012305651,y472,940 110012568096,2643,High Shade,9,42,48,38,38,46,50,46,65,62,31,28,19,24,61,50,26,50,29,98,,
940 110012305651,y472,940 110012566714,o75,High Shade,8,27,69,29,37,25,36,44,44,49,99,35,40,134,43,44,32,34,46,62,,
940 110012305651,y472,940 110009538720,2922,High Shade,18,59,32,37,33,33,23,45,46,90,30,49,59,38,125,57,26,27,48,130,,
940 110012305651,y472,940 110012566936,w192195,High Shade,12,25,27,16,21,48,28,17,24,43,47,45,102,98,56,66,58,49,49,32,,
940 110012305651,y472,940 110009541375,2416,High Shade,8,40,33,37,57,61,11,43,71,61,54,50,71,66,24,49,21,49,44,40,,
940 110012305651,y472,940 110006544833,2529,High Shade,,,,,,,,1,3,7,12,55,14,25,38,18,24,31,50,39,,
940 110012305651,y472,940 110006544528,2697,High Shade,10,30,24,38,84,31,22,61,44,35,88,52,58,28,76,36,64,26,59,1,,
940 110012305651,y472,940 110009539765,2653,High Shade,7,38,53,62,27,38,28,41,35,33,37,142,68,31,61,43,27,38,32,46,,
940 110012305651,y472,940 110009539995,2464,High Shade,18,34,37,31,56,56,82,65,81,38,61,57,62,47,44,57,39,44,49,83,,
940 110012305651,y472,940 110009539443,2334,High Shade,19,25,21,35,34,13,38,35,49,44,58,67,63,54,46,40,20,32,38,68,,
940 110012305651,y472,940 110012554299,w192350,High Shade,14,37,18,21,43,73,22,17,34,23,64,5,12,18,3,,,,,,,
940 110012305651,y472,940 110012554672,w765,High Shade,10,38,66,53,17,24,24,128,59,43,40,21,36,51,29,53,29,28,36,50,,
940 110012305651,y472,940 110012564961,w192312,High Shade,15,33,18,51,46,39,30,35,67,92,239,60,33,29,48,49,38,48,51,72,,
940 110012305651,y472,940 110009540062,w192314,High Shade,23,41,31,66,53,26,18,108,58,39,60,49,30,54,56,38,35,70,26,77,,
940 110012305651,y472,940 110009540994,W9510,High Shade,26,45,34,39,35,42,24,48,53,47,51,52,38,56,52,55,30,67,61,132,,
940 110012305651,y472,940 110012554266,2472,High Shade,12,48,34,47,43,61,39,29,56,61,45,60,71,33,114,65,48,62,63,96,,
940 110012305651,y472,940 110009423176,2544,High Shade,16,77,22,36,78,33,40,61,66,97,68,92,39,24,36,38,67,50,83,101,,
940 110012305651,y472,940 110009539963,w192206,High Shade,12,29,18,54,27,54,26,40,35,17,31,42,54,36,40,83,66,43,38,118,,
940 110012305651,y472,940 110009422880,y1060,High Shade,18,53,16,22,16,56,34,26,65,25,33,37,33,36,38,59,46,40,67,43,,
940 110012305651,y472,940 110006544421,2926,High Shade,10,35,37,34,42,42,21,27,56,91,69,78,95,63,28,65,19,94,50,68,,
940 110012305651,y472,940 110012553652,2997,High Shade,12,66,30,26,27,30,37,95,45,53,54,33,43,38,17,42,38,56,40,92,,
940 110012305651,y472,940 110012565425,w192249,High Shade,10,19,29,47,31,28,43,29,78,221,25,37,49,68,37,76,27,63,53,85,,
940 110012305651,y472,940 110006544462,2394,High Shade,4,43,30,29,39,47,20,34,26,102,84,103,38,37,73,39,30,46,53,79,,
940 110012305651,y472,940 110009541457,w1797,High Shade,,,,,,,,4,10,13,15,38,53,25,47,49,96,67,49,28,,
940 110012305651,y472,940 110012567798,w1630,High Shade,16,25,53,66,51,31,30,50,64,67,57,61,111,34,50,49,34,37,56,113,,
940 110012305651,y472,940 110009541350,w9333,High Shade,10,41,24,63,36,51,35,75,81,36,43,88,44,76,50,23,39,31,78,87,,
940 110012305651,y472,940 110006544843,2566,High Shade,12,19,44,34,35,49,37,66,56,42,28,29,30,45,42,24,37,45,76,101,,
940 110012305651,y472,940 110009423145,2685,High Shade,11,44,45,27,67,38,43,76,68,62,19,49,72,29,25,28,36,18,37,113,,
940 110012305651,y472,940 110009540879,2645,High Shade,9,57,46,32,69,91,43,53,138,64,60,91,25,28,76,28,37,35,57,105,,
940 110012305651,y472,940 110006544430,2665,High Shade,22,47,43,44,57,21,55,50,46,66,54,39,48,33,72,38,55,62,53,139,,
940 110012305651,y472,940 110012565868,2333,High Shade,16,40,44,21,57,42,22,36,31,74,67,30,38,47,25,42,50,51,42,85,,
940 110012305651,y472,940 110012566390,2031,High Shade,14,40,56,35,34,45,41,17,61,36,45,41,84,22,37,38,42,44,61,67,,
940 110012305651,y472,940 110006718446,2558,High Shade,20,36,34,19,34,24,34,45,50,50,33,60,89,39,73,92,56,43,53,89,,
940 110012305651,y472,940 110009423265,2943,High Shade,12,33,41,46,68,24,46,23,35,27,46,65,24,36,16,66,18,71,21,67,,
940 110012305651,y472,940 110009421860,2892,High Shade,14,41,80,60,53,53,31,48,65,48,39,81,63,27,27,57,39,36,45,77,,
940 110012305651,y472,940 110009423023,W961,High Shade,17,44,63,36,33,26,57,64,69,50,43,47,39,32,38,57,74,75,43,84,,
940 110012305651,y472,940 110012567653,2900,High Shade,11,35,43,65,48,33,22,23,51,52,28,52,47,35,52,28,38,42,41,79,,
940 110012305651,y472,940 110009530579,w299,High Shade,9,50,24,46,59,102,34,29,31,40,34,46,79,33,16,48,12,41,79,80,,
940 110012305651,y472,940 110009540131,2473,High Shade,13,44,50,33,41,31,21,47,44,72,37,62,52,150,59,44,21,29,34,96,,
940 110012305651,y472,940 110009540606,2686,High Shade,23,35,47,48,38,38,37,35,46,49,48,54,48,37,46,61,40,47,40,88,,
940 110012305651,y472,940 110009538624,w9535,High Shade,25,37,43,68,44,71,23,44,44,65,43,37,57,222,25,49,63,41,67,97,,
940 110012305651,y472,940 110009541455,w192415,High Shade,13,41,40,21,23,26,28,67,38,70,23,54,35,43,37,51,164,36,38,32,,
940 110012305651,y472,940 110006544521,w9277,High Shade,13,39,33,63,40,18,48,43,58,64,87,72,56,52,54,84,31,59,45,102,,
940 110012305651,y472,940 110006720119,w192239,High Shade,12,53,25,75,38,32,40,31,26,117,81,34,47,38,44,28,63,31,57,40,,
940 110012305651,y472,940 110006720358,2709,High Shade,9,64,32,33,25,41,31,37,46,81,60,43,52,59,61,60,35,36,37,98,,
940 110012305651,y472,940 110009541731,w1724,High Shade,19,42,57,55,47,54,40,72,149,59,56,71,85,74,36,25,29,74,29,102,,
940 110012305651,y472,940 110006543802,2626,High Shade,14,42,48,28,47,28,34,37,90,209,38,45,67,43,25,48,39,78,79,99,,
940 110012305651,y472,940 110009423155,2391,High Shade,39,50,47,21,2,,,6,14,13,11,18,19,45,91,68,42,46,39,72,,
940 110012305651,y472,940 110009539292,2958,High Shade,11,32,52,69,44,24,63,75,48,62,70,47,47,12,75,32,35,35,50,128,,
940 110012305651,y472,940 110009540641,w192154,High Shade,20,30,38,63,37,23,52,39,32,30,57,36,25,63,86,42,33,28,52,63,,
940 110012305651,y472,940 110012567794,w192384,High Shade,5,28,47,49,13,28,27,26,45,35,16,9,13,11,7,,,,,,,
940 110012305651,y472,940 110009538722,2488,High Shade,7,45,34,45,29,24,44,74,80,69,48,45,32,26,13,,,,,,,
940 110012305651,y472,940 110012565433,y1046,High Shade,,,,,,,,1,5,15,9,21,63,69,29,41,38,81,59,41,,
940 110007343296,w897,940 110012567497,2924,No Shade,13,29,53,45,58,59,38,82,52,138,23,20,44,29,25,28,37,50,22,66,,
940 110007343296,w897,940 110009539003,3750,No Shade,,,,,,,,33,57,1,17,19,30,44,38,29,32,35,47,50,57,
940 110007343296,w897,940 110016191551,w192406,No Shade,29,15,21,62,34,51,51,31,46,24,17,24,28,16,,,,,,,,
940 110007343296,w897,940 110012553757,w736,No Shade,11,19,34,30,30,43,59,57,39,39,75,37,47,30,65,138,68,69,21,44,39,
940 110007343296,w897,940 110012554425,2495,No Shade,13,15,29,29,39,62,33,45,80,81,24,26,46,56,50,37,339,90,23,29,21,
940 110007343296,w897,940 110009423185,2340,No Shade,18,46,27,41,18,54,54,87,52,30,47,28,28,36,34,30,31,20,67,45,94,
940 110007343296,w897,940 110009538934,W1747,No Shade,10,34,26,32,27,67,31,41,29,39,25,29,30,67,47,49,21,60,266,35,98,
940 110007343296,w897,940 110009421854,3729,No Shade,13,14,16,60,47,88,54,24,26,27,302,51,49,37,48,66,44,36,77,52,30,
940 110007343296,w897,940 110006544051,2328,No Shade,10,43,56,49,35,48,77,80,79,23,48,63,42,162,60,35,52,98,55,51,154,
940 110007343296,w897,940 110009539429,MU2938,No Shade,12,138,51,25,43,46,44,59,43,39,54,29,43,48,57,50,40,48,73,81,68,
940 110007343296,w897,940 110012566807,2696,No Shade,14,22,11,32,27,33,77,143,169,35,46,24,41,71,97,49,39,57,16,92,75,
940 110007343296,w897,940 110009422847,2024,No Shade,18,21,22,23,58,41,120,82,20,38,59,61,74,62,37,60,40,53,34,61,194,
940 110007343296,w897,940 110009539378,2378,No Shade,10,36,24,32,35,65,48,52,48,133,116,28,26,102,70,42,59,32,52,146,74,
940 110007343296,w897,940 110009539487,Y1093,No Shade,14,29,62,30,16,83,46,29,28,92,38,24,60,62,34,36,34,153,61,67,10,
940 110007343296,w897,940 110012567833,2539,No Shade,46,26,36,48,55,68,76,55,68,60,41,54,36,78,113,59,29,55,86,97,103,
940 110007343296,w897,940 110009541265,W192251,No Shade,13,333,40,47,48,52,23,45,18,52,31,57,58,38,28,42,61,45,23,45,20,
940 110007343296,w897,940 110009541522,2438,No Shade,19,37,22,30,21,74,50,85,54,24,45,33,42,39,48,54,29,44,90,35,37,
940 110007343296,w897,940 110009539138,2524,No Shade,15,30,20,37,24,205,310,47,38,78,38,21,31,77,26,33,36,65,25,59,,
940 110007343296,w897,940 110006544506,2032,No Shade,18,23,84,56,24,65,56,73,40,35,38,76,53,50,43,33,33,46,23,58,20,
940 110007343296,w897,940 110006543857,2462,No Shade,10,66,27,71,41,63,40,51,26,431,271,52,22,64,44,53,41,29,88,109,52,
940 110007343296,w897,940 110012553575,W1506,No Shade,12,11,21,40,53,63,53,49,20,50,37,50,56,53,41,25,21,34,26,42,60,
940 110007343296,w897,940 110012567028,W1556,No Shade,12,22,28,78,32,37,291,54,27,44,31,46,72,64,72,43,69,57,37,54,4,
940 110007343296,w897,940 110006544658,2509,No Shade,17,34,26,31,58,42,115,50,39,94,57,67,47,50,39,43,32,60,41,36,45,
940 110007343296,w897,940 110006720136,2381,No Shade,11,20,28,37,43,25,43,47,19,31,28,4,4,,,,,,,,,
940 110007343296,w897,940 110009541760,2310,No Shade,18,39,29,32,306,51,52,47,40,72,77,77,62,44,44,42,46,52,68,53,,
940 110007343296,w897,940 110009538415,w192410,No Shade,18,28,28,35,20,61,30,27,20,32,22,19,40,97,74,45,42,46,33,76,,
940 110007343296,w897,940 110009540874,2637,No Shade,9,17,55,231,43,51,67,45,35,42,62,38,70,54,57,59,61,60,47,103,8,
940 110007343296,w897,940 110012568263,2994,No Shade,7,23,45,50,33,49,67,38,37,26,37,27,30,610,147,99,49,37,71,94,78,
940 110007343296,w897,940 110009540403,2353,No Shade,6,19,31,26,62,52,57,34,57,25,43,33,53,63,44,18,85,41,28,56,46,
940 110007343296,w897,940 110009539785,2493,No Shade,10,44,39,59,61,101,57,24,48,52,50,49,57,61,87,37,65,65,71,3,,
940 110007343296,w897,940 110006720740,2977,No Shade,13,30,45,101,24,49,34,21,35,26,21,34,52,33,88,38,67,39,50,53,30,
940 110007343296,w897,940 110009421855,2572,No Shade,8,32,15,23,49,30,59,49,44,38,10,3,5,4,2,,,,,,,
940 110007343296,w897,940 110012566988,2561,No Shade,15,14,68,46,47,88,61,80,41,21,25,151,317,86,51,41,31,42,83,83,41,
940 110007343296,w897,940 110009539086,w1547,No Shade,6,22,33,52,99,78,37,29,48,39,43,15,45,32,40,22,34,31,59,30,47,
940 110007343296,w897,940 110009539979,W192358,No Shade,3,30,211,56,42,47,57,53,78,42,45,25,89,43,74,66,44,89,43,74,2,
940 110007343296,w897,940 110006543881,2439,No Shade,20,40,39,99,59,97,52,44,45,48,39,30,62,41,47,56,29,65,52,271,177,
940 110007343296,w897,940 110006544025,2545,No Shade,11,9,47,56,25,60,29,28,32,11,68,53,93,127,26,62,56,53,44,,,
940 110007343296,w897,940 110009540770,2427,No Shade,10,17,26,21,23,64,55,29,118,38,28,35,48,49,26,24,35,44,26,34,17,
940 110007343296,w897,940 110009423262,W192426,No Shade,42,51,17,23,26,40,33,31,19,32,26,24,18,44,34,34,45,77,86,41,33,
940 110007343296,w897,940 110009538664,2437,No Shade,13,12,17,50,28,44,64,45,24,50,46,103,231,32,23,28,24,44,28,30,78,
940 110007343296,w897,940 110009539860,2622,No Shade,9,18,16,54,42,40,28,31,15,31,32,4,4,18,4,,,,,,,
940 110007343296,w897,940 110009540374,2928,No Shade,7,45,27,31,34,53,33,69,19,102,51,36,36,33,26,318,32,26,15,67,107,
940 110007343296,w897,940 110009421996,w9562,No Shade,3,49,22,33,43,70,35,16,36,53,85,52,285,65,23,25,27,26,64,36,36,
940 110007343296,w897,940 110012567561,2445,No Shade,10,14,38,73,82,49,62,72,43,28,25,29,74,51,110,40,60,46,37,49,73,
940 110007343296,w897,940 110009538672,2549,No Shade,15,33,28,22,43,52,56,79,25,317,47,16,15,,,,,,,,,
940 110007343296,w897,940 110009539709,W192166,No Shade,11,21,36,241,27,40,53,84,60,53,15,20,40,61,22,38,34,46,39,46,4,
940 110007343296,w897,940 110006544091,w192160,No Shade,9,22,37,38,43,38,60,51,49,87,62,41,93,24,286,74,30,47,44,53,67,
940 110007343296,w897,940 110012554697,2329,No Shade,4,18,20,31,49,59,27,230,93,40,21,13,62,37,90,47,61,52,20,70,55,
940 110007343296,w897,940 110009539914,2604,No Shade,6,29,39,87,81,52,66,56,41,49,52,161,194,69,25,54,50,45,36,32,45,
940 110007343296,w897,940 110006544309,2423,No Shade,17,96,67,63,44,47,37,34,23,39,72,27,49,61,49,54,56,36,78,69,55,
940 110007343296,w897,940 110012565400,W300,No Shade,12,34,13,80,40,80,43,35,10,31,14,79,27,39,,,,,,,,
940 110007343296,w897,940 110012554430,2530,No Shade,9,56,27,67,29,72,88,60,30,32,38,25,42,28,60,33,397,104,53,72,33,
940 110007343296,w897,940 110009538497,2947,No Shade,25,28,51,25,44,97,69,40,17,41,26,33,28,13,50,40,27,37,39,44,40,
940 110007343296,w897,940 110009538382,O45,No Shade,17,18,30,52,49,51,48,53,20,46,47,93,158,53,37,60,67,53,68,59,6,
940 110007343296,w897,940 110006544980,2981,No Shade,17,58,20,63,13,37,71,68,72,27,107,48,38,50,28,36,31,31,28,47,45,
940 110007343296,w897,940 110009539504,2716,No Shade,7,25,28,55,15,67,59,37,611,199,59,36,21,27,30,39,66,28,48,28,,
940 110007343296,w897,940 110012565619,w797,No Shade,4,16,19,29,21,29,49,18,25,116,81,32,23,28,82,36,59,32,37,40,27,
940 110007343296,w897,940 110009422300,2962,No Shade,6,30,74,65,55,69,50,56,32,45,51,40,40,55,35,43,47,11,43,28,56,
940 110007343296,w897,940 110006544403,W1707,No Shade,4,25,14,29,8,62,34,40,19,42,51,48,63,42,69,46,58,51,84,31,105,
940 110007343296,w897,940 110006543939,W192556,No Shade,14,19,41,200,48,37,58,57,30,23,42,34,104,42,75,29,22,51,33,36,54,
940 110007343296,w897,940 110012567496,o21,No Shade,10,10,24,34,47,40,41,42,22,26,42,26,56,72,70,48,42,108,44,37,80,
940 110007343296,w897,940 110012554130,w192330,No Shade,11,22,20,64,78,52,36,25,26,31,45,50,27,61,46,32,27,22,17,31,,
940 110007343296,w897,940 110009423027,2635,No Shade,24,23,39,65,43,83,60,59,50,48,53,29,79,53,35,66,56,129,31,63,74,
940 110007343296,w897,940 110009539115,w232,No Shade,11,33,24,55,41,59,33,64,26,32,22,27,41,46,49,25,24,39,34,29,47,
940 110007343296,w897,940 110009423180,W1654,No Shade,32,22,33,113,47,99,46,40,201,53,43,50,57,106,33,67,79,42,44,123,12,
940 110007343296,w897,940 110012553725,2411,No Shade,19,21,51,56,75,39,39,57,26,44,26,32,32,27,70,22,61,117,22,49,54,
940 110007343296,w897,940 110009540172,w9561,No Shade,15,23,23,51,47,67,53,36,105,31,72,35,35,41,77,41,52,33,58,40,6,
940 110007343296,w897,940 110006544786,W9511,No Shade,14,34,43,46,49,86,74,119,34,69,40,23,47,66,39,39,34,66,42,66,39,
940 110007343296,w897,940 110012566693,2708,No Shade,9,34,53,49,59,49,64,29,22,105,42,38,27,64,43,96,183,86,51,76,109,
940 110007343296,w897,940 110009539447,w9281,No Shade,7,36,11,47,62,33,34,35,32,39,39,35,42,43,56,29,43,85,53,32,71,
940 110007343296,w897,940 110006718507,W192313,No Shade,35,38,80,66,61,123,102,38,49,46,93,66,42,25,16,34,36,30,80,74,79,
940 110007343296,w897,940 110009541144,W9559,No Shade,6,24,60,90,34,41,26,33,9,39,27,61,18,54,31,29,20,30,19,48,39,
940 110007343296,w897,940 110012565504,2466,No Shade,12,27,27,42,94,127,83,44,9,93,44,67,98,33,72,58,59,44,57,84,61,
940 110007343296,w897,940 110009423327,3738,No Shade,11,66,28,24,57,51,28,22,25,11,35,24,38,24,40,66,38,45,44,51,22,
940 110007343296,w897,940 110009422821,W1673,No Shade,12,18,23,38,77,35,76,65,55,28,49,26,35,48,21,53,30,20,45,16,83,
940 110007343296,w897,940 110009539831,2971,No Shade,17,18,11,41,20,55,88,39,36,46,57,108,380,94,42,65,40,61,52,23,64,
940 110007343296,w897,940 110012564878,w192408,No Shade,11,16,54,28,43,83,33,66,30,22,102,58,66,38,15,62,36,35,59,33,,
940 110007343296,w897,940 110012553565,3753,No Shade,5,28,47,41,57,67,87,40,74,50,80,39,54,62,73,39,47,30,31,127,19,
940 110007343296,w897,940 110009540104,w192057,No Shade,10,31,34,28,39,38,62,52,32,47,55,82,28,45,28,35,206,209,60,34,70,
940 110007343296,w897,940 110009538686,2482,No Shade,15,32,41,63,49,86,74,34,22,22,44,26,44,69,44,51,41,42,52,60,175,
940 110007343296,w897,940 110006720732,2673,No Shade,12,36,34,27,45,67,34,33,20,30,17,297,68,45,53,21,22,27,15,34,86,
940 110007343296,w897,940 110012565614,2945,No Shade,13,32,28,41,154,40,44,50,28,51,52,45,41,38,45,71,64,32,39,21,,
940 110007343296,w897,940 110009539482,W1619,No Shade,7,39,15,31,27,78,78,40,44,32,27,21,29,48,27,34,29,25,33,11,,
940 110007343296,w897,940 110009423168,Y457,No Shade,5,36,27,43,49,37,49,52,25,41,36,29,42,29,47,103,47,62,65,51,63,
940 110007343296,w897,940 110009541593,3767,No Shade,11,28,23,31,49,216,28,75,43,22,47,28,26,41,72,43,62,52,24,41,65,
940 110007343296,w897,940 110006544321,2597,No Shade,6,33,27,41,51,67,61,59,41,97,383,25,89,35,84,57,28,55,35,29,62,
940 110007343296,w897,940 110009538666,Y1064,No Shade,15,21,30,37,47,71,40,53,13,53,59,20,17,34,14,18,11,30,19,24,63,
940 110007343296,w897,940 110009540194,2930,No Shade,12,26,25,36,41,62,42,66,22,51,31,344,59,48,61,27,74,29,59,39,47,
940 110007343296,w897,940 110009539281,w192005,No Shade,11,16,34,25,32,50,24,46,31,28,12,216,60,45,54,50,20,91,34,32,62,
940 110007343296,w897,940 110009538618,w192356,No Shade,7,17,30,21,13,28,17,13,80,25,9,4,3,9,10,,,,,,,
940 110007343296,w897,940 110009539841,2548,No Shade,14,35,23,33,32,59,61,102,49,29,67,48,31,18,51,24,33,28,19,30,100,
940 110007343296,w897,940 110009539563,w192086,No Shade,10,12,26,55,44,70,76,34,17,36,47,70,33,27,49,58,31,36,48,62,42,
940 110007343296,w897,940 110006544577,2608,No Shade,11,39,36,43,27,44,81,121,162,33,41,42,69,68,44,37,50,56,35,108,64,
940 110007343296,w897,940 110012567577,W993,No Shade,18,13,41,38,56,62,65,64,49,42,36,32,32,52,288,60,50,30,20,32,47,
940 110007343296,w897,940 110009540716,2101,No Shade,12,23,25,44,139,61,74,22,26,39,69,43,47,36,25,46,49,26,41,38,42,
940 110007343296,w897,940 110012565516,Y1053,No Shade,8,35,35,63,21,58,31,21,34,53,27,37,22,82,26,18,32,42,23,61,49,
940 110007343296,w897,940 110009539060,W1612,No Shade,15,37,18,43,44,39,49,35,35,37,29,20,36,44,47,20,60,39,32,,,
940 110007343296,w897,940 110006720535,w192402,No Shade,13,32,17,27,22,66,32,33,57,39,97,47,37,35,23,33,45,20,36,51,62,
940 110007343296,w897,940 110012553572,2528,No Shade,5,12,81,103,62,46,39,25,32,77,39,26,32,79,83,55,43,56,33,73,50,
940 110007343296,w897,940 110009539817,2540,No Shade,13,21,21,75,68,87,34,55,45,231,175,19,45,39,59,29,50,26,51,91,47,
940 110007343296,w897,940 110006545066,9284,No Shade,16,25,31,65,46,54,49,52,93,29,45,44,30,96,72,37,31,71,56,65,122,
940 110007343296,w897,940 110009540984,W9513,No Shade,8,31,28,32,74,57,76,53,20,65,72,29,40,51,23,52,27,49,33,54,66,
940 110007343296,w897,940 110009540097,2707,No Shade,8,20,58,52,27,80,129,65,27,41,24,36,29,28,32,18,20,27,46,31,41,
940 110007343296,w897,940 110009538917,2342,No Shade,35,26,21,29,38,57,41,44,65,19,22,23,29,68,33,30,23,27,30,52,36,
940 110007343296,w897,940 110009539843,2388,No Shade,15,47,30,44,41,57,65,52,55,37,17,64,41,56,59,43,28,33,40,30,,
940 110007343296,w897,940 110009422875,2517,No Shade,11,15,66,25,46,38,46,86,7,20,39,49,25,30,16,24,30,34,67,183,43,
940 110007343296,w897,940 110009423261,3725,No Shade,,,,,,,,,5,11,38,25,23,43,30,25,54,27,26,16,30,
940 110007343296,w897,940 110009539369,W841,No Shade,16,33,18,23,36,79,79,234,44,48,84,41,39,43,55,67,58,61,40,120,55,
940 110007343296,w897,940 110012554069,W788,No Shade,16,26,51,60,54,84,57,51,220,108,49,65,40,20,17,25,46,80,32,36,44,
940 110007343296,w897,940 110006545070,2898,No Shade,14,47,30,49,45,49,57,61,17,49,53,59,98,45,37,56,19,108,33,25,53,
940 110007343296,w897,940 110012567070,W280,No Shade,14,18,30,59,43,35,50,36,36,50,21,38,68,242,156,36,27,37,77,65,46,
940 110007343296,w897,940 110012567032,w192236,No Shade,8,16,31,29,28,45,38,50,67,40,54,232,124,29,64,75,33,51,17,57,55,
940 110007343296,w897,940 110009423147,W229,No Shade,14,22,30,39,17,43,375,70,49,43,43,46,44,35,82,22,36,60,36,83,113,
940 110007343296,w897,940 110009540753,Y422,No Shade,7,16,12,14,50,34,65,10,40,52,19,17,33,30,23,14,29,37,21,11,,
940 110007343296,w897,940 110006720157,Y1074,No Shade,5,21,123,123,80,70,86,50,57,53,53,29,20,47,52,32,22,31,56,42,50,
940 110007343296,w897,940 110006544447,3720,No Shade,8,8,21,22,49,70,23,31,37,37,41,14,47,65,33,34,41,22,44,37,56,
940 110007343296,w897,940 110009539352,2677,No Shade,6,16,19,33,38,34,22,40,63,60,9,10,33,54,29,37,25,26,20,22,21,
940 110007343296,w897,940 110009540139,2695,No Shade,22,24,11,11,39,20,20,25,23,33,38,49,38,55,24,35,26,21,28,23,,
940 110007343296,w897,940 110009538976,2583,No Shade,17,40,30,52,52,34,68,35,21,74,23,18,26,,,,,,,,,
940 110007343296,w897,940 110009538609,Y1102,No Shade,8,32,200,26,59,75,57,34,28,32,37,37,58,24,30,39,31,44,51,27,94,
940 110007343296,w897,940 110009538631,2618,No Shade,25,30,24,56,50,67,50,68,30,35,50,53,50,23,26,26,22,59,20,44,18,
940 110007343296,w897,940 110009538648,2554,No Shade,5,170,40,42,24,82,53,54,24,35,36,25,26,43,27,37,36,27,44,37,31,
940 110007343296,w897,940 110006720825,2567,No Shade,22,38,26,48,85,55,45,60,42,47,30,21,84,63,35,40,52,42,33,44,113,
940 110007343296,w897,940 110012553817,W1771,No Shade,11,6,28,43,25,152,225,42,37,101,19,31,20,29,54,13,30,52,58,24,53,
940 110007343296,w897,940 110009540534,W765,No Shade,12,15,13,18,25,23,50,27,20,27,42,651,36,73,23,29,50,33,33,30,51,
940 110007343296,w897,940 110009538770,2318,No Shade,8,23,15,21,35,33,16,27,14,55,14,11,24,37,26,18,18,8,24,51,17,
940 110007343296,w897,940 110006544551,W192170,No Shade,16,27,46,80,41,28,32,35,15,35,38,41,36,33,31,22,25,19,29,37,8,
940 110007343296,w897,940 110009538656,w768,No Shade,6,15,46,35,22,50,25,79,3,2,1,,8,6,,1,3,,,,,
940 110007343296,w897,940 110009539773,2968,No Shade,9,25,46,43,39,57,77,72,37,61,23,20,27,64,84,47,37,31,26,29,31,
940 110007343296,w897,940 110009540395,Y452,No Shade,52,23,42,67,52,53,53,67,25,18,17,35,33,32,24,20,33,52,19,17,15,
940 110007343296,w897,940 110006543882,W293,No Shade,12,23,16,60,56,136,64,37,27,38,25,63,32,59,53,34,34,271,139,52,66,
940 110007343296,w897,940 110009538595,2672,No Shade,9,42,65,63,48,55,50,31,18,62,31,23,50,35,32,48,16,33,62,77,28,
940 110007343296,w897,940 110009541386,W1540,No Shade,5,14,32,43,66,64,25,35,35,89,64,77,40,49,28,73,20,27,27,22,43,
940 110007343296,w897,940 110009540814,2397,No Shade,11,15,49,32,52,61,57,55,33,223,41,30,51,43,20,27,37,26,30,14,46,
940 110007343296,w897,940 110009540871,W192301,No Shade,14,30,27,18,35,80,34,78,19,19,137,32,33,52,36,59,38,53,77,57,66,
940 110007343296,w897,940 110009539357,W192096,No Shade,8,22,32,60,22,70,41,169,172,32,32,32,36,51,26,42,19,48,43,37,79,
940 110007343296,w897,940 110012566859,2536,No Shade,11,12,23,35,55,65,23,275,644,56,32,60,55,23,53,54,49,26,57,40,79,
940 110007343296,w897,940 110006544371,2625,No Shade,17,23,48,60,24,101,52,55,67,25,48,47,73,46,265,23,59,38,27,60,49,
940 110007343296,w897,940 110009540453,3794,No Shade,15,16,22,41,27,58,60,47,22,41,23,52,38,46,33,16,22,17,62,67,5,
940 110007343296,w897,940 110009538339,Y464,No Shade,10,34,32,56,51,54,78,41,39,22,53,65,86,56,27,51,81,25,45,34,11,
940 110007343296,w897,940 110012553568,2401,No Shade,5,34,51,38,36,64,51,40,23,44,43,25,45,63,120,25,50,51,35,29,30,
940 110007343296,w897,940 110009538750,3715,No Shade,3,51,54,49,69,43,44,56,100,91,57,17,38,53,27,46,56,49,38,78,61,
940 110007343296,w897,940 110012565654,W9560,No Shade,5,26,64,33,33,85,38,29,46,46,32,18,71,34,29,48,30,26,33,12,23,
940 110007343296,w897,940 110012553813,2593,No Shade,18,22,14,26,18,31,26,28,28,42,10,3,3,2,5,,,,,,,
940 110007343296,w897,940 110012554149,W923,No Shade,29,31,46,56,68,74,58,41,45,18,27,42,67,57,85,40,58,73,47,78,,
940 110007343296,w897,940 110012567013,2965,No Shade,6,3,32,59,48,57,62,67,38,68,23,20,67,110,64,31,68,19,29,42,10,
940 110007343296,w897,940 110009540426,2463,No Shade,10,24,25,26,57,80,48,37,41,35,35,35,70,42,30,37,18,48,231,32,13,
940 110007343296,w897,940 110009541497,2680,No Shade,14,13,36,28,46,49,83,50,13,36,37,21,44,20,64,46,59,43,452,28,,
940 110007343296,w897,940 110009541612,w1741,No Shade,25,49,26,8,47,56,41,55,28,23,112,36,46,24,20,55,32,92,199,29,19,
940 110007343296,w897,940 110012554102,w1562,No Shade,13,20,44,45,73,56,49,50,70,83,26,41,63,25,43,45,66,62,19,81,45,
940 110007343296,w897,940 110009539564,o41,No Shade,16,50,39,47,25,54,35,33,38,35,21,18,24,44,36,11,28,28,36,30,79,
940 110007343296,w897,940 110012567439,3797,No Shade,8,17,29,38,51,61,27,63,9,41,37,110,23,36,34,82,49,39,33,38,65,
940 110007343296,w897,940 110006719998,2598,No Shade,11,49,11,8,14,50,60,28,11,62,20,9,22,48,11,23,35,11,19,49,69,
940 110007343296,w897,940 110012565646,w1578,No Shade,14,34,122,42,87,75,48,55,32,37,28,62,56,128,79,62,39,60,30,83,74,
940 110007343296,w897,940 110009541075,W1552,No Shade,22,20,44,49,37,47,48,41,41,49,28,24,24,46,26,14,33,42,46,59,49,
940 110007343296,w897,940 110012567023,2512,No Shade,10,31,41,95,42,59,37,35,28,82,44,40,97,55,109,65,50,68,59,104,111,
940 110007343296,w897,940 110012566899,Y488,No Shade,5,16,29,18,41,25,14,34,31,56,29,72,38,148,13,34,14,16,21,26,111,
940 110007343296,w897,940 110006720451,2584,No Shade,10,38,29,43,26,70,61,45,19,26,16,37,61,135,46,22,31,39,31,7,,
940 110007343296,w897,940 110012566754,w9283,No Shade,7,7,24,39,47,34,58,38,25,29,26,85,31,22,27,,,,,,,
940 110007343296,w897,940 110012553844,w192051,No Shade,4,26,28,62,61,38,70,31,42,27,43,37,24,46,51,127,50,80,41,116,88,
940 110007343296,w897,940 110012554559,2429,No Shade,12,16,39,26,41,64,39,53,42,59,33,100,45,35,33,32,17,31,31,42,85,
940 110007343296,w897,940 110009421856,w192145,No Shade,9,12,10,33,38,70,36,56,71,36,34,42,53,32,75,33,48,43,52,46,32,
940 110007343296,w897,940 110009539365,2988,No Shade,6,19,44,50,66,49,50,215,33,15,44,38,35,27,65,49,34,60,35,41,39,
940 110007343296,w897,940 110009540821,2542,No Shade,8,21,21,42,37,25,56,11,22,28,68,34,46,47,93,39,41,21,97,23,,
940 110007343296,w897,940 110009422827,2450,No Shade,7,18,37,20,25,196,79,34,64,77,43,30,68,46,39,28,33,41,27,59,52,
940 110007343296,w897,940 110006544572,2617,No Shade,15,26,43,40,26,53,34,22,26,15,277,96,18,26,53,49,28,66,52,23,23,
940 110007343296,w897,940 110009540303,Y1115,No Shade,9,25,20,44,39,145,151,57,26,57,53,30,34,35,83,65,50,49,28,80,40,
940 110007343296,w897,940 110012566852,2896,No Shade,11,27,49,45,18,54,34,47,24,43,89,46,31,30,61,150,16,28,23,46,46,
940 110007343296,w897,940 110009539590,2471,No Shade,22,24,56,61,39,34,55,58,22,89,57,73,118,41,41,36,32,44,40,40,35,
940 110007343296,w897,940 110006543923,2035,No Shade,11,20,48,62,85,49,69,74,68,96,66,92,61,26,46,48,27,42,44,32,52,
940 110007343296,w897,940 110012565605,w192212,No Shade,12,16,49,34,637,90,52,40,28,72,47,151,73,47,42,35,42,44,56,55,,
940 110007343296,w897,940 110009538728,2611,No Shade,6,36,42,29,44,64,44,52,51,68,49,58,168,142,45,39,70,44,44,41,30,
940 110007343296,w897,940 110009539538,3745,No Shade,29,60,42,48,23,57,80,43,42,46,52,40,59,57,39,44,45,23,59,47,32,
940 110007343296,w897,940 110006719959,2946,No Shade,6,24,55,69,77,93,47,57,23,25,54,29,34,60,38,37,44,33,56,23,,
940 110007343296,w897,940 110009538594,2576,No Shade,10,19,25,80,24,47,51,52,40,121,62,36,42,68,37,37,26,48,32,10,,
940 110007343296,w897,940 110006720550,2525,No Shade,20,39,18,28,79,67,29,57,28,46,30,31,44,48,20,30,30,78,44,29,,
940 110007343296,w897,940 110006720713,2519,No Shade,14,22,18,39,55,36,40,87,51,32,36,484,41,53,46,50,32,66,33,68,124,
940 110007343296,w897,940 110009540288,2406,No Shade,13,38,25,13,26,46,29,69,20,35,42,33,17,,,,,,,,,
940 110007343296,w897,940 110012567072,2952,No Shade,8,9,17,15,36,48,43,48,13,166,21,48,27,33,40,38,19,31,37,60,131,
940 110007343296,w897,940 110006544542,3735,No Shade,15,20,48,33,489,96,92,38,41,47,26,30,44,56,43,39,37,63,64,93,60,
940 110007343296,w897,940 110009539082,3798,No Shade,14,18,34,320,77,75,46,44,44,26,68,57,45,50,40,54,44,67,47,46,,
940 110007343296,w897,940 110006544245,2929,No Shade,14,28,70,103,29,52,56,66,49,18,35,25,27,51,40,49,64,53,26,67,88,
940 110007343296,w897,940 110009539736,y1110,No Shade,10,35,28,56,50,184,68,96,28,49,65,26,42,69,49,69,53,55,90,90,68,
940 110007343296,w897,940 110009422306,2415,No Shade,14,25,20,44,26,42,141,28,11,3,16,21,61,51,21,17,23,25,13,33,23,
940 110007343296,w897,940 110009422259,2652,No Shade,22,34,30,67,76,69,66,30,69,61,69,76,110,62,49,30,79,24,22,62,14,
940 110007343296,w897,940 110009538695,W192286,No Shade,8,26,50,17,61,88,76,34,55,70,35,487,122,81,47,52,33,85,78,68,21,
940 110007343296,w897,940 110009538619,W952,No Shade,9,24,77,63,63,99,29,54,54,25,26,27,38,59,24,33,45,52,28,,,
940 110007343296,w897,940 110009422194,2405,No Shade,12,47,46,51,40,56,26,32,37,85,331,19,54,59,40,38,35,34,32,36,,
940 110007343296,w897,940 110009540560,W192436,No Shade,16,18,43,62,71,81,607,47,32,48,28,102,33,77,60,58,37,20,22,48,18,
940 110007343296,w897,940 110009540428,W1698,No Shade,15,50,36,63,56,58,69,92,25,38,39,36,25,5,2,5,4,37,3,10,,
940 110007343296,w897,940 110012566439,2475,No Shade,6,6,24,26,31,39,46,49,30,45,29,39,48,67,34,43,42,37,35,78,25,
940 110007343296,w897,940 110006543874,Y499,No Shade,30,42,16,54,70,38,59,55,39,66,42,30,36,33,72,43,47,67,76,37,,
940 110007343296,w897,940 110006544250,Y1018,No Shade,9,20,13,,,,,1,6,16,29,29,16,39,54,46,27,49,41,52,4,
940 110007343296,w897,940 110009541648,2664,No Shade,13,25,29,53,54,75,58,68,21,144,98,67,32,30,44,31,40,50,69,80,49,
940 110007343296,w897,940 110009541057,w192346,No Shade,6,57,35,29,43,82,34,35,23,36,29,46,45,31,18,58,47,38,63,51,26,
940 110007343296,w897,940 110009538428,3721,No Shade,22,24,52,147,35,59,38,38,22,54,53,27,24,52,62,44,32,88,48,112,183,
940 110007343296,w897,940 110012567361,2577,No Shade,9,37,336,59,34,61,35,52,41,38,38,20,40,,,,,,,,,
940 110007343296,w897,940 110012554703,2632,No Shade,7,28,31,57,43,86,61,71,18,45,26,17,205,20,,,,,,,,
940 110007343296,w897,940 110012554665,2937,No Shade,18,26,48,36,144,93,36,56,27,64,83,35,73,48,35,27,18,39,51,57,10,
940 110007343296,w897,940 110006719427,2339,No Shade,14,40,53,76,46,101,70,87,27,39,53,51,51,36,255,104,78,121,58,86,92,
940 110007343296,w897,940 110009541333,w192437,No Shade,9,22,31,131,53,60,33,69,32,32,32,29,29,55,37,52,49,53,55,60,61,
940 110007343296,w897,940 110009530573,W1754,No Shade,18,21,49,77,54,71,284,94,41,35,29,12,14,9,5,,,,,,,
940 110007343296,w897,940 110012554759,W1609,No Shade,127,38,34,32,56,48,28,39,65,31,42,23,24,53,42,53,783,142,46,25,3,
940 110007343296,w897,940 110012566374,2532,No Shade,29,11,25,25,41,60,62,64,55,29,41,29,34,38,160,39,20,35,18,56,44,
940 110007343296,w897,940 110009423076,2967,No Shade,6,21,36,39,41,97,43,44,60,40,55,45,50,33,45,37,157,116,73,60,24,
940 110007343296,w897,940 110009539735,2570,No Shade,10,22,275,59,33,33,32,54,77,48,25,28,62,41,68,26,39,60,33,,,
940 110007343296,w897,940 110009538608,2954,No Shade,9,40,29,32,22,63,126,42,30,39,60,71,65,55,25,16,34,28,40,73,,
940 110007343296,w897,940 110009538759,2481,No Shade,8,19,38,75,38,47,24,39,475,58,34,31,66,42,21,40,32,70,47,39,14,
940 110007343296,w897,940 110009422169,W1683,No Shade,15,20,33,26,27,24,26,32,29,58,14,19,23,7,3,,,,,,,
940 110007343296,w897,940 110012567583,Y465,No Shade,11,12,21,41,44,55,65,71,79,29,703,54,46,92,54,59,69,70,25,53,19,
940 110007343296,w897,940 110006544076,3770,No Shade,18,23,40,84,40,62,50,81,18,166,157,34,33,69,17,32,41,58,31,38,19,
940 110007343296,w897,940 110009540904,2504,No Shade,7,16,189,33,45,30,35,39,42,35,13,52,58,27,10,25,27,18,17,27,6,
940 110007343296,w897,940 110009540316,3749,No Shade,25,21,37,81,40,39,32,26,46,33,36,29,63,72,113,83,56,58,69,64,18,
940 110007343296,w897,940 110006544437,W192094,No Shade,17,12,20,41,18,58,27,21,37,28,39,169,77,23,26,32,46,37,38,23,,
940 110007343296,w897,940 110012565638,2341,No Shade,13,22,10,41,61,35,74,59,165,71,33,33,49,31,57,18,29,31,43,66,60,
940 110007343296,w897,940 110012554855,W934,No Shade,21,17,18,78,62,56,77,50,25,44,46,33,317,50,46,36,30,26,45,37,,
940 110007343296,w897,940 110012554100,w192014,No Shade,3,10,11,18,74,52,20,27,27,24,13,24,40,38,47,32,29,58,65,38,35,
940 110007343296,w897,940 110009541579,w192325,No Shade,7,32,26,58,67,177,52,69,21,25,28,13,,,,,,,,,,
940 110007343296,w897,940 110012565591,2491,No Shade,16,43,32,22,55,88,43,53,33,43,26,61,78,52,33,37,155,86,39,78,55,
940 110007343296,w897,940 110009423267,2600,No Shade,7,22,132,45,28,40,53,53,17,53,28,9,33,40,21,27,37,50,24,21,4,
940 110007343296,w897,940 110009541499,w192256,No Shade,9,41,18,41,144,37,32,27,39,21,22,40,2,,,,,,,,,
940 110007343296,w897,940 110009538450,2486,No Shade,11,22,61,276,79,59,69,26,37,37,16,25,42,41,44,73,33,30,32,56,137,
940 110007343296,w897,940 110009541605,2687,No Shade,11,40,59,38,59,68,51,114,35,52,26,36,35,57,62,21,39,34,60,89,100,
940 110007343296,w897,940 110009539789,W192223,No Shade,6,12,57,140,20,39,55,83,43,31,74,27,33,62,59,51,27,49,35,69,48,
940 110007343296,w897,940 110009539851,3759,No Shade,4,19,46,47,59,50,17,44,26,38,27,5,7,8,6,,,,,,,
940 110007343296,w897,940 110009421841,2582,No Shade,10,32,26,37,34,40,61,63,60,28,74,28,66,55,214,183,50,49,48,17,,
940 110007343296,w897,940 110006720785,2710,No Shade,11,52,65,77,61,60,47,432,120,26,43,32,32,66,69,93,61,91,44,102,116,
940 110007343296,w897,940 110012554680,w192579,No Shade,4,24,22,26,66,53,96,24,71,56,28,51,32,24,177,137,34,43,53,38,13,
940 110007343296,w897,940 110012554293,2949,No Shade,,,,,,,,5,6,3,12,17,23,40,31,35,30,45,19,21,,
940 110007343296,w897,940 110009541227,W1695,No Shade,14,20,19,43,55,87,128,136,51,93,47,38,59,53,44,62,34,64,74,85,46,
940 110007343296,w897,940 110009540648,W192004,No Shade,12,32,18,60,66,59,70,87,46,46,27,30,,,,,,,,,,
940 110007343296,w897,940 110012554841,w192108,No Shade,15,19,28,56,42,90,55,51,158,246,31,99,35,70,26,52,39,30,31,51,38,
940 110007343296,w897,940 110012566524,W192361,No Shade,16,18,15,45,54,56,62,89,46,24,17,42,59,90,30,301,118,115,21,54,37,
940 110007343296,w897,940 110009538791,2321,No Shade,12,10,14,34,21,38,21,41,26,14,29,10,43,42,21,26,40,82,38,64,22,
940 110007343296,w897,940 110012565593,2565,No Shade,8,22,31,59,35,90,75,110,577,43,32,29,33,27,24,30,36,25,18,34,26,
940 110007343296,w897,940 110009539903,w192523,No Shade,23,20,25,46,35,38,97,57,44,148,46,32,38,36,17,32,50,29,15,28,7,
940 110007343296,w897,940 110009422824,O77,No Shade,8,41,21,57,91,69,57,67,47,35,91,84,60,29,22,66,53,24,131,292,279,
940 110007343296,w897,940 110006543809,2616,No Shade,5,57,33,51,44,56,32,261,45,16,66,24,26,18,29,21,38,19,31,24,20,
940 110007343296,w897,940 110009538938,2999,No Shade,16,21,33,36,67,82,57,40,103,67,36,40,19,31,65,30,26,35,50,14,107,
940 110007343296,w897,940 110009540226,W766,No Shade,2,14,28,20,21,42,56,51,55,20,30,2,9,8,6,,,,,,,
940 110007343296,w897,940 110009540610,2891,No Shade,17,16,24,20,32,70,79,53,40,96,46,45,33,55,20,24,38,34,38,16,,
940 110007343296,w897,940 110006719384,2557,No Shade,3,28,21,41,29,41,57,43,27,30,35,29,37,59,39,41,43,41,29,47,34,
940 110007343296,w897,940 110009541616,3761,No Shade,12,22,49,59,60,52,54,71,23,62,93,113,16,39,14,36,22,59,28,42,19,
940 110007343296,w897,940 110009541085,2365,No Shade,12,18,23,36,51,40,35,23,31,64,45,46,23,246,109,43,41,66,45,7,,
940 110007343296,w897,940 110009541010,W1751,No Shade,17,24,46,49,33,66,39,54,28,33,50,28,29,45,61,35,33,55,29,15,,
940 110007343296,w897,940 110009541538,2514,No Shade,15,26,22,31,23,26,85,56,226,31,49,34,47,45,31,30,38,85,40,30,46,
940 110007343296,w897,940 110006543850,w1559,No Shade,48,35,36,95,24,55,79,34,25,48,42,70,53,72,38,63,51,70,45,69,15,
940 110007343296,w897,940 110009538716,2527,No Shade,10,343,120,21,39,70,58,50,66,19,13,8,6,14,7,,,,,,,
940 110007343296,w897,940 110012567575,2575,No Shade,7,9,42,48,68,114,59,41,49,35,49,39,66,39,56,134,156,83,42,50,,
940 110012306154,w192150,940 110009538634,W782,Medium Shade,12,58,31,38,40,47,20,43,12,23,28,63,45,56,6,,,,,,,
940 110012306154,w192150,940 110009538667,w785,Medium Shade,15,45,39,24,28,60,23,71,42,50,46,23,107,31,27,,,,,,,
940 110012306154,w192150,940 110009539788,2403,Medium Shade,10,44,26,56,9,92,40,16,54,20,43,17,21,13,,,,,,,,
940 110012306154,w192150,940 110009541611,w978,Medium Shade,9,17,32,52,61,57,28,35,34,44,43,81,64,32,15,,,,,,,
940 110012306154,w192150,940 110006719983,2631,Medium Shade,10,40,55,49,33,46,70,37,61,33,47,45,47,36,27,,,,,,,
940 110012306154,w192150,940 110012567383,w192087,Medium Shade,12,16,40,50,38,43,29,51,85,60,72,130,160,65,35,,,,,,,
940 110012306154,w192150,940 110006544568,2927,Medium Shade,,19,10,30,40,33,59,33,52,40,73,27,59,69,21,,,,,,,
940 110012306154,w192150,940 110012554464,w192258,Medium Shade,10,28,11,30,76,31,38,22,58,35,25,42,55,38,16,,,,,,,
940 110012306154,w192150,940 110012568163,2602,Medium Shade,93,28,37,22,39,28,20,28,45,37,43,46,44,55,26,,,,,,,
940 110012306154,w192150,940 110012568175,w226,Medium Shade,10,37,21,12,14,24,12,15,36,15,44,66,35,66,28,,,,,,,
940 110012306154,w192150,940 110019088899,3712,Medium Shade,6,29,29,53,21,26,39,25,30,90,73,77,72,43,16,,,,,,,
940 110012306154,w192150,940 110009541106,w9334,Medium Shade,10,42,26,82,60,48,47,72,59,44,62,77,85,58,26,,,,,,,
940 110012306154,w192150,940 110012567433,w800,Medium Shade,5,31,20,28,41,49,37,27,28,25,30,53,84,40,4,,,,,,,
940 110012306154,w192150,940 110009539284,3791,Medium Shade,18,24,35,50,20,49,46,39,49,20,44,66,33,41,40,,,,,,,
940 110012306154,w192150,940 110009540382,w723,Medium Shade,21,70,24,25,53,87,86,47,51,57,31,68,302,47,92,,,,,,,
940 110012306154,w192150,940 110009530580,w192591,Medium Shade,27,52,20,48,25,20,73,36,37,32,38,45,57,62,27,,,,,,,
940 110012306154,w192150,940 110009422295,2357,Medium Shade,19,21,64,29,51,23,25,31,56,17,26,30,35,51,10,,,,,,,
940 110012306154,w192150,940 110012568242,w1756,Medium Shade,8,21,36,31,46,26,48,29,30,74,32,60,34,66,22,,,,,,,
940 110012306154,w192150,940 110009540242,W253,Medium Shade,10,26,37,49,34,31,8,24,59,30,23,22,19,,,,,,,,,
940 110012306154,w192150,940 110006544070,w192371,Medium Shade,8,47,83,55,36,48,53,85,55,71,33,55,36,51,22,,,,,,,
940 110012306154,w192150,940 110012567777,y455,Medium Shade,4,51,27,36,36,39,29,34,26,24,39,43,51,48,22,,,,,,,
940 110012306154,w192150,940 110006544498,w192394,Medium Shade,6,39,20,25,17,46,105,78,40,15,44,56,43,46,7,,,,,,,
940 110012306154,w192150,940 110009538378,Y458,Medium Shade,11,35,33,32,45,60,41,43,41,67,54,60,48,44,184,,,,,,,
940 110012306154,w192150,940 110009540324,w192050,Medium Shade,5,19,40,76,75,27,72,117,37,78,24,45,17,54,37,,,,,,,
940 110012306154,w192150,940 110009423311,2513,Medium Shade,20,43,63,14,35,37,61,67,34,17,46,88,39,59,12,,,,,,,
940 110012306154,w192150,940 110006718504,w192366,Medium Shade,12,30,36,21,27,23,26,39,34,46,29,67,68,49,58,,,,,,,
940 110012306154,w192150,940 110009541620,2393,Medium Shade,3,7,24,24,35,37,14,52,75,33,51,29,45,16,21,,,,,,,
940 110012306154,w192150,940 110012566812,2970,Medium Shade,11,22,34,62,36,65,40,49,49,47,84,60,116,30,36,,,,,,,
940 110012306154,w192150,940 110009541422,w192388,Medium Shade,21,18,38,58,24,14,34,41,78,129,18,79,32,99,6,,,,,,,
940 110012306154,w192150,940 110009539901,2960,Medium Shade,12,31,25,51,39,38,11,43,80,48,57,38,48,14,22,,,,,,,
940 110012306154,w192150,940 110012568279,w192503,Medium Shade,7,33,29,21,15,45,57,49,25,41,27,38,28,56,36,,,,,,,
940 110012306154,w192150,940 110012566508,w9279,Medium Shade,108,12,36,20,71,33,46,42,25,54,50,54,36,36,28,,,,,,,
940 110012306154,w192150,940 110006718521,2689,Medium Shade,15,21,27,58,44,40,61,18,30,31,61,52,63,29,39,,,,,,,
940 110012306154,w192150,940 110009539462,w1669,Medium Shade,14,23,38,23,46,61,40,57,47,39,45,39,39,33,40,,,,,,,
940 110012306154,w192150,940 110006544432,w192202,Medium Shade,28,66,42,76,54,50,37,57,76,38,32,32,36,48,28,,,,,,,
940 110012306154,w192150,940 110009539528,2591,Medium Shade,38,41,24,41,36,55,65,60,177,34,53,47,64,43,29,,,,,,,
940 110012306154,w192150,940 110009538600,w192180,Medium Shade,5,20,20,73,112,32,28,40,21,19,19,29,6,,,,,,,,,
940 110012306154,w192150,940 110012553723,W1585,Medium Shade,13,28,38,38,30,27,23,34,52,35,140,41,114,60,28,,,,,,,
940 110012306154,w192150,940 110006544262,3748,Medium Shade,4,25,54,25,24,26,49,44,153,36,32,64,24,33,35,,,,,,,
940 110012306154,w192150,940 110009420489,w192163,Medium Shade,4,17,53,36,17,11,18,16,33,26,27,59,41,48,9,,,,,,,
940 110012306154,w192150,940 110009423033,o22,Medium Shade,6,22,28,29,25,36,27,14,21,12,72,42,21,46,15,,,,,,,
940 110012306154,w192150,940 110009539959,2407,Medium Shade,12,27,19,38,43,25,32,33,50,25,42,55,54,42,17,,,,,,,
940 110012306154,w192150,940 110009538323,3751,Medium Shade,3,29,29,30,55,51,37,21,32,34,44,45,45,43,12,,,,,,,
940 110012306154,w192150,940 110012567369,w192576,Medium Shade,12,40,34,62,40,37,30,50,29,9,22,9,7,9,4,,,,,,,
940 110012306154,w192150,940 110009538626,w9276,Medium Shade,4,53,35,19,55,30,36,25,19,55,24,33,67,39,20,,,,,,,
940 110012306154,w192150,940 110012565445,W1538,Medium Shade,12,26,73,46,47,48,53,75,43,61,43,53,75,76,26,,,,,,,
940 110012306154,w192150,940 110012566817,o38,Medium Shade,4,32,30,39,48,59,38,59,59,51,44,61,51,49,32,,,,,,,
940 110012306154,w192150,940 110009540843,w192055,Medium Shade,15,32,50,50,33,29,40,54,20,95,36,50,46,50,15,,,,,,,
940 110012306154,w192150,940 110009541060,3727,Medium Shade,3,34,21,29,63,20,39,53,55,39,52,44,68,30,17,,,,,,,
940 110012306154,w192150,940 110009540824,w192083,Medium Shade,11,16,39,18,70,39,40,46,47,35,67,30,21,48,21,,,,,,,
940 110012306154,w192150,940 110009540065,2497,Medium Shade,3,46,37,21,76,80,58,37,44,59,46,39,45,67,28,,,,,,,
940 110012306154,w192150,940 110012554582,w937,Medium Shade,4,27,31,50,69,24,41,55,36,57,27,40,73,46,23,,,,,,,
940 110012306154,w192150,940 110009540482,2671,Medium Shade,22,54,89,74,54,49,44,41,62,39,122,139,104,61,24,,,,,,,
940 110012306154,w192150,940 110009541329,w192204,Medium Shade,1,27,35,58,94,45,49,30,33,33,44,62,74,49,18,,,,,,,
940 110012306154,w192150,940 110009538678,2944,Medium Shade,14,41,21,22,32,37,57,40,64,18,29,32,17,5,5,,,,,,,
940 110012306154,w192150,940 110009422162,2034,Medium Shade,11,26,65,25,39,15,95,34,80,45,30,187,45,46,21,,,,,,,
940 110012306154,w192150,940 110009539049,w192373,Medium Shade,165,69,16,41,24,49,27,48,84,40,29,24,31,47,42,,,,,,,
940 110012306154,w192150,940 110009540544,2458,Medium Shade,10,25,44,41,86,62,44,47,65,103,47,97,132,49,28,,,,,,,
940 110012306154,w192150,940 110006544041,2404,Medium Shade,12,14,30,46,44,73,50,57,82,78,33,36,58,15,67,,,,,,,
940 110012306154,w192150,940 110006544242,2573,Medium Shade,2,15,49,34,56,23,35,51,37,25,43,40,22,19,31,,,,,,,
940 110012306154,w192150,940 110009541128,w192549,Medium Shade,3,22,16,37,51,66,51,52,38,46,51,39,67,49,10,,,,,,,
940 110012306154,w192150,940 110009540715,2444,Medium Shade,12,49,49,20,44,39,43,36,34,33,93,38,78,62,23,,,,,,,
940 110012306154,w192150,940 110009540105,2489,Medium Shade,18,40,18,75,18,72,49,53,48,31,38,23,72,117,26,,,,,,,
940 110012306154,w192150,940 110006544363,w1539,Medium Shade,9,23,31,44,43,21,46,50,27,55,27,37,25,35,40,,,,,,,
940 110012306154,w192150,940 110006720054,w967,Medium Shade,19,38,20,67,30,31,64,51,63,46,42,47,44,52,17,,,,,,,
940 110012306154,w192150,940 110009541005,y430,Medium Shade,9,28,55,22,41,76,47,69,55,29,54,47,35,60,63,,,,,,,
940 110012306154,w192150,940 110009540342,w1531,Medium Shade,5,32,53,48,77,37,75,43,24,67,50,93,73,58,76,,,,,,,
940 110012306154,w192150,940 110009539591,2309,Medium Shade,7,16,31,21,28,16,30,15,23,40,54,59,96,33,12,,,,,,,
940 110012306154,w192150,940 110009422264,2719,Medium Shade,9,36,40,34,31,36,53,33,35,33,53,62,49,34,12,,,,,,,
940 110012306154,w192150,940 110009541056,y469,Medium Shade,2,40,37,33,25,52,39,38,30,24,16,30,19,36,19,,,,,,,
940 110012306154,w192150,940 110009538579,w1680,Medium Shade,4,27,35,49,21,29,34,36,40,35,26,109,23,46,21,,,,,,,
940 110012306154,w192150,940 110012566856,2621,Medium Shade,11,48,12,24,37,42,68,42,57,52,35,59,42,29,24,,,,,,,
940 110012306154,w192150,940 110009540683,2571,Medium Shade,12,21,37,20,15,49,30,55,25,26,64,80,52,79,9,,,,,,,
940 110012306154,w192150,940 110009539496,w192374,Medium Shade,2,64,26,24,32,27,49,97,60,10,24,50,27,42,26,,,,,,,
940 110012306154,w192150,940 110006543940,2350,Medium Shade,10,21,51,37,43,29,42,61,39,52,26,66,83,52,34,,,,,,,
940 110012306154,w192150,940 110006544207,2979,Medium Shade,17,7,15,26,48,26,19,32,18,80,136,40,24,39,20,,,,,,,
940 110012306154,w192150,940 110012567879,w9332,Medium Shade,16,7,,,,,,,6,1,8,23,32,21,19,,,,,,,
940 110012306154,w192150,940 110012553690,w9537,Medium Shade,10,79,49,71,37,31,19,32,35,96,96,51,33,40,37,,,,,,,
940 110012306154,w192150,940 110012565616,2894,Medium Shade,9,17,40,26,15,,,,5,7,24,25,14,27,10,,,,,,,
940 110012306154,w192150,940 110006544998,2507,Medium Shade,9,20,39,34,53,35,42,36,43,61,45,37,40,48,16,,,,,,,
940 110012306154,w192150,940 110009539436,3764,Medium Shade,3,24,45,68,22,40,50,39,56,31,28,169,61,64,13,,,,,,,
940 110012306154,w192150,940 110006544862,2628,Medium Shade,18,15,65,60,20,15,17,28,54,33,24,25,77,44,14,,,,,,,
940 110012306154,w192150,940 110009539531,w1745,Medium Shade,3,15,34,36,28,43,27,58,18,61,42,45,43,27,38,,,,,,,
940 110012306154,w192150,940 110012565603,2942,Medium Shade,43,45,37,50,51,17,21,32,74,38,13,43,90,31,25,,,,,,,
940 110012306154,w192150,940 110009540230,w1648,Medium Shade,3,24,23,32,24,28,35,32,28,73,44,47,51,53,10,,,,,,,
940 110012306154,w192150,940 110009540965,2355,Medium Shade,49,20,17,17,54,23,33,42,42,48,25,11,43,23,32,,,,,,,
940 110012306154,w192150,940 110009541058,2019,Medium Shade,14,31,20,43,37,96,90,30,84,48,45,52,35,40,46,,,,,,,
940 110012306154,w192150,940 110009541417,2367,Medium Shade,2,29,16,25,40,17,36,48,60,91,36,44,30,28,19,,,,,,,
940 110012306154,w192150,940 110012566552,2022,Medium Shade,3,72,71,67,56,44,50,89,59,52,32,32,59,58,16,,,,,,,
940 110012306154,w192150,940 110006544692,w192595,Medium Shade,9,45,20,45,61,51,19,33,31,52,32,35,55,73,20,,,,,,,
940 110012306154,w192150,940 110009422214,y449,Medium Shade,3,55,44,40,27,31,47,49,48,32,41,20,88,102,54,,,,,,,
940 110012306154,w192150,940 110009540034,y1056,Medium Shade,14,32,34,16,28,32,72,62,69,30,56,41,36,69,55,,,,,,,
940 110012306154,w192150,940 110012567199,w192246,Medium Shade,23,52,28,27,14,,,6,13,15,36,32,19,24,24,,,,,,,
940 110012306154,w192150,940 110009539438,3755,Medium Shade,12,11,22,22,26,24,24,29,53,23,21,21,36,41,14,,,,,,,
940 110012306154,w192150,940 110012566861,w192575,Medium Shade,3,33,17,62,52,66,51,21,19,98,38,40,29,45,26,,,,,,,
940 110012306154,w192150,940 110012565625,y429,Medium Shade,10,56,33,12,44,31,15,19,42,14,25,26,42,30,17,,,,,,,
940 110012306154,w192150,940 110009423305,2400,Medium Shade,9,24,28,53,70,32,58,34,28,68,57,60,40,21,48,,,,,,,
940 110012306154,w192150,940 110006544303,w192569,Medium Shade,14,41,25,56,34,23,62,71,55,73,40,13,5,9,12,,,,,,,
940 110012306154,w192150,940 110006544003,w192226,Medium Shade,10,39,22,22,29,80,29,58,34,27,40,29,20,31,28,,,,,,,
940 110012306154,w192150,940 110009541492,2574,Medium Shade,2,35,18,47,39,33,23,29,42,19,34,10,52,32,36,,,,,,,
940 110012306154,w192150,940 110009539521,2594,Medium Shade,6,13,40,28,37,27,47,15,28,35,68,70,46,105,22,,,,,,,
940 110012306154,w192150,940 110009540569,w192584,Medium Shade,18,35,54,14,37,42,38,36,31,45,42,153,37,67,9,,,,,,,
940 110012306154,w192150,940 110006718499,2950,Medium Shade,12,25,37,35,29,92,31,98,84,29,49,37,74,66,7,,,,,,,
940 110012306154,w192150,940 110009539428,2386,Medium Shade,8,38,44,20,33,25,38,37,50,14,77,41,54,55,49,,,,,,,
940 110012306154,w192150,940 110006544465,w9330,Medium Shade,6,55,85,42,46,46,62,32,67,119,52,48,72,89,21,,,,,,,
940 110012306154,w192150,940 110009540741,2015,Medium Shade,72,27,40,61,30,22,28,44,30,55,53,51,54,38,20,,,,,,,
940 110012306154,w192150,940 110009539931,2521,Medium Shade,5,17,58,14,52,30,33,44,76,56,29,31,36,45,40,,,,,,,
940 110012306154,w192150,940 110009541583,2448,Medium Shade,6,18,29,48,31,29,42,33,42,42,110,56,36,103,26,,,,,,,
940 110012306154,w192150,940 110012567356,w9536,Medium Shade,14,21,34,43,40,46,34,42,23,75,67,100,82,77,187,,,,,,,
940 110012306154,w192150,940 110009541581,2030,Medium Shade,11,17,46,37,63,96,42,49,60,45,67,35,39,69,26,,,,,,,
940 110012306154,w192150,940 110009538342,2718,Medium Shade,10,23,39,27,19,43,34,35,65,38,38,29,22,52,13,,,,,,,
940 110012306154,w192150,940 110012567096,2899,Medium Shade,1,4,51,33,32,14,21,25,27,63,14,9,4,1,4,,,,,,,
940 110012306154,w192150,940 110009539763,w192002,Medium Shade,17,31,29,35,60,25,32,46,51,29,13,15,45,62,23,,,,,,,
940 110012306154,w192150,940 110009540164,2038,Medium Shade,2,24,44,50,40,26,59,24,45,40,49,38,84,46,33,,,,,,,
940 110012306154,w192150,940 110009540872,w192372,Medium Shade,7,27,31,55,32,16,18,32,24,33,34,56,66,47,23,,,,,,,
940 110012306154,w192150,940 110009540051,2959,Medium Shade,7,19,47,41,48,51,26,60,79,89,44,35,53,68,46,,,,,,,
940 110012306154,w192150,940 110009423289,w1775,Medium Shade,4,22,22,25,19,24,51,20,15,57,48,52,76,46,57,,,,,,,
940 110012306154,w192150,940 110012567889,2336,Medium Shade,6,42,38,28,36,93,54,34,31,25,42,34,28,33,11,,,,,,,
940 110012306154,w192150,940 110012567670,3758,Medium Shade,2,20,26,30,34,17,22,29,48,47,24,22,26,54,43,,,,,,,
940 110012306154,w192150,940 110006720205,2648,Medium Shade,3,38,22,54,62,35,27,39,24,80,82,102,100,44,25,,,,,,,
940 110012306154,w192150,940 110009540938,2385,Medium Shade,15,93,47,47,31,47,50,38,29,74,100,62,91,108,16,,,,,,,
940 110012306154,w192150,940 110006544555,w275,Medium Shade,13,20,23,31,37,26,23,38,27,48,32,67,102,70,36,,,,,,,
940 110012306154,w192150,940 110009538820,w192186,Medium Shade,5,11,28,38,29,65,34,35,34,54,21,60,34,62,31,,,,,,,
940 110012306154,w192150,940 110009541300,3757,Medium Shade,8,39,39,68,53,54,12,51,25,35,20,34,71,44,10,,,,,,,
940 110012306154,w192150,940 110006544411,w192123,Medium Shade,8,29,34,35,35,33,47,44,55,64,53,20,30,34,12,,,,,,,
940 110012306154,w192150,940 110009541500,w192385,Medium Shade,26,49,38,35,48,60,36,66,45,27,34,35,32,41,11,,,,,,,
940 110012306154,w192150,940 110009541309,w784,Medium Shade,7,19,38,12,43,17,25,42,23,63,27,23,28,62,21,,,,,,,
940 110012306154,w192150,940 110012554604,2666,Medium Shade,15,18,25,63,45,38,20,37,41,46,65,46,87,61,62,,,,,,,
940 110012306154,w192150,940 110006718460,2347,Medium Shade,18,45,38,39,33,16,18,29,57,26,32,34,29,31,29,,,,,,,
940 110012306154,w192150,940 110009539845,w192320,Medium Shade,7,32,18,28,48,52,63,10,55,55,35,39,50,36,16,,,,,,,
940 110012306154,w192150,940 110009540573,2931,Medium Shade,2,17,55,79,49,30,24,39,35,8,21,39,40,38,16,,,,,,,
940 110012306154,w192150,940 110012567780,y443,Medium Shade,6,29,45,40,63,54,91,54,67,23,56,39,21,44,11,,,,,,,
940 110012306154,w192150,951 000016128364,w192488,Medium Shade,9,33,33,39,14,27,19,48,49,30,31,50,19,35,79,,,,,,,
940 110012306154,w192150,940 110012553681,2434,Medium Shade,7,23,16,20,43,15,11,32,37,56,23,47,41,51,38,,,,,,,
940 110012306154,w192150,940 110009540276,2941,Medium Shade,19,21,22,25,48,25,48,84,23,30,20,52,26,41,26,,,,,,,
940 110012306154,w192150,940 110012567015,w781,Medium Shade,7,41,44,50,34,46,26,24,342,78,47,38,42,45,12,,,,,,,
940 110012306154,w192150,940 110009539776,w987,Medium Shade,11,20,26,40,10,68,31,43,56,116,54,21,29,42,31,,,,,,,
940 110012306154,w192150,940 110009538703,2345,Medium Shade,6,22,37,49,36,46,98,48,26,30,38,54,45,23,19,,,,,,,
940 110012306154,w192150,940 110009538657,w192255,Medium Shade,22,33,38,14,68,38,55,70,70,64,66,43,43,38,24,,,,,,,
940 110012306154,w192150,940 110009422305,2370,Medium Shade,3,36,22,3,17,88,81,40,17,44,67,43,39,78,17,,,,,,,
940 110012306154,w192150,940 110009538658,w192551,Medium Shade,5,24,12,21,22,57,17,37,33,33,26,50,46,62,13,,,,,,,
940 110012306154,w192150,940 110006544830,w192386,Medium Shade,2,23,17,38,36,23,33,47,49,29,36,25,30,89,18,,,,,,,
940 110012306154,w192150,940 110012567432,w192215,Medium Shade,13,26,19,54,24,73,20,15,67,68,29,64,65,90,36,,,,,,,
940 110012306154,w192150,940 110009423264,2451,Medium Shade,17,26,28,41,44,14,29,21,14,63,20,31,28,32,5,,,,,,,
940 110012306154,w192150,940 110012553990,w796,Medium Shade,7,46,50,58,27,25,19,51,30,51,37,27,37,37,9,,,,,,,
940 110012306154,w192150,940 110012565629,w1772,Medium Shade,7,45,45,33,16,37,24,39,24,27,46,84,51,40,9,,,,,,,
940 110012306154,w192150,940 110009539512,w192548,Medium Shade,20,32,28,40,32,45,27,59,28,31,32,30,40,14,17,,,,,,,
940 110012306154,w192150,940 110009541019,2503,Medium Shade,12,29,23,26,33,44,44,47,34,36,83,85,83,42,25,,,,,,,
940 110012306154,w192150,940 110006543952,w192381,Medium Shade,4,59,53,46,37,47,86,64,43,73,64,56,55,46,51,,,,,,,
940 110012306154,w192150,940 110012553583,w775,Medium Shade,7,43,37,39,39,68,43,54,95,46,30,31,34,43,37,,,,,,,
940 110012306154,w192150,940 110006544459,3730,Medium Shade,4,73,48,35,52,28,28,66,55,68,36,78,44,33,31,,,,,,,
940 110012306154,w192150,940 110012568063,w192463,Medium Shade,12,48,36,65,58,40,65,48,70,71,53,51,79,61,32,,,,,,,
940 110012306154,w192150,940 110009538792,w1622,Medium Shade,63,28,23,27,41,26,54,30,9,52,24,32,43,41,21,,,,,,,
940 110012306154,w192150,940 110012568034,Y467,Medium Shade,5,44,26,25,129,31,39,48,25,27,44,51,31,49,20,,,,,,,
940 110012306154,w192150,940 110006719952,w192369,Medium Shade,3,44,15,38,44,51,18,47,46,97,17,49,85,40,43,,,,,,,
940 110012306154,w192150,940 110012553997,w290,Medium Shade,6,14,7,12,26,22,14,25,22,30,16,33,136,60,34,,,,,,,
940 110012306154,w192150,940 110009540658,W1721,Medium Shade,14,33,52,26,33,64,42,35,32,42,265,33,35,54,4,,,,,,,
940 110012306154,w192150,940 110006544222,3743,Medium Shade,7,30,37,36,75,19,41,46,54,52,13,96,38,42,16,,,,,,,
940 110012306154,w192150,940 110012554739,2362,Medium Shade,6,80,33,40,39,48,37,31,48,41,32,87,40,61,24,,,,,,,
940 110012306154,w192150,940 110009539850,w1645,Medium Shade,30,37,46,28,45,36,85,67,38,32,49,40,37,35,34,,,,,,,
940 110012306154,w192150,940 110012553857,2408,Medium Shade,32,37,40,36,46,25,45,36,114,57,45,81,87,78,36,,,,,,,
940 110012306154,w192150,940 110006719962,w192152,Medium Shade,17,46,46,23,21,20,38,56,51,42,38,35,31,58,11,,,,,,,
940 110012306154,w192150,940 110009540902,2479,Medium Shade,112,33,40,36,27,34,42,46,47,58,29,92,43,114,52,,,,,,,
940 110012306154,w192150,940 110009531315,3733,Medium Shade,21,18,26,15,25,11,34,30,48,25,44,31,32,50,62,,,,,,,
940 110012306154,w192150,940 110009541617,3744,Medium Shade,7,16,10,5,6,8,8,10,20,13,16,18,58,34,20,,,,,,,
940 110012306154,w192150,940 110012566440,2453,Medium Shade,13,21,25,34,51,15,22,31,73,24,58,61,72,78,31,,,,,,,
940 110012306154,w192150,940 110009540599,2425,Medium Shade,5,76,13,43,30,30,31,57,92,51,49,36,42,29,20,,,,,,,
940 110012306154,w192150,940 110009540590,W1726,Medium Shade,4,18,35,17,36,14,26,68,24,47,224,47,68,18,32,,,,,,,
940 110012306154,w192150,940 110006544877,w192153,Medium Shade,14,24,32,64,43,40,89,44,71,101,35,33,38,43,24,,,,,,,
940 110012306154,w192150,940 110009539598,2307,Medium Shade,7,62,65,31,45,39,70,45,39,55,41,47,39,64,76,,,,,,,
940 110012306154,w192150,940 110009538761,2712,Medium Shade,21,117,55,45,65,50,49,40,59,75,64,28,63,119,23,,,,,,,
940 110012306154,w192150,940 110012554827,w9534,Medium Shade,1,54,40,14,20,25,85,50,31,32,63,58,28,19,15,,,,,,,
940 110012306154,w192150,940 110012566414,2948,Medium Shade,6,71,36,37,29,32,23,30,15,56,50,32,86,32,12,,,,,,,
940 110012306154,w192150,940 110009540565,w192009,Medium Shade,5,21,25,50,31,33,36,43,23,44,48,24,65,43,62,,,,,,,
940 110012306154,w192150,940 110009423063,w192261,Medium Shade,10,22,19,75,17,43,51,46,66,82,38,86,51,36,44,,,,,,,
940 110012306154,w192150,940 110006543890,2610,Medium Shade,8,39,67,15,40,17,54,39,61,27,56,43,18,33,12,,,,,,,
940 110012306154,w192150,940 110009539892,w192012,Medium Shade,3,28,47,25,27,41,40,58,51,48,44,68,31,51,18,,,,,,,
940 110012306154,w192150,940 110012567493,2478,Medium Shade,4,22,20,26,29,18,18,42,33,69,24,32,49,52,22,,,,,,,
940 110012306154,w192150,940 110009538983,2459,Medium Shade,1,19,15,45,27,42,73,46,35,37,38,33,49,40,11,,,,,,,
940 110012306154,w192150,940 110012568023,2629,Medium Shade,7,113,67,24,53,25,24,30,40,95,28,24,53,34,41,,,,,,,
940 110012306154,w192150,940 110009538492,w1657,Medium Shade,11,20,59,47,93,62,41,27,36,44,45,41,52,50,16,,,,,,,
940 110012306154,w192150,940 110012568054,w192443,Medium Shade,6,35,53,44,43,63,64,54,34,102,54,45,53,69,36,,,,,,,
940 110012306154,w192150,940 110009541646,w1640,Medium Shade,10,28,20,44,25,46,32,30,40,55,19,25,55,41,11,,,,,,,
940 110012306154,w192150,940 110012567347,2419,Medium Shade,1,44,54,36,39,29,44,47,48,41,6,37,28,37,8,,,,,,,
940 110012306154,w192150,940 110006544267,w994,Medium Shade,14,23,23,28,28,22,33,23,47,48,38,167,44,47,11,,,,,,,
940 110012306154,w192150,940 110006545004,W1600,Medium Shade,13,27,42,13,42,52,62,44,38,41,38,81,98,84,38,,,,,,,
940 110012306154,w192150,940 110012567418,3765,Medium Shade,8,23,35,34,41,57,36,51,57,67,55,49,62,43,36,,,,,,,
940 110012306154,w192150,940 110009538665,y437,Medium Shade,29,24,31,59,42,25,33,38,24,34,53,27,57,38,20,,,,,,,
940 110012306154,w192150,940 110009538980,2681,Medium Shade,6,64,16,53,45,31,61,66,63,90,28,19,38,51,19,,,,,,,
940 110012306154,w192150,940 110012566818,y445,Medium Shade,9,89,17,65,51,58,41,46,49,68,147,45,25,54,25,,,,,,,
940 110012306154,w192150,940 110009539503,2612,Medium Shade,99,31,37,30,23,26,21,27,13,23,35,29,19,39,17,,,,,,,
940 110012306154,w192150,940 110012567544,2650,Medium Shade,9,78,16,23,15,22,11,41,33,75,34,47,28,59,45,,,,,,,
940 110012306154,w192150,940 110009539956,y1030,Medium Shade,5,40,15,37,38,33,16,16,33,54,56,31,39,45,49,,,,,,,
940 110012306154,w192150,940 110006544020,2499,Medium Shade,7,54,46,38,45,105,74,61,22,68,33,43,54,48,31,,,,,,,
940 110012306154,w192150,940 110009422833,w192254,Medium Shade,10,28,66,62,71,43,21,79,42,91,35,45,36,37,21,,,,,,,
940 110012306154,w192150,940 110009540986,2021,Medium Shade,16,22,37,56,30,26,47,37,30,56,34,39,58,40,30,,,,,,,
940 110012306154,w192150,940 110012553833,2699,Medium Shade,10,21,33,28,116,49,16,81,23,45,54,60,42,36,14,,,,,,,
940 110012306154,w192150,940 110009541163,w192043,Medium Shade,2,22,23,36,22,18,20,57,22,74,36,65,51,19,10,,,,,,,
940 110012306154,w192150,940 110009538800,3762,Medium Shade,3,25,120,27,45,41,43,60,73,45,51,37,30,45,23,,,,,,,
940 110012306154,w192150,940 110009538466,w192323,Medium Shade,10,39,19,34,27,25,35,95,37,51,30,44,23,44,27,,,,,,,
940 110012306154,w192150,940 110012567630,w949,Medium Shade,7,42,30,39,43,47,37,59,48,46,69,76,36,54,30,,,,,,,
940 110012306154,w192150,940 110009538313,w192135,Medium Shade,9,20,62,19,18,17,22,108,41,15,20,4,8,24,1,,,,,,,
940 110012306154,w192150,940 110012565637,o40,Medium Shade,1,50,40,34,70,33,46,58,45,59,74,28,67,46,18,,,,,,,
940 110012306154,w192150,940 110009422261,w799,Medium Shade,8,52,32,47,20,56,14,51,55,20,43,77,31,42,14,,,,,,,
940 110012306154,w192150,940 110006543878,3800,Medium Shade,3,35,44,32,47,25,34,56,87,84,82,64,52,65,29,,,,,,,
940 110012306154,w192150,940 110009423237,3795,Medium Shade,15,38,61,25,36,36,79,41,45,106,76,43,35,33,17,,,,,,,
940 110012306154,w192150,940 110009541554,2469,Medium Shade,21,21,37,50,84,77,55,50,44,43,30,80,21,52,15,,,,,,,
940 110012306154,w192150,940 110006544016,y1080,Medium Shade,18,69,36,68,59,36,40,77,154,71,29,82,87,40,10,,,,,,,
940 110012306154,w192150,940 110006544256,3742,Medium Shade,14,36,38,50,46,37,48,40,88,45,47,82,31,33,35,,,,,,,
940 110012306154,w192150,940 110009541709,2694,Medium Shade,8,43,43,22,52,42,82,61,27,50,32,110,32,62,30,,,,,,,
940 110012306154,w192150,940 110012568226,W1594,Medium Shade,9,19,40,40,13,135,28,30,32,41,77,66,26,33,23,,,,,,,
940 110012306154,w192150,940 110006544203,2940,Medium Shade,8,118,25,47,46,50,50,54,91,35,37,84,27,43,48,,,,,,,
940 110012306154,w192150,940 110009422834,w767,Medium Shade,2,39,23,31,57,20,22,35,64,56,46,88,45,47,34,,,,,,,
940 110012306154,w192150,940 110009539869,2657,Medium Shade,21,22,22,17,57,159,20,19,32,75,60,44,86,16,21,,,,,,,
940 110012306154,w192150,940 110009540542,2395,Medium Shade,79,27,28,46,30,51,31,78,44,58,45,56,67,62,40,,,,,,,
940 110012306154,w192150,940 110006719421,w192010,Medium Shade,24,20,30,48,44,27,37,40,235,41,40,35,52,63,21,,,,,,,
940 110012306154,w192150,940 110006544212,2351,Medium Shade,9,39,53,42,33,33,29,30,84,80,37,114,83,40,40,,,,,,,
940 110012306154,w192150,940 110012564959,w9280,Medium Shade,10,31,29,33,22,36,63,32,37,49,48,111,63,85,16,,,,,,,
940 110012306154,w192150,940 110009539936,2595,Medium Shade,11,36,27,28,49,54,83,43,53,29,60,35,38,28,10,,,,,,,
940 110012306154,w192150,940 110006718451,y474,Medium Shade,1,29,61,69,36,40,45,60,36,66,66,58,58,42,17,,,,,,,
940 110012306154,w192150,940 110006544776,2897,Medium Shade,9,66,35,27,61,21,20,52,75,80,38,29,22,47,28,,,,,,,
940 110012306154,w192150,940 110012568355,2646,Medium Shade,7,56,42,27,52,28,43,40,82,76,89,63,40,19,12,,,,,,,
940 110012306154,w192150,940 110009541400,w9331,Medium Shade,6,25,24,64,32,37,46,56,33,72,25,6,18,12,11,,,,,,,
940 110012306154,w192150,940 110012566578,2649,Medium Shade,5,32,84,24,35,62,30,31,31,58,68,62,32,42,40,,,,,,,
940 110012306154,w192150,940 110012554600,2537,Medium Shade,4,45,27,19,28,38,22,46,24,45,52,81,28,53,82,,,,,,,
940 110012306154,w192150,940 110009538645,2585,Medium Shade,,31,30,63,24,26,41,46,25,27,35,53,60,121,14,,,,,,,
940 110012306154,w192150,940 110012554097,y427,Medium Shade,7,45,37,24,52,35,28,49,54,47,67,40,39,28,18,,,,,,,
940 110012306154,w192150,940 110006543910,2605,Medium Shade,6,24,28,17,31,29,65,60,25,47,41,32,30,67,27,,,,,,,
940 110012306154,w192150,940 110006544672,y450,Medium Shade,6,16,26,49,34,39,33,81,64,31,49,22,42,50,7,,,,,,,
940 110012306154,w192150,940 110009540694,w997,Medium Shade,14,32,80,29,21,38,21,52,41,60,41,84,58,29,17,,,,,,,
940 110012306154,w192150,940 110009421837,3768,Medium Shade,2,17,20,55,25,16,10,39,23,35,25,45,31,63,47,,,,,,,
940 110012306154,w192150,940 110009540595,w778,Medium Shade,12,37,48,65,22,54,41,30,30,52,34,40,38,19,26,,,,,,,
940 110012306154,w192150,940 110009541424,w1679,Medium Shade,9,36,32,78,23,22,54,31,28,50,49,25,8,30,18,,,,,,,
940 110012306154,w192150,940 110009540223,2531,Medium Shade,6,44,24,55,25,30,21,44,42,26,26,21,68,162,31,,,,,,,
940 110012306154,w192150,940 110009538769,w192278,Medium Shade,14,45,29,55,26,44,56,25,41,24,20,35,39,28,24,,,,,,,
940 110012306154,w192150,940 110009539347,2373,Medium Shade,,27,16,30,46,115,11,29,53,50,48,107,102,27,33,,,,,,,
940 110012306154,w192150,940 110009538519,3740,Medium Shade,5,16,25,26,48,14,33,50,41,45,39,30,64,26,19,,,,,,,
940 110012306154,w192150,940 110006543993,y434,Medium Shade,7,37,41,34,39,41,47,92,43,30,27,54,39,58,20,,,,,,,
940 110012306154,w192150,940 110009539751,w1636,Medium Shade,3,31,36,49,28,90,130,37,47,70,33,72,67,32,33,,,,,,,
940 110012306154,w192150,940 110009541432,2409,Medium Shade,7,100,24,37,87,25,47,29,40,30,32,41,18,53,34,,,,,,,
940 110012306154,w192150,940 110009538773,w9285,Medium Shade,9,58,62,52,41,20,22,33,45,29,80,37,80,101,25,,,,,,,
940 110012306154,w192150,940 110009541384,w192218,Medium Shade,6,58,31,45,39,31,40,71,85,24,50,61,19,36,17,,,,,,,
940 110012306154,w192150,940 110009422288,2895,Medium Shade,6,24,45,75,32,46,40,43,20,76,52,27,29,45,8,,,,,,,
940 110012306154,w192150,940 110006544508,2669,Medium Shade,24,19,30,20,28,26,12,38,34,62,42,20,22,36,32,,,,,,,
940 110012306154,w192150,940 110009538683,w984,Medium Shade,82,56,20,50,46,52,18,83,71,41,77,80,42,51,23,,,,,,,
940 110012306154,w192150,940 110009541067,2623,Medium Shade,4,56,35,43,30,25,50,51,24,53,58,50,33,80,10,,,,,,,
940 110012306154,w192150,940 110012567642,2704,Medium Shade,5,35,15,15,25,53,22,45,29,54,100,99,121,451,271,,,,,,,
940 110012306154,w192150,940 110009422310,2327,Medium Shade,1,21,38,27,12,18,26,32,37,70,56,35,48,40,21,,,,,,,
940 110012305898,w1620,940 110012567497,2924,No Shade,16,34,32,28,28,42,55,35,37,42,36,17,21,59,51,58,44,20,69,37,,
940 110012305898,w1620,940 110009539003,3750,No Shade,,,,,,,,2,19,7,32,30,39,68,61,57,55,50,27,88,10,
940 110012305898,w1620,940 110016191551,w192406,No Shade,24,68,35,34,23,60,29,31,42,65,84,19,36,18,,,,,,,,
940 110012305898,w1620,940 110012553757,w736,No Shade,5,43,23,14,20,65,40,44,43,53,84,40,62,60,65,58,54,78,82,27,11,
940 110012305898,w1620,940 110012554425,2495,No Shade,15,18,10,32,52,34,24,41,71,81,40,71,91,39,92,107,61,111,80,85,33,
940 110012305898,w1620,940 110009423185,2340,No Shade,17,45,16,12,20,19,39,16,20,22,39,33,23,59,56,40,87,37,59,29,17,
940 110012305898,w1620,940 110009538934,W1747,No Shade,15,39,22,38,32,14,18,78,47,80,61,22,20,36,40,19,43,59,60,19,3,
940 110012305898,w1620,940 110009421854,3729,No Shade,14,18,37,22,50,47,55,29,73,47,170,25,41,61,61,38,30,107,70,79,25,
940 110012305898,w1620,940 110006544051,2328,No Shade,6,62,53,24,56,72,42,34,52,63,82,59,82,85,132,57,88,58,47,140,37,
940 110012305898,w1620,940 110009539429,MU2938,No Shade,13,145,69,30,23,33,29,68,33,48,45,69,113,91,32,54,74,97,79,69,11,
940 110012305898,w1620,940 110012566807,2696,No Shade,11,17,58,33,38,28,40,52,89,33,58,59,44,53,48,72,41,34,84,49,12,
940 110012305898,w1620,940 110009422847,2024,No Shade,8,25,26,48,35,22,389,14,53,51,66,38,71,40,36,83,102,108,38,60,64,
940 110012305898,w1620,940 110009539378,2378,No Shade,13,20,31,31,34,48,62,96,48,68,153,14,64,46,80,67,67,39,59,100,5,
940 110012305898,w1620,940 110009539487,Y1093,No Shade,16,15,52,35,7,55,22,27,25,40,22,47,36,41,34,18,47,115,107,67,11,
940 110012305898,w1620,940 110012567833,2539,No Shade,26,42,44,40,37,57,23,43,70,58,27,49,107,54,52,53,54,80,65,100,22,
940 110012305898,w1620,940 110009541265,W192251,No Shade,21,40,124,33,56,44,21,26,48,30,24,35,27,60,36,68,54,27,66,19,45,
940 110012305898,w1620,940 110009541522,2438,No Shade,5,63,33,45,40,44,56,107,50,58,33,26,57,47,72,66,55,41,43,43,7,
940 110012305898,w1620,940 110009539138,2524,No Shade,13,49,25,27,16,32,38,62,19,70,22,53,25,73,40,41,66,21,38,45,,
940 110012305898,w1620,940 110006544506,2032,No Shade,13,28,54,51,32,44,26,27,26,42,57,302,93,28,52,65,45,69,22,30,5,
940 110012305898,w1620,940 110006543857,2462,No Shade,6,51,55,28,52,49,33,58,84,69,76,58,52,58,34,38,82,69,61,101,3,
940 110012305898,w1620,940 110012553575,W1506,No Shade,9,33,23,32,45,55,43,37,32,80,64,12,37,46,109,33,34,49,69,50,8,
940 110012305898,w1620,940 110012567028,W1556,No Shade,13,28,43,41,36,46,99,43,50,55,134,60,80,103,73,103,61,96,142,64,1,
940 110012305898,w1620,940 110006544658,2509,No Shade,17,35,15,39,33,32,58,59,29,90,63,86,97,53,53,20,45,15,63,41,28,
940 110012305898,w1620,940 110006720136,2381,No Shade,8,21,76,35,24,35,48,59,34,37,33,10,5,,,,,,,,,
940 110012305898,w1620,940 110009541760,2310,No Shade,5,49,33,56,119,32,22,18,41,47,34,94,42,58,55,48,73,51,78,32,,
940 110012305898,w1620,940 110009538415,w192410,No Shade,13,48,18,32,19,45,49,41,23,38,34,37,44,51,119,36,54,27,89,67,,
940 110012305898,w1620,940 110009540874,2637,No Shade,11,23,27,74,18,47,42,39,40,71,57,37,75,92,78,54,79,78,94,89,4,
940 110012305898,w1620,940 110012568263,2994,No Shade,14,30,28,33,21,33,16,26,60,36,38,22,76,73,86,50,53,52,96,59,27,
940 110012305898,w1620,940 110009540403,2353,No Shade,21,33,18,34,28,60,28,43,18,44,41,28,38,39,79,50,50,54,64,42,15,
940 110012305898,w1620,940 110009539785,2493,No Shade,31,38,29,50,51,44,37,42,64,61,34,46,82,110,100,95,52,45,71,5,,
940 110012305898,w1620,940 110006720740,2977,No Shade,22,22,71,42,36,45,15,27,45,54,32,19,69,64,31,39,21,39,22,78,11,
940 110012305898,w1620,940 110009421855,2572,No Shade,12,34,16,26,24,24,24,28,35,33,17,7,8,5,6,,,,,,,
940 110012305898,w1620,940 110012566988,2561,No Shade,15,30,51,51,36,56,37,49,70,69,40,86,153,88,47,35,36,25,73,62,14,
940 110012305898,w1620,940 110009539086,w1547,No Shade,14,43,27,41,34,87,53,26,51,64,28,48,32,33,62,34,43,33,44,72,35,
940 110012305898,w1620,940 110009539979,W192358,No Shade,10,33,75,24,62,31,30,43,82,74,36,111,105,41,88,28,50,50,70,66,2,
940 110012305898,w1620,940 110006543881,2439,No Shade,15,32,32,52,52,60,37,54,80,52,97,19,77,44,48,76,62,75,102,135,12,
940 110012305898,w1620,940 110006544025,2545,No Shade,10,21,34,12,36,24,25,52,25,70,42,92,44,33,48,102,95,59,62,,,
940 110012305898,w1620,940 110009540770,2427,No Shade,11,28,7,17,2,39,25,35,117,24,53,26,37,24,18,40,80,15,51,33,23,
940 110012305898,w1620,940 110009423262,W192426,No Shade,11,59,20,70,34,47,44,17,27,28,65,38,69,40,50,37,34,48,37,23,4,
940 110012305898,w1620,940 110009538664,2437,No Shade,9,7,5,9,37,57,21,30,34,35,32,46,40,23,40,26,37,17,10,13,11,
940 110012305898,w1620,940 110009539860,2622,No Shade,12,22,36,29,28,37,39,61,38,24,18,13,11,11,5,,,,,,,
940 110012305898,w1620,940 110009540374,2928,No Shade,8,27,37,26,24,27,21,27,55,50,36,36,36,22,54,131,54,74,50,75,12,
940 110012305898,w1620,940 110009421996,w9562,No Shade,5,35,50,44,42,37,20,13,25,38,55,60,55,85,23,35,45,33,24,28,38,
940 110012305898,w1620,940 110012567561,2445,No Shade,8,36,45,36,31,47,44,18,66,52,51,31,69,42,83,42,76,79,74,125,10,
940 110012305898,w1620,940 110009538672,2549,No Shade,13,23,21,35,15,38,14,50,44,218,57,11,16,,,,,,,,,
940 110012305898,w1620,940 110009539709,W192166,No Shade,15,18,44,41,27,32,47,27,42,37,89,9,34,58,30,29,43,87,72,48,19,
940 110012305898,w1620,940 110006544091,w192160,No Shade,17,39,26,33,69,39,61,48,67,55,49,49,94,42,99,62,55,52,25,79,61,
940 110012305898,w1620,940 110012554697,2329,No Shade,6,20,18,44,26,41,24,40,109,47,42,81,50,37,83,95,73,83,84,111,8,
940 110012305898,w1620,940 110009539914,2604,No Shade,22,40,35,21,57,41,60,59,42,58,44,121,152,57,35,70,45,42,36,36,35,
940 110012305898,w1620,940 110006544309,2423,No Shade,11,52,67,30,28,37,46,25,33,35,55,28,33,76,88,82,42,60,39,64,11,
940 110012305898,w1620,940 110012565400,W300,No Shade,20,10,31,30,14,27,73,22,37,17,28,53,21,21,,,,,,,,
940 110012305898,w1620,940 110012554430,2530,No Shade,5,34,48,26,22,24,31,70,71,43,29,57,27,60,48,47,59,26,39,68,17,
940 110012305898,w1620,940 110009538497,2947,No Shade,13,37,33,21,23,122,60,29,49,23,32,55,29,22,77,65,51,27,37,23,6,
940 110012305898,w1620,940 110009538382,O45,No Shade,8,14,23,74,22,25,70,49,56,51,40,84,415,61,71,49,73,41,53,127,14,
940 110012305898,w1620,940 110006544980,2981,No Shade,19,52,13,42,18,46,30,42,43,41,156,31,20,31,41,53,53,22,53,43,53,
940 110012305898,w1620,940 110009539504,2716,No Shade,14,38,35,24,43,27,29,18,60,47,39,89,23,70,46,47,31,53,35,15,,
940 110012305898,w1620,940 110012565619,w797,No Shade,3,7,12,34,39,19,19,34,39,103,66,63,26,37,37,58,32,35,20,20,4,
940 110012305898,w1620,940 110009422300,2962,No Shade,19,31,58,32,19,42,27,62,23,59,31,67,59,50,16,93,90,18,37,30,12,
940 110012305898,w1620,940 110006544403,W1707,No Shade,12,23,31,16,24,36,25,29,34,73,60,33,51,41,32,74,84,46,80,59,56,
940 110012305898,w1620,940 110006543939,W192556,No Shade,13,62,26,46,32,22,33,39,64,62,191,68,60,34,41,33,43,54,83,33,6,
940 110012305898,w1620,940 110012567496,o21,No Shade,9,19,17,24,16,26,25,62,64,23,39,46,38,83,95,41,42,61,128,45,10,
940 110012305898,w1620,940 110012554130,w192330,No Shade,6,21,37,35,41,30,43,29,59,29,20,47,27,43,36,39,32,38,33,20,,
940 110012305898,w1620,940 110009423027,2635,No Shade,23,29,58,57,26,72,40,44,63,72,22,27,43,53,48,41,73,58,49,34,53,
940 110012305898,w1620,940 110009539115,w232,No Shade,17,19,31,44,30,79,26,63,65,49,58,66,43,60,27,42,36,44,31,31,2,
940 110012305898,w1620,940 110009423180,W1654,No Shade,19,34,45,56,27,49,39,43,96,87,42,35,41,71,57,77,32,73,44,102,7,
940 110012305898,w1620,940 110012553725,2411,No Shade,12,14,54,29,24,20,38,50,109,75,74,42,44,36,46,41,54,20,51,26,6,
940 110012305898,w1620,940 110009540172,w9561,No Shade,7,20,59,26,45,39,13,46,48,71,41,34,36,67,37,44,41,72,60,49,84,
940 110012305898,w1620,940 110006544786,W9511,No Shade,17,54,24,23,29,48,41,49,28,47,38,40,71,27,53,30,62,58,62,63,16,
940 110012305898,w1620,940 110012566693,2708,No Shade,4,43,42,33,31,32,33,43,66,82,46,35,68,61,48,63,72,41,57,60,5,
940 110012305898,w1620,940 110009539447,w9281,No Shade,14,58,58,39,38,22,36,33,30,57,43,33,56,66,89,62,55,63,103,105,40,
940 110012305898,w1620,940 110006718507,W192313,No Shade,14,48,34,53,32,42,73,59,30,79,114,84,33,27,34,46,29,49,43,79,9,
940 110012305898,w1620,940 110009541144,W9559,No Shade,18,34,55,49,36,38,21,40,45,61,84,43,32,47,34,27,27,48,23,18,10,
940 110012305898,w1620,940 110012565504,2466,No Shade,21,39,29,40,31,73,116,28,52,57,41,26,78,41,45,64,43,57,87,52,13,
940 110012305898,w1620,940 110009423327,3738,No Shade,8,67,128,52,30,27,40,29,25,34,30,26,50,37,24,33,50,36,83,37,2,
940 110012305898,w1620,940 110009422821,W1673,No Shade,16,30,33,26,19,34,21,34,52,44,19,69,34,54,40,38,21,42,30,32,16,
940 110012305898,w1620,940 110009539831,2971,No Shade,6,25,33,15,15,29,37,58,38,69,51,38,206,51,41,42,76,71,74,44,10,
940 110012305898,w1620,940 110012564878,w192408,No Shade,7,16,54,48,34,41,17,37,51,77,54,47,81,77,74,24,39,51,48,29,,
940 110012305898,w1620,940 110012553565,3753,No Shade,12,36,49,64,34,36,46,59,47,52,91,50,35,24,45,36,68,45,95,82,29,
940 110012305898,w1620,940 110009540104,w192057,No Shade,16,27,40,42,37,44,44,47,77,94,48,67,44,61,46,48,100,35,40,42,29,
940 110012305898,w1620,940 110009538686,2482,No Shade,13,39,39,34,52,33,54,31,61,33,67,54,36,104,59,72,75,70,49,52,11,
940 110012305898,w1620,940 110006720732,2673,No Shade,13,32,18,18,49,27,48,35,31,82,63,60,21,31,29,38,30,49,35,27,40,
940 110012305898,w1620,940 110012565614,2945,No Shade,14,30,29,12,117,98,38,30,73,28,26,28,43,51,43,38,83,37,73,6,,
940 110012305898,w1620,940 110009539482,W1619,No Shade,12,165,61,21,37,31,42,43,23,21,20,31,40,41,44,22,42,47,50,11,,
940 110012305898,w1620,940 110009423168,Y457,No Shade,6,15,53,38,56,37,81,27,26,57,135,20,83,66,39,51,65,49,84,84,9,
940 110012305898,w1620,940 110009541593,3767,No Shade,12,41,32,60,44,48,38,20,141,78,73,34,44,50,49,47,41,62,36,49,45,
940 110012305898,w1620,940 110006544321,2597,No Shade,7,33,29,30,53,25,43,40,19,46,96,55,45,42,50,44,43,42,41,41,25,
940 110012305898,w1620,940 110009538666,Y1064,No Shade,15,66,11,23,66,26,29,28,24,95,202,41,22,10,27,26,35,28,21,49,18,
940 110012305898,w1620,940 110009540194,2930,No Shade,24,34,18,22,16,29,33,45,48,55,34,54,67,35,34,25,50,65,49,59,43,
940 110012305898,w1620,940 110009539281,w192005,No Shade,14,22,18,26,49,47,11,22,40,18,26,48,37,31,121,38,38,43,80,78,2,
940 110012305898,w1620,940 110009538618,w192356,No Shade,10,15,27,28,20,19,14,13,119,18,7,5,2,11,6,,,,,,,
940 110012305898,w1620,940 110009539841,2548,No Shade,18,20,23,57,32,34,18,91,37,51,80,95,85,44,26,29,45,17,44,56,15,
940 110012305898,w1620,940 110009539563,w192086,No Shade,14,26,18,19,27,31,42,49,47,51,28,63,39,69,42,60,33,61,30,69,21,
940 110012305898,w1620,940 110006544577,2608,No Shade,14,21,34,40,45,57,64,52,89,55,66,66,147,63,39,47,57,83,60,85,40,
940 110012305898,w1620,940 110012567577,W993,No Shade,15,24,40,75,35,44,54,52,63,45,23,19,38,41,60,46,31,48,33,35,3,
940 110012305898,w1620,940 110009540716,2101,No Shade,15,18,38,35,169,53,37,61,59,36,83,34,33,61,71,43,25,39,50,122,13,
940 110012305898,w1620,940 110012565516,Y1053,No Shade,9,78,58,25,13,47,21,21,48,32,27,21,38,39,64,31,53,41,32,26,5,
940 110012305898,w1620,940 110009539060,W1612,No Shade,8,38,15,49,22,32,31,58,31,36,75,47,48,41,25,32,47,62,24,,,
940 110012305898,w1620,940 110006720535,w192402,No Shade,7,25,26,17,15,28,23,22,33,40,64,48,60,43,36,34,41,27,28,36,11,
940 110012305898,w1620,940 110012553572,2528,No Shade,10,23,33,49,65,58,36,35,45,62,56,17,36,83,37,46,45,65,50,104,11,
940 110012305898,w1620,940 110009539817,2540,No Shade,13,49,30,31,24,27,16,60,52,67,80,32,26,49,40,37,43,43,48,35,21,
940 110012305898,w1620,940 110006545066,9284,No Shade,7,38,31,26,45,68,34,54,103,40,64,10,34,79,45,34,53,68,66,104,3,
940 110012305898,w1620,940 110009540984,W9513,No Shade,16,55,62,27,36,40,31,83,44,45,34,50,38,37,46,52,26,16,31,28,5,
940 110012305898,w1620,940 110009540097,2707,No Shade,9,21,30,44,32,50,48,80,25,37,25,18,47,43,31,20,34,43,26,44,7,
940 110012305898,w1620,940 110009538917,2342,No Shade,23,50,25,26,25,9,21,16,30,29,24,26,27,44,22,29,38,20,26,46,8,
940 110012305898,w1620,940 110009539843,2388,No Shade,19,43,40,54,67,32,84,33,39,63,22,52,63,48,68,100,63,79,27,42,,
940 110012305898,w1620,940 110009422875,2517,No Shade,15,34,30,39,18,17,27,24,23,36,12,3,35,46,43,20,10,34,20,41,29,
940 110012305898,w1620,940 110009423261,3725,No Shade,,,,,,,,1,11,2,15,41,23,33,36,56,52,65,48,40,11,
940 110012305898,w1620,940 110009539369,W841,No Shade,22,56,61,31,62,50,39,85,39,64,76,41,45,116,78,65,75,121,79,88,5,
940 110012305898,w1620,940 110012554069,W788,No Shade,14,44,40,42,40,52,39,30,142,72,83,38,93,46,44,36,34,34,47,23,12,
940 110012305898,w1620,940 110006545070,2898,No Shade,22,48,40,35,62,57,67,35,49,37,66,74,71,80,35,38,68,67,45,92,16,
940 110012305898,w1620,940 110012567070,W280,No Shade,6,14,16,37,25,35,32,59,24,27,20,27,20,99,50,70,49,31,69,42,26,
940 110012305898,w1620,940 110012567032,w192236,No Shade,15,12,12,26,18,25,30,56,29,26,59,55,260,21,96,45,38,52,72,43,23,
940 110012305898,w1620,940 110009423147,W229,No Shade,8,12,13,28,11,23,55,34,25,26,114,39,82,37,46,58,54,120,68,78,44,
940 110012305898,w1620,940 110009540753,Y422,No Shade,6,19,17,19,12,11,15,19,11,29,13,11,36,67,52,30,17,27,22,26,,
940 110012305898,w1620,940 110006720157,Y1074,No Shade,12,15,95,69,61,48,37,51,60,52,56,44,60,60,57,97,45,53,70,88,35,
940 110012305898,w1620,940 110006544447,3720,No Shade,5,5,52,69,26,15,49,37,30,54,77,45,27,39,60,36,62,20,34,33,52,
940 110012305898,w1620,940 110009539352,2677,No Shade,8,61,17,35,10,27,28,13,27,116,17,20,57,65,29,38,57,39,38,68,8,
940 110012305898,w1620,940 110009540139,2695,No Shade,19,61,29,10,16,19,26,30,15,32,7,26,34,39,12,22,44,26,38,22,,
940 110012305898,w1620,940 110009538976,2583,No Shade,12,42,31,40,40,52,30,17,50,64,33,21,6,,,,,,,,,
940 110012305898,w1620,940 110009538609,Y1102,No Shade,26,48,138,52,22,55,44,56,69,40,53,44,65,40,34,15,53,29,35,41,1,
940 110012305898,w1620,940 110009538631,2618,No Shade,32,57,53,40,34,41,44,45,66,39,96,56,45,20,28,32,43,64,25,26,11,
940 110012305898,w1620,940 110009538648,2554,No Shade,14,45,56,16,40,48,47,24,88,52,64,54,27,24,33,62,46,31,36,48,7,
940 110012305898,w1620,940 110006720825,2567,No Shade,22,37,33,66,32,27,30,41,24,52,18,29,22,37,30,38,44,38,60,24,5,
940 110012305898,w1620,940 110012553817,W1771,No Shade,6,23,20,38,42,56,45,31,64,31,18,16,66,53,73,40,44,37,55,93,6,
940 110012305898,w1620,940 110009540534,W765,No Shade,18,31,7,22,34,37,46,21,40,41,19,40,25,31,56,19,39,35,40,27,7,
940 110012305898,w1620,940 110009538770,2318,No Shade,5,21,18,67,352,16,18,42,27,29,27,33,42,32,34,15,15,24,35,9,2,
940 110012305898,w1620,940 110006544551,W192170,No Shade,1,17,44,26,56,16,55,28,42,30,22,30,40,105,53,23,52,24,27,19,13,
940 110012305898,w1620,940 110009538656,w768,No Shade,13,58,44,46,35,30,26,7,,1,,,5,9,,1,2,,,,,
940 110012305898,w1620,940 110009539773,2968,No Shade,4,33,24,53,15,50,25,34,38,51,66,27,32,49,135,95,40,46,58,42,28,
940 110012305898,w1620,940 110009540395,Y452,No Shade,16,13,22,76,11,39,24,32,43,47,13,20,54,23,13,59,38,15,12,28,14,
940 110012305898,w1620,940 110006543882,W293,No Shade,15,12,45,21,33,42,24,48,45,55,31,40,55,57,75,40,32,82,43,74,47,
940 110012305898,w1620,940 110009538595,2672,No Shade,6,45,80,80,55,41,52,34,59,52,20,20,48,41,31,25,59,71,49,24,5,
940 110012305898,w1620,940 110009541386,W1540,No Shade,12,28,44,35,42,24,43,30,51,33,33,125,56,51,59,32,40,29,38,43,20,
940 110012305898,w1620,940 110009540814,2397,No Shade,18,21,43,37,27,43,21,18,42,107,35,11,30,46,38,20,45,29,13,47,11,
940 110012305898,w1620,940 110009540871,W192301,No Shade,20,21,36,24,25,40,23,35,36,72,101,57,36,53,70,44,59,75,58,78,12,
940 110012305898,w1620,940 110009539357,W192096,No Shade,15,41,37,33,39,21,39,155,43,31,62,52,37,57,40,32,48,31,50,26,18,
940 110012305898,w1620,940 110012566859,2536,No Shade,20,34,49,85,23,44,36,58,64,54,69,77,106,51,65,48,49,60,101,92,18,
940 110012305898,w1620,940 110006544371,2625,No Shade,12,33,45,40,22,24,56,51,39,49,53,69,53,29,119,67,32,45,50,44,18,
940 110012305898,w1620,940 110009540453,3794,No Shade,8,14,32,21,16,22,19,31,57,39,23,32,37,41,30,54,54,50,19,41,4,
940 110012305898,w1620,940 110009538339,Y464,No Shade,9,51,27,24,21,36,39,38,32,63,38,87,44,29,25,26,47,56,27,34,3,
940 110012305898,w1620,940 110012553568,2401,No Shade,16,20,56,24,40,50,36,58,25,42,88,27,62,30,167,50,43,33,53,33,17,
940 110012305898,w1620,940 110009538750,3715,No Shade,15,21,120,61,37,53,31,39,96,67,25,32,35,74,47,33,72,65,40,77,13,
940 110012305898,w1620,940 110012565654,W9560,No Shade,4,76,39,37,27,33,23,19,46,25,24,41,31,21,35,53,33,30,42,35,37,
940 110012305898,w1620,940 110012553813,2593,No Shade,11,34,24,20,29,13,21,24,20,30,7,3,4,5,1,,,,,,,
940 110012305898,w1620,940 110012554149,W923,No Shade,15,110,23,42,40,32,51,59,61,59,83,35,108,62,47,71,93,75,50,75,,
940 110012305898,w1620,940 110012567013,2965,No Shade,14,29,13,43,25,35,38,57,61,47,35,19,38,82,62,56,20,32,93,44,32,
940 110012305898,w1620,940 110009540426,2463,No Shade,2,23,19,15,26,22,22,26,22,36,38,43,35,61,58,34,47,40,39,30,17,
940 110012305898,w1620,940 110009541497,2680,No Shade,13,14,43,43,45,36,62,24,24,47,47,31,48,64,36,61,38,55,75,11,,
940 110012305898,w1620,940 110009541612,w1741,No Shade,9,30,12,7,31,32,25,38,48,54,39,53,42,17,21,18,35,54,47,29,1,
940 110012305898,w1620,940 110012554102,w1562,No Shade,9,21,29,69,38,28,44,22,41,106,37,86,60,51,46,119,57,61,53,73,9,
940 110012305898,w1620,940 110009539564,o41,No Shade,7,77,15,27,15,66,22,50,25,28,34,27,31,23,32,40,25,27,43,21,19,
940 110012305898,w1620,940 110012567439,3797,No Shade,26,28,42,61,62,42,46,28,76,55,31,29,39,54,68,68,64,23,46,32,13,
940 110012305898,w1620,940 110006719998,2598,No Shade,6,24,26,16,4,23,36,42,19,32,10,13,16,52,23,29,30,18,18,39,8,
940 110012305898,w1620,940 110012565646,w1578,No Shade,10,22,253,40,59,52,41,52,50,58,96,99,88,43,58,49,53,53,125,58,30,
940 110012305898,w1620,940 110009541075,W1552,No Shade,36,53,22,17,41,50,28,31,56,61,83,27,30,54,39,27,68,43,33,40,6,
940 110012305898,w1620,940 110012567023,2512,No Shade,12,9,63,40,29,30,64,36,97,26,58,66,88,50,47,71,97,89,78,69,14,
940 110012305898,w1620,940 110012566899,Y488,No Shade,8,21,16,49,12,14,24,25,27,14,53,53,34,101,68,18,52,26,20,53,14,
940 110012305898,w1620,940 110006720451,2584,No Shade,27,22,37,23,20,68,38,37,49,30,50,36,52,111,33,34,49,51,54,7,,
940 110012305898,w1620,940 110012566754,w9283,No Shade,11,22,34,25,7,37,42,31,43,33,35,49,25,42,19,,,,,,,
940 110012305898,w1620,940 110012553844,w192051,No Shade,13,37,28,39,21,39,43,46,69,38,88,51,28,74,46,101,51,58,58,85,1,
940 110012305898,w1620,940 110012554559,2429,No Shade,13,18,25,32,22,37,32,54,62,67,39,32,30,89,21,30,48,33,27,23,12,
940 110012305898,w1620,940 110009421856,w192145,No Shade,9,22,31,23,32,66,18,38,41,47,66,86,30,26,21,59,27,76,40,89,37,
940 110012305898,w1620,940 110009539365,2988,No Shade,15,48,33,47,33,39,39,132,43,34,43,79,29,33,81,63,42,78,40,30,9,
940 110012305898,w1620,940 110009540821,2542,No Shade,7,45,25,40,30,24,32,27,23,35,70,18,23,24,41,19,35,40,51,18,,
940 110012305898,w1620,940 110009422827,2450,No Shade,7,48,27,30,33,61,54,33,29,37,57,45,34,29,35,18,30,32,56,44,10,
940 110012305898,w1620,940 110006544572,2617,No Shade,10,21,31,26,22,37,50,44,52,75,67,39,40,43,42,41,37,24,41,61,28,
940 110012305898,w1620,940 110009540303,Y1115,No Shade,5,43,17,44,53,118,50,35,36,44,103,88,55,66,85,54,51,56,82,67,6,
940 110012305898,w1620,940 110012566852,2896,No Shade,17,27,45,101,21,50,26,26,25,48,81,110,30,29,34,68,34,36,60,74,14,
940 110012305898,w1620,940 110009539590,2471,No Shade,65,54,24,20,45,34,30,53,19,82,25,52,48,64,55,17,44,25,44,26,73,
940 110012305898,w1620,940 110006543923,2035,No Shade,9,31,56,65,44,30,42,51,96,44,158,49,40,26,33,36,28,70,24,35,65,
940 110012305898,w1620,940 110012565605,w192212,No Shade,14,13,39,51,60,64,46,36,27,73,48,55,82,25,59,56,69,62,49,32,,
940 110012305898,w1620,940 110009538728,2611,No Shade,25,16,21,25,23,29,29,58,62,82,31,90,101,85,74,39,40,45,36,20,12,
940 110012305898,w1620,940 110009539538,3745,No Shade,15,30,42,35,36,33,53,87,43,46,68,59,55,54,29,38,55,50,34,76,31,
940 110012305898,w1620,940 110006719959,2946,No Shade,7,24,94,161,34,29,30,66,26,57,41,23,58,71,24,59,63,48,47,3,,
940 110012305898,w1620,940 110009538594,2576,No Shade,16,29,38,33,26,30,37,37,73,35,34,33,68,70,62,37,36,26,23,1,,
940 110012305898,w1620,940 110006720550,2525,No Shade,25,35,30,22,28,25,30,28,27,52,78,68,43,37,35,91,43,46,50,36,,
940 110012305898,w1620,940 110006720713,2519,No Shade,18,29,66,50,32,44,56,30,51,31,30,48,65,58,69,31,33,49,34,121,3,
940 110012305898,w1620,940 110009540288,2406,No Shade,16,18,25,14,18,35,23,36,24,63,25,12,5,,,,,,,,,
940 110012305898,w1620,940 110012567072,2952,No Shade,3,9,41,40,24,27,22,43,27,175,60,30,43,31,42,84,43,35,67,45,12,
940 110012305898,w1620,940 110006544542,3735,No Shade,16,62,35,47,44,27,63,21,47,30,65,21,37,51,41,35,42,36,82,51,13,
940 110012305898,w1620,940 110009539082,3798,No Shade,22,28,62,77,87,43,64,44,42,27,20,46,45,87,77,62,27,65,38,47,,
940 110012305898,w1620,940 110006544245,2929,No Shade,10,61,45,91,61,25,16,35,47,74,28,30,41,41,52,41,43,61,51,105,19,
940 110012305898,w1620,940 110009539736,y1110,No Shade,9,24,37,29,48,36,51,36,76,49,31,30,46,56,78,61,57,117,78,61,12,
940 110012305898,w1620,940 110009422306,2415,No Shade,10,26,48,25,16,61,29,24,6,16,17,12,35,36,44,51,20,34,14,16,9,
940 110012305898,w1620,940 110009422259,2652,No Shade,8,32,63,46,42,35,26,19,33,61,29,35,64,113,29,39,90,44,18,29,9,
940 110012305898,w1620,940 110009538695,W192286,No Shade,13,46,18,26,41,50,31,70,18,48,26,51,45,106,27,28,46,63,52,41,5,
940 110012305898,w1620,940 110009538619,W952,No Shade,16,32,50,30,31,33,26,27,38,23,21,45,40,56,33,36,23,19,13,,,
940 110012305898,w1620,940 110009422194,2405,No Shade,10,53,67,34,36,43,62,34,76,45,70,29,22,48,65,30,39,26,32,25,,
940 110012305898,w1620,940 110009540560,W192436,No Shade,14,23,30,60,35,34,51,32,37,32,93,40,61,25,31,24,40,16,20,32,30,
940 110012305898,w1620,940 110009540428,W1698,No Shade,13,34,64,15,22,62,94,54,32,36,12,15,6,10,6,8,15,14,7,4,,
940 110012305898,w1620,940 110012566439,2475,No Shade,6,19,41,19,43,25,18,34,27,26,32,20,34,33,32,20,52,26,47,62,5,
940 110012305898,w1620,940 110006543874,Y499,No Shade,83,37,35,49,80,39,55,67,49,27,57,44,42,72,71,63,49,74,55,78,,
940 110012305898,w1620,940 110006544250,Y1018,No Shade,9,24,14,2,,,,5,12,13,16,20,37,64,40,54,55,35,56,67,8,
940 110012305898,w1620,940 110009541648,2664,No Shade,10,43,55,24,77,44,35,22,42,68,19,49,59,67,54,118,61,65,80,57,5,
940 110012305898,w1620,940 110009541057,w192346,No Shade,22,56,26,37,21,73,31,40,75,30,25,82,35,27,43,31,104,36,31,48,10,
940 110012305898,w1620,940 110009538428,3721,No Shade,15,29,52,86,35,75,30,41,64,83,56,35,32,35,132,42,60,59,85,64,20,
940 110012305898,w1620,940 110012567361,2577,No Shade,9,31,58,29,36,41,31,27,37,19,38,22,45,,,,,,,,,
940 110012305898,w1620,940 110012554703,2632,No Shade,7,36,60,47,29,48,42,51,46,31,77,53,116,,,,,,,,,
940 110012305898,w1620,940 110012554665,2937,No Shade,5,33,29,160,78,46,35,27,98,72,35,80,61,86,48,41,93,37,58,38,13,
940 110012305898,w1620,940 110006719427,2339,No Shade,8,35,44,49,69,51,46,98,46,44,72,47,89,64,88,95,64,97,50,137,6,
940 110012305898,w1620,940 110009541333,w192437,No Shade,24,44,62,155,34,41,45,38,47,56,65,62,58,52,25,13,64,39,59,49,12,
940 110012305898,w1620,940 110009530573,W1754,No Shade,22,28,44,39,23,59,103,60,50,70,22,2,8,12,7,,,,,,,
940 110012305898,w1620,940 110012554759,W1609,No Shade,18,36,19,42,39,30,14,53,44,45,43,28,31,72,55,59,75,63,30,35,1,
940 110012305898,w1620,940 110012566374,2532,No Shade,17,32,33,38,34,53,25,33,37,55,112,50,21,94,78,45,33,45,27,72,17,
940 110012305898,w1620,940 110009423076,2967,No Shade,17,54,45,58,29,40,22,61,31,98,38,47,74,42,37,71,105,43,36,37,7,
940 110012305898,w1620,940 110009539735,2570,No Shade,15,6,121,36,66,26,34,49,72,50,70,55,58,44,68,31,49,23,62,,,
940 110012305898,w1620,940 110009538608,2954,No Shade,8,60,24,21,33,52,165,42,27,60,48,76,98,75,57,16,38,33,57,57,,
940 110012305898,w1620,940 110009538759,2481,No Shade,12,28,41,17,23,61,31,67,354,49,70,46,49,28,40,32,31,40,67,54,11,
940 110012305898,w1620,940 110009422169,W1683,No Shade,6,25,35,58,32,21,15,41,6,45,21,17,24,9,1,,,,,,,
940 110012305898,w1620,940 110012567583,Y465,No Shade,3,11,25,51,20,39,38,24,38,43,68,34,63,77,49,60,35,67,55,40,6,
940 110012305898,w1620,940 110006544076,3770,No Shade,19,31,74,22,38,45,77,48,60,60,48,40,83,85,77,58,56,59,35,60,1,
940 110012305898,w1620,940 110009540904,2504,No Shade,15,24,238,26,54,23,20,28,22,37,18,15,18,15,18,30,28,27,26,39,8,
940 110012305898,w1620,940 110009540316,3749,No Shade,29,38,30,42,91,42,28,27,33,85,74,73,107,70,52,36,61,92,73,57,16,
940 110012305898,w1620,940 110006544437,W192094,No Shade,16,31,32,17,32,60,33,45,43,43,33,293,43,35,35,36,48,31,43,36,,
940 110012305898,w1620,940 110012565638,2341,No Shade,12,15,34,28,26,45,36,46,172,54,15,33,50,38,61,43,52,61,51,40,11,
940 110012305898,w1620,940 110012554855,W934,No Shade,17,33,38,44,26,57,43,29,43,71,58,21,60,18,37,25,52,35,33,70,,
940 110012305898,w1620,940 110012554100,w192014,No Shade,6,27,14,30,25,103,30,41,24,43,20,30,38,52,63,104,48,65,27,68,27,
940 110012305898,w1620,940 110009541579,w192325,No Shade,8,26,29,86,30,78,36,32,47,33,28,20,,,,,,,,,,
940 110012305898,w1620,940 110012565591,2491,No Shade,21,46,38,21,39,32,45,61,32,72,57,117,58,77,22,27,200,35,33,89,27,
940 110012305898,w1620,940 110009423267,2600,No Shade,12,18,106,49,7,41,45,50,54,55,36,17,73,38,26,22,29,33,24,31,4,
940 110012305898,w1620,940 110009541499,w192256,No Shade,10,36,31,45,34,30,35,37,27,29,26,19,2,,,,,,,,,
940 110012305898,w1620,940 110009538450,2486,No Shade,17,49,41,102,35,42,76,38,52,42,21,30,44,42,53,55,57,70,78,86,14,
940 110012305898,w1620,940 110009541605,2687,No Shade,17,54,62,79,45,39,34,158,54,45,65,74,56,46,88,79,75,80,35,53,13,
940 110012305898,w1620,940 110009539789,W192223,No Shade,9,19,45,61,41,51,55,40,25,40,53,53,57,65,70,30,60,55,76,50,59,
940 110012305898,w1620,940 110009539851,3759,No Shade,20,25,65,17,24,29,12,48,37,40,23,2,7,16,2,,,,,,,
940 110012305898,w1620,940 110009421841,2582,No Shade,13,26,67,61,26,51,49,53,49,38,67,36,48,79,70,80,56,96,69,15,,
940 110012305898,w1620,940 110006720785,2710,No Shade,14,34,44,24,39,45,21,175,67,93,58,55,74,96,58,58,69,98,59,109,47,
940 110012305898,w1620,940 110012554680,w192579,No Shade,12,21,16,28,27,28,17,28,50,35,51,76,51,88,29,40,31,62,55,58,2,
940 110012305898,w1620,940 110012554293,2949,No Shade,,,,,,,,2,6,19,69,47,62,30,30,69,45,44,62,86,,
940 110012305898,w1620,940 110009541227,W1695,No Shade,13,17,41,20,18,28,57,110,32,51,51,77,51,43,39,47,38,45,49,36,17,
940 110012305898,w1620,940 110009540648,W192004,No Shade,15,39,20,45,12,43,49,43,136,41,84,34,,,,,,,,,,
940 110012305898,w1620,940 110012554841,w192108,No Shade,7,18,25,24,41,25,34,41,78,60,77,64,54,39,33,40,23,49,47,30,1,
940 110012305898,w1620,940 110012566524,W192361,No Shade,18,17,19,53,27,39,41,52,49,76,56,22,58,56,50,62,71,38,33,63,9,
940 110012305898,w1620,940 110009538791,2321,No Shade,8,28,11,11,20,18,15,48,21,33,28,65,80,40,33,26,74,106,30,71,7,
940 110012305898,w1620,940 110012565593,2565,No Shade,9,29,33,28,38,47,34,36,132,51,37,101,22,49,51,28,81,29,17,110,24,
940 110012305898,w1620,940 110009539903,w192523,No Shade,8,25,14,30,23,60,32,38,63,113,63,34,34,36,18,28,24,52,47,8,31,
940 110012305898,w1620,940 110009422824,O77,No Shade,15,24,21,21,38,65,84,67,68,39,72,72,35,33,55,25,70,86,69,69,13,
940 110012305898,w1620,940 110006543809,2616,No Shade,4,62,29,31,40,31,23,148,51,49,30,29,70,62,50,66,27,43,30,53,29,
940 110012305898,w1620,940 110009538938,2999,No Shade,8,43,21,49,66,41,41,31,33,62,56,54,24,34,29,35,30,54,38,38,2,
940 110012305898,w1620,940 110009540226,W766,No Shade,7,26,34,26,34,59,33,42,30,21,109,23,5,13,2,,,,,,,
940 110012305898,w1620,940 110009540610,2891,No Shade,17,44,38,39,34,36,40,55,69,112,43,93,36,32,52,34,47,34,20,29,,
940 110012305898,w1620,940 110006719384,2557,No Shade,12,85,33,42,22,43,52,60,53,74,51,12,61,38,65,25,57,71,47,40,13,
940 110012305898,w1620,940 110009541616,3761,No Shade,20,56,52,32,41,47,37,49,54,61,75,52,40,85,28,29,48,36,76,47,38,
940 110012305898,w1620,940 110009541085,2365,No Shade,28,47,15,22,52,38,46,38,50,67,24,54,46,114,38,28,36,52,57,10,,
940 110012305898,w1620,940 110009541010,W1751,No Shade,9,36,43,45,32,23,31,41,97,79,55,23,30,39,39,96,47,114,56,25,,
940 110012305898,w1620,940 110009541538,2514,No Shade,18,30,33,13,25,55,44,30,71,38,43,45,34,87,49,64,52,57,33,46,6,
940 110012305898,w1620,940 110006543850,w1559,No Shade,7,35,42,32,28,27,32,53,27,44,100,99,82,27,107,55,62,38,72,104,1,
940 110012305898,w1620,940 110009538716,2527,No Shade,23,30,47,21,35,33,29,24,18,20,16,11,18,8,5,,,,,,,
940 110012305898,w1620,940 110012567575,2575,No Shade,11,11,35,56,39,38,22,38,32,61,74,86,51,47,60,179,82,65,74,114,,
940 110007343058,2636,940 110012566863,3792,High Shade,,,,,,,,,,,,,,,,1,,,,,,
940 110007343058,2636,940 110012565433,y1046,High Shade,,,,,,,,,,,,,,,,1,,,,,,
951 000016108674,3734,940 110012566578,2649,Medium Shade,14,38,27,21,47,59,24,43,76,72,206,239,,,36,51,58,80,138,,,
951 000016108674,3734,940 110009541163,w192043,Medium Shade,10,51,29,30,9,33,23,26,23,92,262,138,,,15,23,53,23,87,,,
951 000016108674,3734,940 110012567879,w9332,Medium Shade,17,5,,,,,,5,9,10,92,51,,,24,34,43,11,114,,,
951 000016108674,3734,940 110009538773,w9285,Medium Shade,11,36,26,24,47,25,64,40,77,44,291,70,,,42,39,31,10,131,,,
951 000016108674,3734,940 110009541581,2030,Medium Shade,18,37,52,24,249,118,50,52,41,43,235,121,,,21,96,36,47,134,,,
951 000016108674,3734,940 110006544020,2499,Medium Shade,8,51,38,24,43,102,270,67,52,48,134,49,,,19,44,23,25,173,,,
951 000016108674,3734,940 110006543878,3800,Medium Shade,10,44,31,14,39,30,48,66,58,29,285,140,,,34,58,278,93,146,10,,
951 000016108674,3734,940 110006544998,2507,Medium Shade,42,47,71,44,50,34,34,55,34,70,143,111,,,47,33,41,29,194,40,,
951 000016108674,3734,940 110009538645,2585,Medium Shade,10,33,17,14,15,27,47,27,39,22,110,36,,,23,17,29,15,96,,,
951 000016108674,3734,940 110009538492,w1657,Medium Shade,6,20,26,42,36,10,29,48,24,53,220,76,,,5,40,28,35,72,,,
951 000016108674,3734,940 110012554604,2666,Medium Shade,8,39,18,18,24,16,27,33,47,64,295,113,,,16,306,36,37,149,15,,
951 000016108674,3734,940 110012567889,2336,Medium Shade,12,22,39,33,25,32,64,19,43,37,45,66,,,7,36,45,59,171,,,
951 000016108674,3734,940 110009541554,2469,Medium Shade,13,26,90,23,66,51,37,74,84,21,129,81,,,26,29,27,,,,,
951 000016108674,3734,940 110009540223,2531,Medium Shade,8,47,29,37,37,56,89,62,53,68,277,59,,,17,54,33,18,84,,,
951 000016108674,3734,940 110009422261,w799,Medium Shade,9,41,26,31,25,30,42,109,23,35,287,122,,,16,15,44,45,122,,,
951 000016108674,3734,940 110012567777,y455,Medium Shade,17,51,49,29,83,18,27,49,56,147,278,44,,,15,145,75,22,125,,,
951 000016108674,3734,940 110012567433,w800,Medium Shade,14,42,13,25,38,34,15,20,38,27,176,154,,,15,34,325,56,147,,,
951 000016108674,3734,940 110006718504,w192366,Medium Shade,8,32,18,22,26,27,46,28,44,42,119,106,,,52,24,40,25,139,,,
951 000016108674,3734,940 110009541500,w192385,Medium Shade,4,36,78,44,39,32,52,46,29,46,191,122,,,46,14,34,63,109,5,,
951 000016108674,3734,940 110009539438,3755,Medium Shade,8,15,13,15,23,21,14,45,19,55,101,93,,,4,11,19,15,58,,,
951 000016108674,3734,940 110006718521,2689,Medium Shade,13,43,17,27,30,32,30,53,40,39,267,113,,,41,23,54,42,57,,,
951 000016108674,3734,940 110009541424,w1679,Medium Shade,14,56,17,35,13,26,30,26,35,33,102,39,,,18,29,42,12,89,23,,
951 000016108674,3734,940 110009422214,y449,Medium Shade,14,28,41,44,47,54,41,84,88,47,182,149,,,50,50,46,89,29,,,
951 000016108674,3734,940 110009539776,w987,Medium Shade,11,43,21,62,34,45,40,29,37,103,260,106,,,13,27,16,32,63,2,,
951 000016108674,3734,940 110009540105,2489,Medium Shade,28,35,19,66,46,35,59,41,52,69,289,54,,,27,64,80,20,164,5,,
951 000016108674,3734,940 110009539528,2591,Medium Shade,7,38,12,70,37,41,34,213,163,37,167,44,,,9,31,19,33,124,25,,
951 000016108674,3734,940 110009541005,y430,Medium Shade,15,44,15,19,57,118,68,65,40,26,178,111,,,21,53,44,63,53,,,
951 000016108674,3734,940 110009422833,w192254,Medium Shade,10,20,36,25,24,59,13,55,57,33,210,98,,,14,21,79,15,103,,,
951 000016108674,3734,940 110009540715,2444,Medium Shade,11,50,19,32,26,37,24,29,60,43,139,67,,,9,10,28,13,65,,,
951 000016108674,3734,940 110006544267,w994,Medium Shade,25,23,23,41,39,42,20,23,40,40,165,135,,,17,36,45,26,136,,,
951 000016108674,3734,940 110012566552,2022,Medium Shade,17,58,47,51,87,46,24,34,73,47,165,75,,,26,58,46,46,225,15,,
951 000016108674,3734,940 110012553681,2434,Medium Shade,8,55,34,24,30,14,30,17,18,49,193,54,,,14,13,31,12,60,,,
951 000016108674,3734,940 110009539936,2595,Medium Shade,6,17,13,31,33,38,60,39,40,145,151,64,,,23,35,54,46,129,,,
951 000016108674,3734,940 110006719983,2631,Medium Shade,14,21,71,96,46,14,31,30,36,31,195,120,,,13,44,19,29,93,,,
951 000016108674,3734,940 110009538761,2712,Medium Shade,12,75,178,40,62,66,30,60,64,73,217,48,,,19,25,72,81,179,48,,
951 000016108674,3734,940 110009540544,2458,Medium Shade,25,44,61,34,55,32,60,29,87,56,165,47,,,35,43,41,37,57,,,
951 000016108674,3734,940 110009540065,2497,Medium Shade,12,37,50,51,39,35,29,39,67,38,319,133,,,23,49,36,66,99,,,
951 000016108674,3734,940 110006544222,3743,Medium Shade,7,33,50,22,15,25,20,36,59,35,100,100,,,5,15,15,7,67,2,,
951 000016108674,3734,940 110006544411,w192123,Medium Shade,6,26,34,27,51,13,13,90,95,25,880,126,,,17,20,21,41,42,,,
951 000016108674,3734,940 110006718460,2347,Medium Shade,16,57,21,10,36,36,50,45,35,46,182,76,,,42,37,36,8,135,,,
951 000016108674,3734,940 110012566414,2948,Medium Shade,9,36,67,34,49,19,53,31,24,57,216,50,,,33,58,66,83,177,40,,
951 000016108674,3734,940 110009540986,2021,Medium Shade,14,32,77,27,27,16,34,53,35,44,227,58,,,2,59,13,12,73,,,
951 000016108674,3734,940 110009541611,w978,Medium Shade,12,37,55,78,36,52,37,67,31,33,326,54,,,12,21,48,35,140,,,
951 000016108674,3734,940 110009420489,w192163,Medium Shade,6,12,15,23,27,10,19,22,28,30,319,53,,,15,22,17,16,141,,,
951 000016108674,3734,940 110009539959,2407,Medium Shade,13,41,32,34,35,48,16,37,30,35,301,66,,,16,33,52,33,64,,,
951 000016108674,3734,940 110012553583,w775,Medium Shade,14,81,35,44,63,74,22,51,84,34,225,94,,,22,55,21,19,102,,,
951 000016108674,3734,940 110009423237,3795,Medium Shade,6,17,48,45,32,18,49,22,17,238,281,96,,,18,50,32,54,62,,,
951 000016108674,3734,940 110012566861,w192575,Medium Shade,10,39,17,75,42,12,33,34,53,52,142,53,,,60,57,41,41,112,,,
951 000016108674,3734,940 110012566817,o38,Medium Shade,17,38,19,31,57,53,73,65,49,59,309,89,,,20,77,43,46,135,1,,
951 000016108674,3734,940 110009540324,w192050,Medium Shade,1,38,40,40,32,41,170,50,29,23,140,115,,,6,19,31,13,88,12,,
951 000016108674,3734,940 110012565445,W1538,Medium Shade,19,45,122,43,39,28,67,31,61,61,182,31,,,10,32,36,43,176,,,
951 000016108674,3734,940 110006543940,2350,Medium Shade,3,37,30,73,55,33,19,92,49,47,150,61,,,14,34,6,9,72,1,,
951 000016108674,3734,940 110009540573,2931,Medium Shade,4,16,35,24,54,9,40,18,12,14,134,35,,,18,20,86,9,90,,,
951 000016108674,3734,940 110009540542,2395,Medium Shade,31,36,70,67,27,52,40,57,44,30,354,60,,,17,36,30,78,165,,,
951 000016108674,3734,940 110006719962,w192152,Medium Shade,7,62,143,16,38,47,41,29,57,140,205,76,,,20,66,43,54,49,,,
951 000016108674,3734,940 110009540902,2479,Medium Shade,36,82,20,51,19,64,61,30,75,34,377,127,,,21,21,31,112,151,,,
951 000016108674,3734,940 110009530580,w192591,Medium Shade,16,40,72,41,51,18,33,44,76,68,158,41,,,10,34,34,44,130,,,
951 000016108674,3734,940 110009539503,2612,Medium Shade,24,33,32,41,25,18,24,21,15,25,177,29,,,9,6,19,7,68,,,
951 000016108674,3734,940 110009423305,2400,Medium Shade,3,28,86,21,55,45,29,54,98,34,176,58,,,29,71,18,31,140,,,
951 000016108674,3734,940 110012568279,w192503,Medium Shade,7,33,24,27,26,5,23,28,28,32,118,175,,,27,34,61,49,186,,,
951 000016108674,3734,940 110009540382,w723,Medium Shade,12,26,29,36,35,28,68,53,42,59,203,62,,,32,63,47,53,86,,,
951 000016108674,3734,940 110009541709,2694,Medium Shade,4,33,49,35,47,66,49,28,63,33,154,75,,,34,60,24,66,256,,,
951 000016108674,3734,940 110009540658,W1721,Medium Shade,17,56,94,62,33,53,36,29,78,32,354,122,,,5,21,22,16,74,,,
951 000016108674,3734,940 110009421837,3768,Medium Shade,5,36,29,27,29,67,28,46,39,68,145,51,,,27,48,23,26,71,1,,
951 000016108674,3734,940 110006544016,y1080,Medium Shade,13,48,50,96,57,58,64,175,70,68,225,102,,,24,34,28,45,97,,,
951 000016108674,3734,940 110009539531,w1745,Medium Shade,16,35,49,44,47,25,28,59,43,47,108,160,,,26,45,39,43,118,,,
951 000016108674,3734,940 110009540034,y1056,Medium Shade,8,37,17,13,50,16,39,13,54,19,168,46,,,60,42,25,76,93,,,
951 000016108674,3734,940 110009540342,w1531,Medium Shade,10,28,62,33,12,21,28,53,52,53,309,101,,,12,31,37,82,117,,,
951 000016108674,3734,940 110006544262,3748,Medium Shade,8,20,52,31,37,22,26,28,77,136,199,71,,,12,21,32,14,137,18,,
951 000016108674,3734,940 110012567544,2650,Medium Shade,21,41,51,16,43,44,20,74,64,42,157,102,,,20,44,61,26,118,,,
951 000016108674,3734,940 110006544498,w192394,Medium Shade,16,34,19,36,56,40,183,42,36,46,168,56,,,11,19,40,18,118,18,,
951 000016108674,3734,940 110009540595,w778,Medium Shade,12,27,44,18,32,27,13,51,39,81,162,84,,,11,20,45,6,243,,,
951 000016108674,3734,940 110006543993,y434,Medium Shade,6,36,36,36,62,113,38,56,25,69,188,98,,,21,40,20,17,108,5,,
951 000016108674,3734,940 110006544432,w192202,Medium Shade,11,79,27,49,32,16,21,48,74,38,200,158,,,15,48,34,48,117,4,,
951 000016108674,3734,940 110009541417,2367,Medium Shade,9,24,30,29,16,32,59,161,146,27,113,58,,,36,25,26,18,139,2,,
951 000016108674,3734,940 110009540965,2355,Medium Shade,67,38,24,23,21,46,9,35,18,31,129,38,,,12,21,27,14,82,42,,
951 000016108674,3734,940 110009540683,2571,Medium Shade,3,52,29,23,23,97,19,33,27,38,214,81,,,6,21,15,15,90,,,
951 000016108674,3734,940 110006544242,2573,Medium Shade,16,15,15,29,33,25,48,46,14,43,140,80,,,15,43,29,54,135,,,
951 000016108674,3734,940 110006544041,2404,Medium Shade,20,30,71,38,47,32,30,63,77,50,174,94,,,14,52,50,64,97,11,,
951 000016108674,3734,940 110006718499,2950,Medium Shade,11,46,48,43,34,59,26,76,21,109,231,61,,,34,27,25,37,90,3,,
951 000016108674,3734,940 110006544862,2628,Medium Shade,6,32,18,47,28,29,13,20,28,32,149,25,,,12,43,148,32,73,4,,
951 000016108674,3734,940 110009540741,2015,Medium Shade,24,27,32,42,21,15,30,33,49,128,172,154,,,17,48,34,17,153,,,
951 000016108674,3734,940 110009540230,w1648,Medium Shade,23,54,28,25,14,46,32,33,40,179,144,42,,,51,45,30,32,157,15,,
951 000016108674,3734,940 110012568242,w1756,Medium Shade,10,42,55,69,49,49,43,41,31,33,241,45,,,12,85,29,44,143,12,,
951 000016108674,3734,940 110009538980,2681,Medium Shade,12,101,85,48,44,42,95,70,50,117,132,84,,,32,45,42,589,224,2,,
951 000016108674,3734,940 110009541492,2574,Medium Shade,6,45,25,189,30,12,27,22,43,44,205,38,,,5,16,20,11,66,,,
951 000016108674,3734,940 110009538323,3751,Medium Shade,10,53,35,47,58,39,56,28,32,67,283,44,,,13,43,174,22,48,2,,
951 000016108674,3734,940 110009422264,2719,Medium Shade,7,45,34,51,12,40,31,53,25,21,119,72,,,10,28,61,22,109,,,
951 000016108674,3734,940 110009539845,w192320,Medium Shade,11,41,38,52,80,41,83,43,49,27,205,113,,,21,52,34,38,53,,,
951 000016108674,3734,940 110009540824,w192083,Medium Shade,6,26,34,19,47,28,29,34,43,30,149,52,,,4,36,19,40,144,6,,
951 000016108674,3734,940 110009423311,2513,Medium Shade,13,35,30,25,25,51,113,66,55,70,119,40,,,8,49,18,34,69,,,
951 000016108674,3734,940 110009538665,y437,Medium Shade,21,42,21,44,46,46,24,66,19,33,246,155,,,30,31,38,25,51,,,
951 000016108674,3734,940 110012554097,y427,Medium Shade,14,35,97,27,40,54,36,23,56,37,276,131,,,10,32,33,4,125,,,
951 000016108674,3734,940 110009539049,w192373,Medium Shade,13,39,30,35,36,33,47,25,31,21,85,153,,,18,34,54,17,68,33,,
951 000016108674,3734,940 110009422834,w767,Medium Shade,7,41,40,26,32,35,29,38,40,36,245,157,,,6,95,19,39,98,1,,
951 000016108674,3734,940 110009538792,w1622,Medium Shade,19,29,8,42,24,36,26,26,47,191,164,23,,,23,26,33,17,61,,,
951 000016108674,3734,940 110012568163,2602,Medium Shade,24,47,34,20,35,54,52,26,71,46,288,99,,,38,47,46,32,45,,,
951 000016108674,3734,940 110009541646,w1640,Medium Shade,9,34,30,43,52,25,22,33,55,39,216,111,,,17,21,30,7,70,1,,
951 000016108674,3734,940 110006543890,2610,Medium Shade,12,15,13,30,36,18,36,36,18,134,963,217,,,10,17,8,14,118,,,
951 000016108674,3734,940 110009422288,2895,Medium Shade,2,37,18,21,13,21,38,81,35,10,127,23,,,8,11,31,9,24,1,,
951 000016108674,3734,940 110009538657,w192255,Medium Shade,11,42,93,26,33,48,38,64,108,84,192,101,,,28,20,33,38,194,18,,
951 000016108674,3734,940 110012567347,2419,Medium Shade,10,13,27,37,108,36,73,61,37,45,81,64,,,32,25,38,33,139,,,
951 000016108674,3734,940 110006544508,2669,Medium Shade,9,48,27,31,14,48,28,7,14,35,207,45,,,9,16,67,30,90,1,,
951 000016108674,3734,940 110009538983,2459,Medium Shade,6,43,17,55,26,27,112,46,40,63,177,39,,,16,12,28,27,176,,,
951 000016108674,3734,940 110012566812,2970,Medium Shade,13,23,37,38,37,121,22,44,45,34,171,134,,,13,44,56,50,214,49,,
951 000016108674,3734,940 110009539901,2960,Medium Shade,11,28,19,26,44,25,40,47,48,80,213,63,,,14,135,12,27,135,,,
951 000016108674,3734,940 110009541309,w784,Medium Shade,12,35,24,198,110,45,26,34,21,40,182,56,,,32,53,19,23,86,,,
951 000016108674,3734,940 110009541384,w192218,Medium Shade,20,22,49,28,24,37,19,31,31,44,277,96,,,58,40,41,26,51,,,
951 000016108674,3734,940 110009539428,2386,Medium Shade,18,20,47,51,42,40,47,47,58,107,374,35,,,12,52,36,29,183,27,,
951 000016108674,3734,940 110006544212,2351,Medium Shade,19,60,18,52,57,72,27,42,45,64,302,138,,,8,26,11,15,63,7,,
951 000016108674,3734,940 110009541422,w192388,Medium Shade,9,48,18,33,41,15,14,23,110,62,284,110,,,26,21,16,65,83,,,
951 000016108674,3734,940 110012565625,y429,Medium Shade,8,26,51,59,19,62,27,18,28,110,256,164,,,7,12,35,98,87,,,
951 000016108674,3734,940 110012567670,3758,Medium Shade,1,10,21,19,15,23,25,40,37,27,198,103,,,17,14,24,20,56,,,
951 000016108674,3734,940 110009539591,2309,Medium Shade,5,21,13,35,17,34,5,42,12,11,184,265,,,40,18,26,23,59,8,,
951 000016108674,3734,940 110006544692,w192595,Medium Shade,11,36,25,33,46,35,6,22,52,21,132,77,,,5,52,18,40,127,,,
951 000016108674,3734,940 110012553690,w9537,Medium Shade,25,41,43,61,57,47,28,40,39,58,176,97,,,5,20,20,118,99,,,
951 000016108674,3734,940 110009539436,3764,Medium Shade,20,39,18,34,61,42,31,45,55,34,255,93,,,24,57,87,36,203,34,,
951 000016108674,3734,940 110009538658,w192551,Medium Shade,11,20,28,17,34,27,30,36,26,46,116,47,,,10,30,24,43,31,,,
951 000016108674,3734,940 110009538820,w192186,Medium Shade,12,26,27,24,43,49,15,32,31,90,169,81,,,7,28,18,26,93,,,
951 000016108674,3734,940 110009541058,2019,Medium Shade,9,41,30,54,48,86,59,29,27,56,265,118,,,27,65,15,42,65,,,
951 000016108674,3734,940 110006720054,w967,Medium Shade,21,47,23,64,29,27,24,40,49,55,165,44,,,39,38,50,27,114,1,,
951 000016108674,3734,940 110009540051,2959,Medium Shade,14,36,28,40,59,40,37,111,59,104,213,89,,,44,12,28,12,57,,,
951 000016108674,3734,940 110009540565,w192009,Medium Shade,12,15,21,14,29,31,48,24,58,44,130,46,,,9,10,34,73,86,39,,
951 000016108674,3734,940 110012565616,2894,Medium Shade,11,39,25,37,9,,,6,3,8,101,23,,,11,44,46,29,67,,,
951 000016108674,3734,940 110012567356,w9536,Medium Shade,32,27,47,17,46,51,97,39,39,41,196,62,,,45,54,55,56,121,,,
951 000016108674,3734,940 110009539521,2594,Medium Shade,13,24,7,36,16,22,11,28,32,64,263,209,,,24,36,124,28,67,1,,
951 000016108674,3734,940 110012567493,2478,Medium Shade,17,48,25,22,38,19,6,33,27,18,108,48,,,6,9,16,32,83,,,
951 000016108674,3734,940 110009539512,w192548,Medium Shade,18,42,42,36,31,26,38,58,29,36,108,63,,,17,42,43,9,98,,,
951 000016108674,3734,940 110009422305,2370,Medium Shade,18,67,31,29,23,56,63,46,39,44,146,111,,,13,10,18,33,190,17,,
951 000016108674,3734,940 110009538466,w192323,Medium Shade,13,71,20,28,36,29,29,48,28,46,259,236,,,30,39,68,32,134,26,,
951 000016108674,3734,940 110009541106,w9334,Medium Shade,27,48,35,51,54,46,44,55,48,74,234,148,,,31,46,33,62,162,,,
951 000016108674,3734,940 110006544070,w192371,Medium Shade,10,52,22,23,65,93,36,45,111,57,195,60,,,11,43,35,27,186,48,,
951 000016108674,3734,940 110009538667,w785,Medium Shade,18,36,33,38,28,36,32,51,66,32,226,96,,,5,41,116,21,59,,,
951 000016108674,3734,940 110009538669,2983,Medium Shade,,,,,,,,4,6,10,88,102,,,11,17,19,12,65,,,
951 000016108674,3734,940 110009539892,w192012,Medium Shade,6,75,21,61,34,30,57,27,80,40,357,108,,,25,38,55,23,296,,,
951 000016108674,3734,940 110009541300,3757,Medium Shade,20,24,29,19,59,45,32,76,60,47,160,128,,,5,12,43,6,67,,,
951 000016108674,3734,940 110006544363,w1539,Medium Shade,14,38,15,17,49,22,8,10,14,59,325,101,,,9,130,51,35,88,,,
951 000016108674,3734,940 110009541128,w192549,Medium Shade,11,21,55,40,52,8,42,21,50,47,227,86,,,52,51,71,59,77,,,
951 000016108674,3734,940 110006544776,2897,Medium Shade,21,47,97,40,27,28,18,44,32,184,170,43,,,10,36,32,51,146,27,,
951 000016108674,3734,940 110006543910,2605,Medium Shade,17,24,32,15,39,48,22,33,33,166,198,53,,,17,17,31,36,128,,,
951 000016108674,3734,940 110009539462,w1669,Medium Shade,5,39,28,41,56,46,55,34,111,123,165,67,,,10,19,28,62,48,,,
951 000016108674,3734,940 110009539496,w192374,Medium Shade,9,40,45,31,45,43,36,93,45,85,314,47,,,13,45,52,12,118,9,,
951 000016108674,3734,940 110009539284,3791,Medium Shade,11,32,30,23,31,69,9,18,43,62,223,263,,,34,16,30,40,57,,,
951 000016108674,3734,940 110009541617,3744,Medium Shade,3,25,5,15,9,6,7,7,17,28,95,56,,,16,100,38,12,114,1,,
951 000016108674,3734,940 110009538800,3762,Medium Shade,16,32,29,50,52,18,58,186,557,43,248,75,,,8,26,102,26,80,20,,
951 000016108674,3734,940 110009538519,3740,Medium Shade,15,32,12,38,35,21,47,53,29,67,157,63,,,11,10,13,17,72,,,
951 000016108674,3734,940 110012568226,W1594,Medium Shade,13,17,40,35,43,98,24,44,59,29,216,265,,,15,42,31,48,169,,,
951 000016108674,3734,940 110012567630,w949,Medium Shade,7,53,35,40,59,69,27,29,66,116,383,68,,,8,55,21,108,98,2,,
951 000016108674,3734,940 110006543952,w192381,Medium Shade,21,57,41,38,66,69,67,44,72,39,612,138,,,16,123,48,80,241,16,,
951 000016108674,3734,940 110012566818,y445,Medium Shade,11,32,50,30,43,11,49,50,24,79,479,97,,,9,12,27,39,172,13,,
951 000016108674,3734,940 110009541432,2409,Medium Shade,33,88,107,60,26,25,14,36,35,52,163,120,,,8,49,32,55,67,,,
951 000016108674,3734,940 110012553990,w796,Medium Shade,13,44,23,42,46,45,37,42,47,97,191,51,,,4,24,16,6,59,,,
951 000016108674,3734,940 110009540164,2038,Medium Shade,8,33,18,28,39,28,85,62,41,45,229,100,,,49,47,44,18,130,20,,
951 000016108674,3734,940 110006719952,w192369,Medium Shade,18,49,23,13,27,14,55,25,51,57,165,47,,,23,45,58,30,74,,,
951 000016108674,3734,940 110009422310,2327,Medium Shade,7,39,20,37,35,17,21,37,34,34,112,30,,,21,219,41,20,166,,,
951 000016108674,3734,940 110009540276,2941,Medium Shade,27,16,18,51,42,53,52,57,59,29,132,60,,,13,8,21,30,88,2,,
951 000016108674,3734,940 110009539931,2521,Medium Shade,13,32,37,51,35,17,7,43,18,42,182,76,,,14,45,36,28,100,,,
951 000016108674,3734,940 110009541620,2393,Medium Shade,14,54,33,53,73,27,35,26,34,67,225,199,,,11,28,70,34,179,49,,
951 000016108674,3734,940 110009540482,2671,Medium Shade,24,32,39,40,55,31,35,47,47,75,332,128,,,49,44,76,72,165,,,
951 000016108674,3734,940 110012553857,2408,Medium Shade,24,57,46,10,21,49,46,62,345,58,198,52,,,9,30,20,66,165,17,,
951 000016108674,3734,940 110012567642,2704,Medium Shade,7,17,11,43,41,12,31,50,49,38,149,258,,,12,47,75,37,39,,,
951 000016108674,3734,940 110009423033,o22,Medium Shade,8,26,10,24,17,27,29,34,27,24,1049,108,,,44,21,12,18,115,,,
951 000016108674,3734,940 110006544568,2927,Medium Shade,5,31,22,47,28,48,30,23,49,154,473,104,,,28,31,50,15,94,,,
951 000016108674,3734,951 000016128364,w192488,Medium Shade,6,39,15,35,33,74,72,42,44,54,216,44,,,31,76,43,44,61,,,
951 000016108674,3734,940 110012565637,o40,Medium Shade,9,53,18,61,34,25,103,80,50,58,295,62,,,10,76,34,31,87,,,
951 000016108674,3734,940 110009541583,2448,Medium Shade,13,37,19,30,49,33,52,29,45,64,425,177,,,22,46,19,91,62,,,
951 000016108674,3734,940 110012568054,w192443,Medium Shade,4,62,41,31,40,11,78,66,37,73,252,68,,,18,38,47,28,154,,,
951 000016108674,3734,940 110019088899,3712,Medium Shade,7,29,46,25,20,47,20,28,64,16,193,162,,,43,29,40,11,135,,,
951 000016108674,3734,940 110012568063,w192463,Medium Shade,23,48,54,109,74,64,45,51,59,71,380,87,,,42,62,41,17,77,2,,
951 000016108674,3734,940 110012565603,2942,Medium Shade,22,106,16,45,17,59,69,44,27,58,209,37,,,8,12,35,71,55,,,
951 000016108674,3734,940 110012567432,w192215,Medium Shade,10,18,41,43,41,61,51,27,48,57,375,103,,,21,66,23,80,82,32,,
951 000016108674,3734,940 110009541019,2503,Medium Shade,12,49,30,76,73,51,36,31,39,52,170,219,,,27,33,25,126,249,,,
951 000016108674,3734,940 110009531315,3733,Medium Shade,12,26,17,14,19,11,27,26,49,22,217,134,,,48,54,23,25,35,,,
951 000016108674,3734,940 110009541056,y469,Medium Shade,14,25,64,87,23,62,25,13,27,32,231,122,,,6,25,6,23,26,2,,
951 000016108674,3734,940 110006544877,w192153,Medium Shade,11,21,27,11,57,29,74,61,101,66,346,59,,,49,75,23,27,161,,,
951 000016108674,3734,940 110012568034,Y467,Medium Shade,13,32,13,36,68,8,19,25,22,105,142,91,,,27,19,29,50,64,,,
951 000016108674,3734,940 110009538579,w1680,Medium Shade,14,35,24,26,17,33,37,27,27,42,183,121,,,4,36,34,21,66,,,
951 000016108674,3734,940 110006544672,y450,Medium Shade,7,39,42,13,32,121,49,42,36,75,217,75,,,19,26,55,39,83,,,
951 000016108674,3734,940 110012554582,w937,Medium Shade,15,18,29,21,44,10,16,42,44,73,207,137,,,12,54,51,53,130,,,
951 000016108674,3734,940 110006719421,w192010,Medium Shade,4,13,31,55,55,40,22,57,58,61,230,28,,,39,20,52,24,96,14,,
951 000016108674,3734,940 110009422162,2034,Medium Shade,26,22,13,40,48,30,57,38,42,99,189,117,,,27,30,43,41,64,,,
951 000016108674,3734,940 110009540590,W1726,Medium Shade,9,33,17,51,45,7,4,43,34,51,334,177,,,3,16,15,48,80,,,
951 000016108674,3734,940 110009538626,w9276,Medium Shade,5,36,14,6,36,24,21,28,41,43,159,73,,,183,317,16,16,87,,,
951 000016108674,3734,940 110012553997,w290,Medium Shade,8,34,8,36,11,20,20,25,36,36,145,41,,,6,13,37,30,80,,,
951 000016108674,3734,940 110006544207,2979,Medium Shade,10,31,17,8,34,20,26,13,34,119,252,78,,,16,37,13,69,65,,,
951 000016108674,3734,940 110009540872,w192372,Medium Shade,10,13,15,33,24,21,30,33,28,19,173,148,,,24,19,28,43,101,13,,
951 000016108674,3734,940 110012567418,3765,Medium Shade,12,33,23,35,62,29,43,30,104,80,247,121,,,63,217,78,33,110,1,,
951 000016108674,3734,940 110012567015,w781,Medium Shade,18,58,26,42,42,33,35,42,241,84,269,143,,,26,67,49,41,104,14,,
951 000016108674,3734,940 110006545004,W1600,Medium Shade,16,29,55,19,70,41,52,75,43,19,371,169,,,11,45,48,51,122,,,
951 000016108674,3734,940 110012568023,2629,Medium Shade,15,88,34,22,34,40,19,22,35,56,130,94,,,14,46,61,55,106,,,
951 000016108674,3734,940 110012567383,w192087,Medium Shade,20,24,50,40,51,52,36,41,46,41,224,137,,,14,45,24,31,151,3,,
951 000016108674,3734,940 110009538703,2345,Medium Shade,11,21,65,37,58,18,15,41,25,73,165,76,,,6,33,50,24,40,,,
951 000016108674,3734,940 110012566508,w9279,Medium Shade,24,28,18,12,20,36,54,36,42,31,152,97,,,25,47,55,43,229,,,
951 000016108674,3734,940 110009423264,2451,Medium Shade,6,27,29,68,36,16,30,20,30,69,177,172,,,25,21,28,70,39,4,,
951 000016108674,3734,940 110009540938,2385,Medium Shade,13,68,33,22,27,32,47,35,23,46,232,135,,,14,37,31,91,57,,,
951 000016108674,3734,940 110009539956,y1030,Medium Shade,10,36,8,24,16,15,11,43,22,31,281,24,,,16,12,15,11,98,,,
951 000016108674,3734,940 110009539598,2307,Medium Shade,11,35,82,36,50,46,39,44,37,63,174,71,,,23,40,40,31,82,,,
951 000016108674,3734,940 110009422295,2357,Medium Shade,13,21,23,79,66,72,50,50,47,38,355,47,,,17,31,53,36,64,1,,
951 000016108674,3734,940 110009538769,w192278,Medium Shade,20,62,19,61,49,56,34,330,42,82,214,31,,,17,36,38,11,72,,,
951 000016108674,3734,940 110012554739,2362,Medium Shade,12,47,24,28,52,29,20,55,62,33,184,103,,,10,42,28,17,92,,,
951 000016108674,3734,940 110006544256,3742,Medium Shade,14,48,66,36,47,52,49,58,146,152,190,122,,,20,71,15,26,169,10,,
951 000016108674,3734,940 110012554600,2537,Medium Shade,,16,32,65,45,26,33,34,56,59,133,137,,,20,40,29,43,122,14,,
951 000016108674,3734,940 110009423289,w1775,Medium Shade,4,26,24,19,25,22,17,16,23,24,161,105,,,14,154,51,13,65,,,
951 000016108674,3734,940 110006544003,w192226,Medium Shade,5,31,13,116,48,133,27,22,36,23,187,61,,,19,30,23,15,73,,,
951 000016108674,3734,940 110012565629,w1772,Medium Shade,21,23,29,17,43,77,14,44,15,47,369,139,,,17,59,29,15,110,5,,
951 000016108674,3734,940 110012553723,W1585,Medium Shade,13,25,25,80,54,52,42,37,53,71,538,76,,,18,38,34,34,98,,,
951 000016108674,3734,940 110009538378,Y458,Medium Shade,14,29,17,39,29,30,55,36,33,41,242,107,,,41,38,32,29,141,,,
951 000016108674,3734,940 110009538683,w984,Medium Shade,33,27,23,63,47,39,27,38,41,44,386,47,,,11,52,77,25,127,42,,
951 000016108674,3734,940 110012564959,w9280,Medium Shade,11,57,24,52,50,79,50,32,58,60,356,91,,,10,24,34,21,105,1,,
951 000016108674,3734,940 110009541329,w192204,Medium Shade,6,52,24,41,75,13,40,53,46,25,168,68,,,39,35,28,24,182,,,
951 000016108674,3734,940 110009539869,2657,Medium Shade,9,19,24,18,26,90,42,45,23,28,215,139,,,19,45,29,42,98,17,,
951 000016108674,3734,940 110009540599,2425,Medium Shade,7,35,13,50,52,50,22,27,56,33,142,67,,,6,22,29,20,109,12,,
951 000016108674,3734,940 110006544465,w9330,Medium Shade,9,38,29,38,47,51,87,30,133,35,281,132,,,12,40,50,24,94,,,
951 000016108674,3734,940 110006544203,2940,Medium Shade,2,47,92,24,33,75,26,20,55,41,276,73,,,12,42,47,18,43,17,,
951 000016108674,3734,940 110012568175,w226,Medium Shade,16,34,37,4,21,38,56,16,32,45,235,61,,,6,62,94,44,78,,,
951 000016108674,3734,940 110009539850,w1645,Medium Shade,21,57,22,36,74,25,34,37,48,34,204,99,,,36,21,26,65,64,,,
951 000016108674,3734,940 110006544555,w275,Medium Shade,9,21,47,26,52,28,7,45,47,38,276,59,,,27,50,25,22,355,14,,
951 000016108674,3734,940 110009541067,2623,Medium Shade,12,35,51,28,74,95,29,71,45,85,391,133,,,15,104,32,16,76,,,
951 000016108674,3734,940 110006720205,2648,Medium Shade,15,45,68,30,56,31,18,19,43,29,238,124,,,17,27,51,89,218,25,,
951 000016108674,3734,940 110012553833,2699,Medium Shade,14,28,22,15,73,35,18,67,17,46,236,156,,,31,83,55,51,142,1,,
951 000016108674,3734,940 110009540569,w192584,Medium Shade,10,38,48,18,25,39,30,49,19,27,110,57,,,16,36,42,36,48,1,,
951 000016108674,3734,940 110009541060,3727,Medium Shade,14,31,39,58,44,39,64,56,75,71,388,195,,,22,25,22,42,162,12,,
951 000016108674,3734,940 110009540843,w192055,Medium Shade,16,39,13,37,35,25,22,31,22,52,236,98,,,9,22,35,5,147,23,,
951 000016108674,3734,940 110009538634,W782,Medium Shade,10,56,29,25,27,30,12,19,37,25,163,52,,,16,18,23,6,46,,,
951 000016108674,3734,940 110006544734,2480,Medium Shade,,,,,,,,3,24,33,90,41,,,20,20,37,35,85,,,
951 000016108674,3734,940 110009423063,w192261,Medium Shade,16,30,35,32,26,41,20,35,35,58,185,56,,,7,66,21,22,218,12,,
951 000016108674,3734,940 110009539751,w1636,Medium Shade,1,44,40,44,30,74,30,43,63,38,218,91,,,14,49,42,54,241,19,,
951 000016108674,3734,940 110009538342,2718,Medium Shade,13,24,32,31,44,71,38,24,16,58,253,44,,,25,23,46,19,99,,,
951 000016108674,3734,940 110006544830,w192386,Medium Shade,5,20,28,24,27,47,36,69,43,68,181,83,,,19,49,33,48,60,,,
951 000016108674,3734,940 110009540694,w997,Medium Shade,9,70,113,29,51,69,58,25,38,30,134,90,,,8,32,12,44,115,,,
951 000016108674,3734,940 110012567199,w192246,Medium Shade,14,29,12,7,6,,,5,11,5,136,39,,,13,15,25,61,59,,,
951 000016108674,3734,940 110012554827,w9534,Medium Shade,3,23,19,38,32,48,27,70,20,152,176,110,,,9,61,17,15,33,,,
951 000016108674,3734,940 110009539763,w192002,Medium Shade,2,28,136,14,19,12,34,47,10,22,85,27,,,3,13,61,6,22,,,
951 000016108674,3734,940 110006544459,3730,Medium Shade,5,47,35,75,47,65,67,68,91,58,224,96,,,97,27,26,49,171,,,
951 000016108674,3734,940 110006718451,y474,Medium Shade,13,46,35,37,56,38,37,70,70,42,236,108,,,29,42,40,83,166,,,
951 000016108674,3734,940 110012567780,y443,Medium Shade,16,32,20,41,100,38,71,36,54,72,255,214,,,25,53,43,56,159,,,
951 000016108674,3734,940 110012554464,w192258,Medium Shade,8,62,46,71,46,15,52,78,28,22,283,60,,,24,49,31,19,114,1,,
951 000016108674,3734,940 110012566856,2621,Medium Shade,16,46,18,27,42,60,24,26,22,64,393,83,,,59,88,73,48,129,9,,
951 000016108674,3734,940 110012566440,2453,Medium Shade,21,19,21,30,38,18,29,33,55,47,182,97,,,26,24,25,43,131,,,
951 000016108674,3734,940 110009539347,2373,Medium Shade,6,35,15,29,39,105,51,44,16,19,163,105,,,40,16,6,15,78,,,
951 000016108674,3734,940 110012568355,2646,Medium Shade,2,19,57,20,29,43,32,11,280,69,261,129,,,4,19,38,30,58,36,,
951 000016108674,3734,940 110009540744,2380,Medium Shade,,,,,,,,3,2,17,59,72,,,9,65,26,6,108,5,,
940 110007958008,2535,940 110009538669,2983,Medium Shade,,,,,,,,1,14,10,12,23,39,65,91,37,28,27,30,54,109,1
940 110007958008,2535,940 110006544734,2480,Medium Shade,,,,,,,,5,23,34,13,32,26,26,33,19,38,18,72,42,65,
940 110007958008,2535,940 110009540744,2380,Medium Shade,,,,,,,,5,12,11,15,34,53,21,28,45,46,46,21,61,51,8
951 000016108674,3734,940 110009539788,2403,Medium Shade,16,26,93,25,29,52,30,32,37,43,201,44,,,,,,,,,,
951 000016108674,3734,940 110009540242,W253,Medium Shade,27,22,66,23,37,61,16,22,15,55,72,28,,,,,,,,,,
951 000016108674,3734,940 110009538600,w192180,Medium Shade,9,29,14,23,103,46,30,23,28,15,123,42,,,,,,,,,,
951 000016108674,3734,940 110012567369,w192576,Medium Shade,10,48,26,19,36,39,41,47,24,64,133,19,,,,,,,,,,
951 000016108674,3734,940 110009538678,2944,Medium Shade,3,38,27,40,34,77,83,57,41,18,83,17,,,,,,,,,,
951 000016108674,3734,940 110006544303,w192569,Medium Shade,12,42,53,38,31,24,84,60,110,45,90,23,,,,,,,,,,
951 000016108674,3734,940 110012567096,2899,Medium Shade,9,19,16,28,37,20,30,33,20,23,72,20,,,,,,,,,,
951 000016108674,3734,940 110009538313,w192135,Medium Shade,11,29,18,30,45,34,37,39,8,39,67,15,,,,,,,,,,
951 000016108674,3734,940 110009541400,w9331,Medium Shade,19,35,22,45,35,69,53,42,23,39,131,31,,,,,,,,,,
940 110006914087,w192113,940 110009538634,W782,Medium Shade,13,47,65,50,42,48,68,53,51,47,48,71,86,108,34,12,18,32,37,106,26,
940 110006914087,w192113,940 110012566578,2649,Medium Shade,17,36,29,69,49,56,62,49,102,67,124,159,98,98,55,74,65,36,60,36,65,17
940 110006914087,w192113,940 110009538667,w785,Medium Shade,20,57,51,60,42,75,76,46,88,58,63,120,52,127,52,61,90,79,43,,,
940 110006914087,w192113,940 110009539788,2403,Medium Shade,15,26,36,23,41,145,38,34,47,33,41,32,32,23,,,,,,,,
940 110006914087,w192113,940 110009541163,w192043,Medium Shade,4,36,66,37,43,41,38,44,111,99,158,79,78,112,38,91,40,35,46,40,39,56
940 110006914087,w192113,940 110012567879,w9332,Medium Shade,52,8,,,,,,,11,13,18,31,31,41,81,14,41,31,40,37,42,56
940 110006914087,w192113,940 110009541611,w978,Medium Shade,14,24,69,25,46,52,37,66,70,165,73,94,78,87,54,36,50,38,49,79,72,43
940 110006914087,w192113,940 110009538773,w9285,Medium Shade,10,38,49,47,64,56,113,76,87,56,63,64,149,63,115,52,80,38,43,51,116,115
940 110006914087,w192113,940 110006719983,2631,Medium Shade,23,52,46,33,79,87,75,45,90,121,74,78,71,114,70,59,76,43,82,38,54,
940 110006914087,w192113,940 110012567383,w192087,Medium Shade,8,46,46,42,42,25,46,65,54,54,60,111,111,123,35,21,22,78,20,76,10,
940 110006914087,w192113,940 110006544568,2927,Medium Shade,3,45,17,47,51,68,32,44,95,112,106,92,41,123,35,24,24,61,102,44,,
940 110006914087,w192113,940 110012554464,w192258,Medium Shade,11,42,37,66,41,54,44,51,91,108,68,49,90,108,33,28,42,27,31,34,26,21
940 110006914087,w192113,940 110012568163,2602,Medium Shade,20,42,59,41,74,73,90,81,75,66,71,64,69,84,35,43,23,54,36,12,35,75
940 110006914087,w192113,940 110009541581,2030,Medium Shade,9,48,47,50,115,109,39,56,126,93,146,73,73,84,80,45,36,35,47,30,96,67
940 110006914087,w192113,940 110006544020,2499,Medium Shade,10,42,56,52,66,146,75,60,106,53,58,69,62,97,43,23,65,37,22,32,56,118
940 110006914087,w192113,940 110012568175,w226,Medium Shade,10,38,22,80,24,121,29,16,92,30,54,49,58,75,43,36,46,32,30,69,11,
940 110006914087,w192113,940 110006543878,3800,Medium Shade,16,59,66,42,69,124,47,65,84,96,77,149,57,95,139,42,32,37,54,18,79,32
940 110006914087,w192113,940 110006544998,2507,Medium Shade,38,25,49,12,43,61,61,45,80,113,77,65,69,63,43,48,39,47,61,48,,
940 110006914087,w192113,940 110019088899,3712,Medium Shade,16,53,40,55,63,38,53,47,49,40,89,198,45,62,52,24,52,47,39,37,50,62
940 110006914087,w192113,940 110009538645,2585,Medium Shade,15,28,44,21,46,91,55,78,112,59,113,80,79,75,40,17,33,85,43,66,49,1
940 110006914087,w192113,940 110009538492,w1657,Medium Shade,10,16,21,46,175,44,56,34,68,57,39,126,59,18,50,23,41,43,61,21,34,
940 110006914087,w192113,940 110012554604,2666,Medium Shade,8,24,22,25,42,71,97,60,67,81,97,101,272,79,92,57,63,24,41,53,38,
940 110006914087,w192113,940 110012567889,2336,Medium Shade,16,43,49,20,59,105,46,31,86,119,50,97,58,37,58,15,26,68,23,58,25,
940 110006914087,w192113,940 110009541106,w9334,Medium Shade,17,75,72,45,88,126,87,64,104,99,80,95,240,88,67,28,40,74,46,38,80,89
940 110006914087,w192113,940 110009541554,2469,Medium Shade,24,33,37,65,115,66,119,96,56,75,72,55,48,77,59,52,18,,,,,
940 110006914087,w192113,940 110009540223,2531,Medium Shade,5,17,30,31,32,52,56,58,67,106,61,76,98,108,24,13,60,67,28,64,50,
940 110006914087,w192113,940 110009422261,w799,Medium Shade,16,32,89,45,41,86,50,55,62,34,54,78,54,81,40,25,13,51,62,20,,
940 110006914087,w192113,940 110012567433,w800,Medium Shade,8,49,28,66,58,39,27,29,90,45,129,104,59,76,15,40,27,27,76,41,51,22
940 110006914087,w192113,940 110009539284,3791,Medium Shade,7,46,38,43,44,62,84,51,69,45,157,83,60,52,43,14,67,59,27,47,40,48
940 110006914087,w192113,940 110009540382,w723,Medium Shade,4,24,64,25,55,88,80,73,93,108,77,89,52,48,36,12,23,42,59,93,42,39
940 110006914087,w192113,940 110012567777,y455,Medium Shade,15,71,28,42,46,115,45,58,78,58,101,109,65,50,54,62,46,47,54,37,61,45
940 110006914087,w192113,940 110009530580,w192591,Medium Shade,18,38,22,29,40,63,35,94,55,86,109,136,103,103,68,21,71,23,90,47,48,46
940 110006914087,w192113,940 110009422295,2357,Medium Shade,10,31,74,24,58,74,83,50,55,60,124,64,42,77,60,19,35,36,34,36,55,
940 110006914087,w192113,940 110006718504,w192366,Medium Shade,3,35,30,34,48,48,27,32,41,52,60,109,81,70,48,49,25,28,64,22,53,37
940 110006914087,w192113,940 110009541500,w192385,Medium Shade,19,32,57,31,53,56,61,90,89,57,43,64,48,126,66,26,23,58,101,62,83,47
940 110006914087,w192113,940 110009539438,3755,Medium Shade,6,20,18,20,38,132,45,52,142,57,74,60,61,43,28,21,26,15,27,28,23,32
940 110006914087,w192113,940 110012568242,w1756,Medium Shade,9,39,20,48,91,79,67,73,111,147,79,85,52,161,55,25,53,39,38,64,85,71
940 110006914087,w192113,940 110009540242,W253,Medium Shade,11,20,52,27,71,56,39,27,30,36,66,20,40,,,,,,,,,
940 110006914087,w192113,940 110006718521,2689,Medium Shade,16,25,36,44,50,33,58,36,42,94,68,101,52,95,57,26,42,50,104,35,47,47
940 110006914087,w192113,940 110006544070,w192371,Medium Shade,12,46,38,30,82,62,80,91,157,88,57,129,88,109,62,55,44,49,61,17,81,112
940 110006914087,w192113,940 110009541424,w1679,Medium Shade,17,44,40,20,80,37,56,84,76,64,45,62,45,31,62,37,30,70,52,21,52,16
940 110006914087,w192113,940 110009422214,y449,Medium Shade,4,50,47,46,51,63,97,54,79,117,83,59,64,117,58,46,34,29,27,20,64,41
940 110006914087,w192113,940 110006544498,w192394,Medium Shade,18,38,58,26,81,36,96,53,72,42,78,71,67,65,36,28,62,38,43,20,26,28
940 110006914087,w192113,940 110009539776,w987,Medium Shade,7,20,29,46,44,97,46,47,88,110,55,82,47,54,45,18,65,32,32,15,36,29
940 110006914087,w192113,940 110009538378,Y458,Medium Shade,16,64,30,29,26,82,120,46,89,109,71,57,67,118,81,42,33,36,23,31,,
940 110006914087,w192113,940 110009540105,2489,Medium Shade,37,28,62,28,39,26,97,90,91,142,114,123,78,72,45,30,80,40,102,68,55,
940 110006914087,w192113,940 110009540324,w192050,Medium Shade,11,29,38,23,49,63,49,48,94,54,79,80,41,94,47,10,76,49,40,31,46,61
940 110006914087,w192113,940 110009423311,2513,Medium Shade,6,54,37,38,34,63,66,121,98,73,106,81,55,44,60,31,31,26,23,48,41,92
940 110006914087,w192113,940 110009539528,2591,Medium Shade,15,41,38,30,49,70,75,127,102,156,107,62,65,106,54,74,77,55,21,122,73,70
940 110006914087,w192113,940 110009541620,2393,Medium Shade,23,31,41,38,48,48,77,116,120,116,151,65,92,64,64,26,26,25,29,52,42,
940 110006914087,w192113,940 110012566812,2970,Medium Shade,15,30,48,70,38,78,76,49,67,104,86,65,91,62,77,44,74,75,16,62,41,
940 110006914087,w192113,940 110009541422,w192388,Medium Shade,10,37,18,43,77,65,75,86,79,92,44,88,76,68,67,63,63,11,39,94,47,100
940 110006914087,w192113,940 110009539901,2960,Medium Shade,17,47,56,32,67,110,53,59,68,29,52,46,71,125,67,102,88,80,29,34,46,51
940 110006914087,w192113,940 110009541005,y430,Medium Shade,3,57,62,44,40,97,45,61,86,82,52,48,98,81,73,23,46,20,57,31,76,63
940 110006914087,w192113,940 110009422833,w192254,Medium Shade,13,26,31,19,37,70,51,63,61,95,108,99,58,90,53,65,162,59,18,29,51,56
940 110006914087,w192113,940 110009540715,2444,Medium Shade,12,63,37,32,40,61,33,27,70,74,87,44,106,86,41,30,64,38,86,32,92,16
940 110006914087,w192113,940 110006544267,w994,Medium Shade,15,25,48,24,53,85,57,82,42,51,59,74,88,76,46,50,51,24,54,26,38,16
940 110006914087,w192113,940 110012566552,2022,Medium Shade,13,25,43,83,48,49,42,68,66,39,98,102,53,59,50,23,31,73,49,47,47,87
940 110006914087,w192113,940 110012553681,2434,Medium Shade,11,28,20,32,72,56,26,99,51,130,81,52,59,52,52,45,26,46,24,37,28,4
940 110006914087,w192113,940 110012568279,w192503,Medium Shade,4,31,33,21,57,33,52,83,79,56,104,50,53,97,135,32,32,44,42,42,28,59
940 110006914087,w192113,940 110009539936,2595,Medium Shade,11,43,31,40,44,57,101,44,75,29,89,54,29,59,33,50,49,39,42,17,76,98
940 110006914087,w192113,940 110012566508,w9279,Medium Shade,28,16,29,79,43,44,47,24,49,61,46,66,59,87,52,29,29,33,23,50,,
940 110006914087,w192113,940 110009538761,2712,Medium Shade,9,69,80,39,41,138,44,59,107,125,44,62,48,71,53,75,42,49,59,58,85,80
940 110006914087,w192113,940 110009540544,2458,Medium Shade,13,39,51,64,33,68,71,22,120,87,91,93,102,62,55,43,47,74,59,66,44,36
940 110006914087,w192113,940 110009540065,2497,Medium Shade,9,19,69,46,53,76,133,61,43,81,85,57,87,84,87,45,51,48,47,30,110,72
940 110006914087,w192113,940 110006544222,3743,Medium Shade,9,36,25,83,76,43,62,97,60,62,44,84,72,62,59,22,43,21,21,47,26,25
940 110006914087,w192113,940 110006544411,w192123,Medium Shade,11,26,69,68,47,58,39,68,106,64,101,55,84,139,34,50,33,37,25,30,70,13
940 110006914087,w192113,940 110009539462,w1669,Medium Shade,9,26,39,41,95,65,40,79,64,115,82,91,58,59,26,23,58,25,26,35,57,7
940 110006914087,w192113,940 110006718460,2347,Medium Shade,17,41,52,44,50,70,121,20,105,66,65,46,45,64,80,41,46,28,35,35,48,79
940 110006914087,w192113,940 110012566414,2948,Medium Shade,6,40,16,31,34,35,56,48,60,62,64,56,41,105,71,29,32,48,50,76,36,40
940 110006914087,w192113,940 110006544432,w192202,Medium Shade,16,193,48,38,64,49,67,69,91,94,63,91,81,62,80,26,48,39,36,121,67,
940 110006914087,w192113,940 110009540986,2021,Medium Shade,6,25,53,26,115,34,64,28,93,65,65,73,93,46,50,88,25,32,42,17,49,9
940 110006914087,w192113,940 110009538600,w192180,Medium Shade,9,40,14,70,62,61,32,29,41,75,38,49,44,,,,,,,,,
940 110006914087,w192113,940 110012553723,W1585,Medium Shade,8,32,39,33,43,73,68,64,91,63,112,105,92,54,118,62,53,40,47,22,6,
940 110006914087,w192113,940 110009420489,w192163,Medium Shade,3,25,22,9,35,36,17,53,53,37,40,119,69,55,26,16,32,21,31,51,39,20
940 110006914087,w192113,940 110006544262,3748,Medium Shade,9,38,27,43,41,44,88,31,74,36,74,40,143,52,76,46,46,33,48,18,56,99
940 110006914087,w192113,940 110009539959,2407,Medium Shade,11,18,21,40,54,67,54,73,46,79,66,77,86,76,45,15,25,39,26,18,36,34
940 110006914087,w192113,940 110009423033,o22,Medium Shade,6,29,23,20,70,25,49,39,57,54,73,91,76,49,56,33,41,32,77,15,,
940 110006914087,w192113,940 110009538323,3751,Medium Shade,13,30,26,25,50,84,48,84,103,81,59,82,67,95,48,22,27,38,82,31,97,92
940 110006914087,w192113,940 110012567369,w192576,Medium Shade,6,30,37,34,42,56,51,40,58,98,36,14,16,42,5,,,,,,,
940 110006914087,w192113,940 110009538626,w9276,Medium Shade,12,34,21,44,57,51,56,60,68,70,91,72,142,250,62,47,30,43,79,57,48,44
940 110006914087,w192113,940 110012553583,w775,Medium Shade,21,26,27,36,76,124,42,62,100,49,60,58,109,30,44,40,29,17,39,43,19,66
940 110006914087,w192113,940 110009423237,3795,Medium Shade,19,46,31,41,53,83,69,66,63,90,69,45,47,48,61,31,31,34,37,31,57,51
940 110006914087,w192113,940 110012565445,W1538,Medium Shade,14,35,154,46,72,67,73,60,75,71,85,74,119,65,42,75,54,31,69,31,41,81
940 110006914087,w192113,940 110012566861,w192575,Medium Shade,9,41,42,35,57,51,73,58,107,93,132,99,104,53,63,107,44,30,45,53,72,15
940 110006914087,w192113,940 110012566817,o38,Medium Shade,12,72,55,33,41,37,65,116,91,96,98,52,96,76,121,27,47,68,41,14,,
940 110006914087,w192113,940 110009540843,w192055,Medium Shade,12,64,90,47,65,62,71,75,142,45,73,94,73,113,91,27,57,74,36,56,5,
940 110006914087,w192113,940 110009541060,3727,Medium Shade,16,46,44,39,75,58,84,72,75,65,49,131,85,41,48,35,55,35,46,19,,
940 110006914087,w192113,940 110009540824,w192083,Medium Shade,14,26,18,39,61,78,69,54,83,50,84,65,32,56,38,21,43,51,27,27,43,54
940 110006914087,w192113,940 110012554582,w937,Medium Shade,6,31,33,44,62,66,60,105,105,73,105,93,84,82,58,17,33,51,78,24,140,11
940 110006914087,w192113,940 110009540482,2671,Medium Shade,15,45,44,34,37,123,65,81,206,109,123,132,103,89,48,70,72,85,40,102,7,
940 110006914087,w192113,940 110009541329,w192204,Medium Shade,10,56,27,20,71,82,56,49,91,57,82,84,226,75,76,39,41,53,25,21,32,
940 110006914087,w192113,940 110009538678,2944,Medium Shade,6,39,37,54,37,107,73,59,97,60,57,24,13,11,14,,,,,,,
940 110006914087,w192113,940 110009422162,2034,Medium Shade,16,73,34,35,40,47,211,51,51,67,125,78,59,65,36,20,41,36,41,35,29,
940 110006914087,w192113,940 110006543940,2350,Medium Shade,20,33,26,38,33,58,82,104,86,44,70,96,128,28,66,33,75,24,37,47,26,45
940 110006914087,w192113,940 110009539049,w192373,Medium Shade,5,27,25,19,41,89,68,29,49,36,44,44,111,38,91,33,53,42,49,31,37,67
940 110006914087,w192113,940 110009540573,2931,Medium Shade,8,34,24,38,61,57,29,50,60,63,52,67,62,81,80,60,19,21,35,26,26,61
940 110006914087,w192113,940 110009540542,2395,Medium Shade,34,43,47,63,40,76,70,85,53,48,117,121,98,79,41,82,46,34,32,40,25,39
940 110006914087,w192113,940 110006719962,w192152,Medium Shade,4,58,52,14,64,78,41,21,104,38,59,96,64,73,19,37,22,31,43,28,67,32
940 110006914087,w192113,940 110009540902,2479,Medium Shade,53,32,28,26,51,68,61,48,80,45,90,71,97,47,108,57,55,27,41,74,64,42
940 110006914087,w192113,940 110006544041,2404,Medium Shade,10,33,31,27,65,82,79,56,99,55,60,65,176,103,94,75,48,45,26,25,31,79
940 110006914087,w192113,940 110006544242,2573,Medium Shade,13,22,19,32,33,81,56,72,59,63,40,60,116,39,45,46,40,70,36,20,87,39
940 110006914087,w192113,940 110009539503,2612,Medium Shade,28,40,43,43,82,88,60,67,62,36,75,56,62,60,22,48,60,57,21,38,86,24
940 110006914087,w192113,940 110009423305,2400,Medium Shade,5,34,20,54,69,51,85,49,103,51,48,59,65,76,43,59,35,39,28,61,49,35
940 110006914087,w192113,940 110009541128,w192549,Medium Shade,18,32,25,31,51,92,62,55,94,129,88,132,196,104,47,46,33,43,27,32,33,
940 110006914087,w192113,940 110006544363,w1539,Medium Shade,12,19,27,48,51,70,97,84,79,44,46,65,102,80,75,112,21,30,44,33,22,
940 110006914087,w192113,940 110006720054,w967,Medium Shade,45,34,46,30,57,82,52,40,80,91,76,60,52,55,64,25,45,19,33,65,65,51
940 110006914087,w192113,940 110009541709,2694,Medium Shade,11,43,55,38,47,76,116,90,52,49,85,44,68,144,89,20,46,82,33,49,54,124
940 110006914087,w192113,940 110009540658,W1721,Medium Shade,12,49,52,38,74,64,146,66,113,87,156,84,51,43,54,7,18,18,30,76,132,28
940 110006914087,w192113,940 110009421837,3768,Medium Shade,12,29,19,67,71,71,53,60,123,93,96,61,126,82,63,40,57,29,33,121,29,28
940 110006914087,w192113,940 110006544016,y1080,Medium Shade,15,47,59,57,83,102,66,41,196,86,55,257,116,55,20,39,33,40,33,19,23,3
940 110006914087,w192113,940 110009539531,w1745,Medium Shade,10,114,31,26,61,56,44,59,110,57,66,45,57,129,67,38,53,58,128,55,41,94
940 110006914087,w192113,940 110009540342,w1531,Medium Shade,13,37,34,31,51,66,47,50,62,25,70,91,82,192,40,53,35,20,26,36,64,62
940 110006914087,w192113,940 110009540034,y1056,Medium Shade,5,17,27,34,35,90,44,106,70,44,48,94,96,101,70,30,37,41,42,36,20,
940 110006914087,w192113,940 110009539591,2309,Medium Shade,5,33,21,18,43,67,54,65,31,42,82,79,136,85,26,16,68,21,45,59,27,19
940 110006914087,w192113,940 110009422264,2719,Medium Shade,13,23,25,18,32,60,43,56,50,45,86,71,144,46,61,68,62,56,28,35,30,
940 110006914087,w192113,940 110009541056,y469,Medium Shade,14,37,99,35,40,41,41,64,63,92,53,92,36,51,44,25,52,33,42,40,14,
940 110006914087,w192113,940 110012567544,2650,Medium Shade,6,41,32,15,51,59,71,67,93,114,80,72,179,139,12,23,33,14,12,32,35,14
940 110006914087,w192113,940 110009538579,w1680,Medium Shade,5,61,25,16,36,69,47,21,77,49,59,95,63,65,100,23,57,25,66,16,,
940 110006914087,w192113,940 110009540595,w778,Medium Shade,8,45,73,47,46,83,69,51,145,96,56,58,51,73,85,64,65,49,30,142,35,20
940 110006914087,w192113,940 110012566856,2621,Medium Shade,12,36,34,29,50,58,37,48,87,68,62,113,86,121,80,37,51,50,29,79,70,16
940 110006914087,w192113,940 110009540683,2571,Medium Shade,10,38,45,33,62,91,43,60,70,42,54,49,74,86,31,49,23,19,26,20,37,45
940 110006914087,w192113,940 110009539496,w192374,Medium Shade,9,65,29,34,73,86,64,90,61,66,151,53,65,76,55,23,29,38,27,29,91,46
940 110006914087,w192113,940 110006544207,2979,Medium Shade,11,24,44,22,49,68,54,87,47,88,92,72,28,45,33,29,32,56,40,49,3,
940 110006914087,w192113,940 110006543993,y434,Medium Shade,13,26,25,27,70,73,55,89,47,97,65,106,39,57,71,41,60,53,20,36,26,26
940 110006914087,w192113,940 110012553690,w9537,Medium Shade,8,32,35,28,56,74,55,32,44,81,96,60,64,54,35,19,36,22,43,14,46,15
940 110006914087,w192113,940 110009541417,2367,Medium Shade,11,36,21,24,38,45,96,61,108,57,55,41,92,79,65,60,58,36,21,98,55,41
940 110006914087,w192113,940 110009539436,3764,Medium Shade,9,26,30,23,50,58,119,59,87,49,75,107,45,140,63,16,49,23,24,76,25,5
940 110006914087,w192113,940 110006544862,2628,Medium Shade,8,45,43,30,71,81,40,61,108,60,116,61,65,60,108,27,40,27,52,79,29,43
940 110006914087,w192113,940 110009540965,2355,Medium Shade,20,31,37,96,37,39,31,35,61,85,65,126,32,115,32,47,44,54,33,129,39,53
940 110006914087,w192113,940 110012565603,2942,Medium Shade,87,61,24,48,28,94,37,44,70,45,48,21,39,59,63,62,29,36,17,69,14,
940 110006914087,w192113,940 110006718499,2950,Medium Shade,11,21,60,76,28,28,65,63,100,115,123,98,202,88,30,69,24,79,144,63,64,30
940 110006914087,w192113,940 110009540230,w1648,Medium Shade,13,61,34,27,68,39,59,52,62,86,71,51,34,73,47,46,20,29,29,69,26,14
940 110006914087,w192113,940 110009541058,2019,Medium Shade,22,27,17,47,41,128,84,72,67,64,81,75,41,100,36,37,24,28,22,24,44,95
940 110006914087,w192113,940 110009540741,2015,Medium Shade,41,48,39,33,72,47,101,48,93,212,117,106,80,89,45,41,70,38,55,33,86,78
940 110006914087,w192113,940 110006544692,w192595,Medium Shade,9,23,21,112,28,34,25,41,18,53,33,108,43,44,50,18,21,24,69,64,43,39
940 110006914087,w192113,940 110009538980,2681,Medium Shade,18,41,30,49,45,88,75,67,83,46,103,72,39,91,68,60,29,67,31,22,41,43
940 110006914087,w192113,940 110009541492,2574,Medium Shade,10,36,42,43,62,65,40,31,92,26,28,105,56,110,40,39,31,76,67,23,63,21
940 110006914087,w192113,940 110009539845,w192320,Medium Shade,15,48,30,41,62,67,44,45,80,80,48,122,41,83,44,10,32,57,17,18,32,30
940 110006914087,w192113,940 110009538665,y437,Medium Shade,9,26,32,57,82,123,107,57,94,60,84,44,77,59,73,22,71,48,35,26,47,71
940 110006914087,w192113,940 110012554097,y427,Medium Shade,9,35,42,59,59,44,29,66,74,79,111,126,138,24,48,25,25,26,36,11,68,20
940 110006914087,w192113,940 110009422834,w767,Medium Shade,15,43,28,38,63,43,39,56,39,74,54,89,71,67,47,32,28,18,42,18,98,28
940 110006914087,w192113,940 110009538792,w1622,Medium Shade,25,50,37,31,53,55,35,69,51,61,78,49,48,91,48,49,50,45,58,20,76,83
940 110006914087,w192113,940 110009541646,w1640,Medium Shade,17,36,41,29,56,65,50,56,42,72,78,119,82,70,75,60,27,34,86,46,8,
940 110006914087,w192113,940 110012565625,y429,Medium Shade,8,21,27,38,37,61,51,76,58,129,45,94,46,113,72,44,70,49,37,28,67,42
940 110006914087,w192113,940 110006543890,2610,Medium Shade,3,33,37,39,83,29,22,58,60,84,119,111,102,59,26,27,70,31,35,109,15,17
940 110006914087,w192113,940 110006544303,w192569,Medium Shade,12,46,42,30,70,66,48,62,89,63,72,28,21,16,38,,,,,,,
940 110006914087,w192113,940 110006544003,w192226,Medium Shade,4,36,39,26,100,117,20,67,47,63,59,110,57,60,71,45,82,47,72,32,35,
940 110006914087,w192113,940 110009422288,2895,Medium Shade,9,48,19,39,58,79,51,92,83,88,69,54,34,45,20,47,33,29,43,12,9,
940 110006914087,w192113,940 110009539521,2594,Medium Shade,12,71,25,75,41,46,26,67,76,175,69,218,83,68,37,44,36,40,54,25,58,
940 110006914087,w192113,940 110009538657,w192255,Medium Shade,12,41,39,22,43,73,55,66,98,121,75,53,78,58,45,25,36,66,35,125,93,58
940 110006914087,w192113,940 110012567347,2419,Medium Shade,11,42,18,38,60,17,64,29,41,30,19,69,50,25,53,28,37,27,26,42,56,95
940 110006914087,w192113,940 110009540569,w192584,Medium Shade,11,40,38,25,38,76,33,39,63,66,55,107,63,70,80,46,37,25,30,55,105,
940 110006914087,w192113,940 110006544508,2669,Medium Shade,7,44,37,87,53,71,29,44,54,41,42,94,67,72,47,41,38,20,59,43,35,39
940 110006914087,w192113,940 110009539428,2386,Medium Shade,9,53,44,25,59,56,69,46,99,52,94,57,38,117,36,44,62,36,30,16,144,71
940 110006914087,w192113,940 110009538983,2459,Medium Shade,9,28,34,40,51,42,36,40,70,44,49,38,80,78,50,18,21,42,63,79,16,49
940 110006914087,w192113,940 110006544465,w9330,Medium Shade,15,48,21,34,66,86,40,50,114,110,69,135,55,58,54,45,47,78,43,54,29,10
940 110006914087,w192113,940 110009539931,2521,Medium Shade,13,28,54,34,56,55,39,29,52,66,148,80,80,49,81,45,52,83,23,57,25,
940 110006914087,w192113,940 110009541583,2448,Medium Shade,7,35,27,55,43,51,69,70,98,76,146,87,93,68,37,32,47,74,37,41,59,19
940 110006914087,w192113,940 110009541309,w784,Medium Shade,5,33,27,22,71,66,49,19,69,91,59,73,70,40,34,30,47,40,32,26,42,59
940 110006914087,w192113,940 110009541384,w192218,Medium Shade,13,49,19,24,43,72,57,45,64,66,64,80,150,108,73,68,39,28,27,40,15,77
940 110006914087,w192113,940 110012567356,w9536,Medium Shade,15,35,25,38,59,34,72,62,79,53,106,144,190,109,56,49,42,24,42,15,49,
940 110006914087,w192113,940 110009538342,2718,Medium Shade,4,32,31,29,79,41,63,34,57,84,108,43,119,31,50,67,51,57,50,54,45,
940 110006914087,w192113,940 110012567096,2899,Medium Shade,14,19,27,35,39,32,47,26,78,52,35,17,21,7,14,,,,,,,
940 110006914087,w192113,940 110009539763,w192002,Medium Shade,5,52,34,28,47,74,35,63,52,95,69,55,47,40,84,30,19,45,51,34,39,36
940 110006914087,w192113,940 110006544212,2351,Medium Shade,14,19,47,124,62,57,51,54,92,108,57,83,91,40,53,36,24,30,22,36,37,35
940 110006914087,w192113,940 110009540164,2038,Medium Shade,10,27,27,45,52,41,69,72,100,92,98,116,38,62,79,42,74,62,68,31,5,
940 110006914087,w192113,940 110009540872,w192372,Medium Shade,10,33,24,14,35,67,51,51,113,205,100,57,54,56,69,41,42,26,78,25,43,
940 110006914087,w192113,940 110009540051,2959,Medium Shade,5,26,53,34,70,80,129,55,101,120,79,72,128,86,99,35,66,27,27,29,50,48
940 110006914087,w192113,940 110012567670,3758,Medium Shade,7,19,22,16,51,62,47,61,49,53,36,81,52,90,90,23,93,76,82,9,41,60
940 110006914087,w192113,940 110009423289,w1775,Medium Shade,4,38,17,53,68,57,58,39,98,25,65,64,37,161,87,51,83,44,25,38,48,
940 110006914087,w192113,940 110006720205,2648,Medium Shade,11,31,14,25,25,77,22,56,55,94,65,218,119,74,69,32,57,37,32,2,,
940 110006914087,w192113,940 110009540938,2385,Medium Shade,14,37,33,42,77,74,78,78,44,123,53,81,67,136,119,33,17,42,99,24,36,23
940 110006914087,w192113,940 110009538658,w192551,Medium Shade,5,34,18,26,37,54,15,88,98,47,65,37,74,114,15,49,34,25,19,41,38,4
940 110006914087,w192113,940 110009538820,w192186,Medium Shade,14,46,25,28,41,84,48,25,54,82,79,32,44,67,56,23,45,32,21,37,39,70
940 110006914087,w192113,940 110006544555,w275,Medium Shade,8,32,24,39,43,53,52,44,90,39,94,100,110,124,76,66,44,60,61,43,,
940 110006914087,w192113,940 110009541300,3757,Medium Shade,4,17,47,94,79,62,45,65,46,67,51,80,41,38,47,20,23,21,19,83,50,64
940 110006914087,w192113,940 110009540565,w192009,Medium Shade,7,29,114,30,41,77,47,39,45,60,65,68,96,147,69,43,34,49,37,31,28,54
940 110006914087,w192113,940 110012565616,2894,Medium Shade,14,53,57,34,9,,,1,10,27,18,49,41,56,32,29,49,53,34,41,18,82
940 110006914087,w192113,940 110012567493,2478,Medium Shade,14,40,25,35,45,44,52,104,68,83,79,66,141,42,65,60,44,12,28,84,45,14
940 110006914087,w192113,940 110009539512,w192548,Medium Shade,9,27,27,33,39,74,30,86,65,52,64,41,69,42,63,45,31,34,21,42,46,32
940 110006914087,w192113,940 110009422305,2370,Medium Shade,13,25,37,16,50,80,51,41,74,73,75,117,42,54,68,40,66,36,68,53,81,12
940 110006914087,w192113,940 110009538466,w192323,Medium Shade,18,38,45,28,66,41,53,69,58,62,75,61,37,104,51,41,28,20,32,23,43,52
940 110006914087,w192113,940 110009538669,2983,Medium Shade,,,,,,,,6,9,16,27,60,39,48,95,27,37,27,38,42,59,74
940 110006914087,w192113,940 110012567780,y443,Medium Shade,9,82,35,57,65,62,67,60,103,50,83,107,121,198,55,81,48,57,63,70,65,95
940 110006914087,w192113,940 110009539892,w192012,Medium Shade,7,30,31,55,82,49,48,74,96,58,74,129,60,69,59,36,29,46,44,23,154,85
940 110006914087,w192113,951 000016128364,w192488,Medium Shade,13,29,31,19,52,49,24,38,71,86,47,66,30,64,44,18,32,72,21,28,,
940 110006914087,w192113,940 110009540276,2941,Medium Shade,46,38,70,30,37,79,45,37,95,117,54,52,80,59,35,34,39,21,36,34,49,51
940 110006914087,w192113,940 110006544776,2897,Medium Shade,16,45,35,24,69,41,46,56,53,110,163,50,42,130,29,21,31,63,33,46,98,
940 110006914087,w192113,940 110006543910,2605,Medium Shade,14,39,36,57,64,53,61,49,69,111,101,78,47,36,88,46,39,28,31,19,3,
940 110006914087,w192113,940 110012567015,w781,Medium Shade,8,19,49,19,51,86,62,33,64,102,86,70,78,58,41,42,51,34,34,20,60,
940 110006914087,w192113,940 110009538703,2345,Medium Shade,10,61,29,51,70,69,97,36,51,53,74,89,55,49,163,49,41,33,40,9,11,
940 110006914087,w192113,940 110006544830,w192386,Medium Shade,12,33,35,35,64,73,46,60,54,117,115,49,109,66,51,73,43,36,54,47,25,
940 110006914087,w192113,940 110009541617,3744,Medium Shade,13,20,8,2,36,16,14,21,27,33,88,109,48,65,23,21,23,31,22,18,24,35
940 110006914087,w192113,940 110012567432,w192215,Medium Shade,24,44,38,18,31,42,25,44,49,118,38,71,83,112,102,25,39,24,52,61,108,
940 110006914087,w192113,940 110009423264,2451,Medium Shade,13,36,31,43,63,63,101,34,63,126,67,80,48,47,42,19,60,44,46,41,,
940 110006914087,w192113,940 110009538800,3762,Medium Shade,11,43,39,27,63,77,56,59,75,109,101,54,57,68,48,42,38,27,30,9,68,53
940 110006914087,w192113,940 110012553990,w796,Medium Shade,9,41,12,46,83,49,66,96,79,87,138,96,51,23,46,31,39,36,64,14,22,
940 110006914087,w192113,940 110009538519,3740,Medium Shade,11,24,47,25,63,57,68,161,51,67,92,43,92,30,60,41,62,35,75,23,30,19
940 110006914087,w192113,940 110012565629,w1772,Medium Shade,4,29,22,52,70,56,49,53,43,107,106,60,44,54,37,41,29,51,79,31,30,
940 110006914087,w192113,940 110012568226,W1594,Medium Shade,5,23,39,54,43,101,33,42,53,54,64,105,112,68,23,30,42,47,50,55,,
940 110006914087,w192113,940 110012567630,w949,Medium Shade,9,39,36,22,78,76,51,48,98,169,98,120,62,70,40,29,63,39,42,27,39,
940 110006914087,w192113,940 110006543952,w192381,Medium Shade,12,37,51,60,72,109,53,64,92,112,147,99,54,64,95,27,43,50,55,36,84,52
940 110006914087,w192113,940 110009541019,2503,Medium Shade,11,68,45,36,61,71,68,56,67,63,99,148,184,25,63,77,81,122,118,71,15,
940 110006914087,w192113,940 110012566818,y445,Medium Shade,14,22,22,23,26,55,97,96,64,60,87,61,60,98,46,17,28,35,14,44,38,
940 110006914087,w192113,940 110006544459,3730,Medium Shade,8,100,64,40,54,94,93,76,108,80,88,60,57,104,82,33,73,30,45,30,51,
940 110006914087,w192113,940 110012568063,w192463,Medium Shade,18,43,45,42,38,74,81,79,74,56,67,78,119,107,105,26,43,27,34,64,6,
940 110006914087,w192113,940 110009541432,2409,Medium Shade,30,129,29,40,23,64,46,67,49,49,65,52,52,39,50,31,43,72,34,21,19,
940 110006914087,w192113,940 110012568034,Y467,Medium Shade,15,35,46,21,78,65,35,55,85,42,78,146,63,35,53,18,49,42,91,34,33,
940 110006914087,w192113,940 110006719952,w192369,Medium Shade,18,19,16,56,39,60,24,47,64,129,50,74,110,59,38,26,39,28,25,86,48,2
940 110006914087,w192113,940 110009422310,2327,Medium Shade,16,40,35,29,59,35,34,50,28,67,69,65,55,91,78,81,47,40,36,22,2,
940 110006914087,w192113,940 110012553997,w290,Medium Shade,11,14,22,60,67,51,67,25,45,107,65,39,42,101,76,38,40,48,47,37,,
940 110006914087,w192113,940 110012554739,2362,Medium Shade,20,44,23,42,53,39,60,36,120,82,59,123,55,46,54,35,27,49,20,33,72,
940 110006914087,w192113,940 110009539850,w1645,Medium Shade,31,36,23,46,63,84,39,58,101,78,51,33,48,66,74,36,72,31,52,36,14,
940 110006914087,w192113,940 110012553857,2408,Medium Shade,10,52,60,30,61,82,53,57,88,67,92,98,107,54,141,23,20,37,72,27,9,
940 110006914087,w192113,940 110012567642,2704,Medium Shade,8,20,19,25,33,44,21,34,87,37,75,122,54,159,106,43,35,58,79,17,5,
940 110006914087,w192113,940 110012565637,o40,Medium Shade,14,43,40,48,84,88,30,74,98,72,104,47,87,53,62,49,34,44,27,25,29,
940 110006914087,w192113,940 110009531315,3733,Medium Shade,9,16,28,27,42,33,71,82,73,48,40,93,65,109,77,20,33,30,63,38,37,
940 110006914087,w192113,940 110012568054,w192443,Medium Shade,12,59,41,72,44,83,63,62,96,170,108,65,56,68,38,22,35,35,28,27,10,
940 110006914087,w192113,940 110012566440,2453,Medium Shade,10,27,16,29,59,43,82,78,79,56,101,149,65,69,73,29,77,33,64,70,58,
940 110006914087,w192113,940 110009540599,2425,Medium Shade,12,21,30,28,66,50,76,56,74,95,66,131,113,42,70,26,26,21,36,24,,
940 110006914087,w192113,940 110009540590,W1726,Medium Shade,7,23,28,25,49,54,38,37,61,55,149,84,38,34,61,18,39,57,61,31,,
940 110006914087,w192113,940 110006544877,w192153,Medium Shade,14,33,48,25,54,107,94,46,87,88,86,66,119,146,78,64,54,59,66,43,,
940 110006914087,w192113,940 110009539598,2307,Medium Shade,16,31,49,24,66,64,74,65,103,47,89,64,50,43,125,45,31,45,24,22,20,
940 110006914087,w192113,940 110012554827,w9534,Medium Shade,16,25,39,44,49,60,49,72,43,142,93,88,32,73,34,36,46,51,32,30,44,16
940 110006914087,w192113,940 110009423063,w192261,Medium Shade,9,28,25,46,60,79,34,48,110,217,97,126,49,48,90,40,45,55,41,32,,
940 110006914087,w192113,940 110006544672,y450,Medium Shade,3,44,19,28,47,154,46,59,53,62,57,75,74,145,59,19,56,51,51,32,32,36
940 110006914087,w192113,940 110006719421,w192010,Medium Shade,7,28,28,15,25,52,46,43,70,63,54,35,77,79,39,34,35,81,67,71,56,16
940 110006914087,w192113,940 110012568023,2629,Medium Shade,6,40,77,41,32,34,35,87,79,65,56,72,52,65,29,33,24,37,44,8,,
940 110006914087,w192113,940 110006545004,W1600,Medium Shade,21,37,42,60,80,61,74,53,73,86,109,170,87,92,131,28,41,58,52,38,73,
940 110006914087,w192113,940 110012567418,3765,Medium Shade,11,30,29,48,86,28,41,29,77,96,49,86,46,61,78,67,80,62,41,27,23,
940 110006914087,w192113,940 110009539956,y1030,Medium Shade,8,10,22,40,48,20,122,24,38,76,201,55,53,75,77,89,94,42,27,71,,
940 110006914087,w192113,940 110012553833,2699,Medium Shade,5,54,37,32,72,59,100,85,147,68,64,129,88,134,60,31,54,37,18,12,2,
940 110006914087,w192113,940 110009538769,w192278,Medium Shade,5,35,52,18,65,119,80,43,99,78,45,90,59,70,61,39,17,31,38,8,31,18
940 110006914087,w192113,940 110006544256,3742,Medium Shade,17,37,49,32,83,58,38,54,127,91,68,86,34,40,43,21,30,13,43,38,35,
940 110006914087,w192113,940 110012554600,2537,Medium Shade,15,30,26,28,63,65,42,43,78,88,42,68,63,102,127,43,30,56,86,49,26,
940 110006914087,w192113,940 110009538313,w192135,Medium Shade,6,30,14,21,49,54,33,71,39,118,20,13,15,8,8,,,,,,,
940 110006914087,w192113,940 110009538683,w984,Medium Shade,24,30,60,55,102,107,35,74,94,55,58,79,77,88,89,41,20,49,34,29,,
940 110006914087,w192113,940 110006544203,2940,Medium Shade,7,143,69,32,52,102,70,73,54,56,60,118,56,59,51,53,46,97,82,102,,
940 110006914087,w192113,940 110012564959,w9280,Medium Shade,8,34,22,41,86,62,75,58,94,136,51,84,67,66,23,23,49,43,29,151,,
940 110006914087,w192113,940 110009539869,2657,Medium Shade,20,32,34,25,61,164,77,39,50,58,90,76,85,24,54,21,51,31,78,76,41,8
940 110006914087,w192113,940 110006718451,y474,Medium Shade,14,45,53,50,69,111,56,79,86,148,76,101,115,144,97,45,41,41,41,29,40,64
940 110006914087,w192113,940 110012568355,2646,Medium Shade,14,19,49,53,40,75,43,64,125,156,84,39,98,53,35,36,61,54,39,53,58,15
940 110006914087,w192113,940 110009541400,w9331,Medium Shade,14,36,38,38,74,79,107,63,71,69,74,17,25,15,11,,,,,,,
940 110006914087,w192113,940 110009541067,2623,Medium Shade,10,43,48,54,50,74,108,52,89,64,88,116,132,74,118,88,30,40,27,46,1,
940 110006914087,w192113,940 110009540694,w997,Medium Shade,22,58,157,34,50,71,100,69,82,43,53,116,64,37,55,24,19,39,49,63,53,42
940 110006914087,w192113,940 110009539347,2373,Medium Shade,12,35,53,33,72,93,62,62,79,54,58,115,170,77,82,30,80,25,44,35,68,9
940 110006914087,w192113,940 110006544734,2480,Medium Shade,,,,,,,,3,36,38,29,77,53,70,43,45,67,35,21,59,68,
940 110006914087,w192113,940 110009539751,w1636,Medium Shade,4,23,34,12,47,136,52,56,51,69,97,112,82,177,63,23,42,31,47,34,1,
940 110006914087,w192113,940 110012567199,w192246,Medium Shade,8,41,29,8,9,,,4,19,17,31,57,55,81,69,32,57,23,35,23,31,50
940 110006914087,w192113,940 110009540744,2380,Medium Shade,,,,,,,,3,19,35,31,50,35,23,43,15,29,8,29,54,52,20
940 110001453858,2383,940 110009538634,W782,Medium Shade,5,140,70,19,27,22,59,20,71,12,40,13,19,71,21,11,15,9,27,14,24,
940 110001453858,2383,940 110009538667,w785,Medium Shade,9,28,31,11,29,67,14,54,32,38,30,33,47,30,16,286,60,15,10,,,
940 110001453858,2383,940 110009539788,2403,Medium Shade,4,27,30,47,51,406,20,9,34,34,19,14,27,27,,,,,,,,
940 110001453858,2383,940 110009541611,w978,Medium Shade,8,38,18,10,35,35,28,29,28,48,46,69,45,46,53,23,139,178,13,97,97,
940 110001453858,2383,940 110006719983,2631,Medium Shade,8,24,31,26,18,31,13,32,33,36,43,53,39,35,56,27,57,36,38,45,73,
940 110001453858,2383,940 110012567383,w192087,Medium Shade,31,21,57,35,33,20,21,16,27,34,52,111,93,369,57,28,29,33,76,84,20,
940 110001453858,2383,940 110006544568,2927,Medium Shade,2,35,18,12,36,15,14,21,42,7,316,38,45,42,22,28,29,35,23,12,,
940 110001453858,2383,940 110012554464,w192258,Medium Shade,1,133,10,19,46,26,12,25,39,39,32,61,42,73,38,45,40,76,41,16,39,
940 110001453858,2383,940 110012568163,2602,Medium Shade,93,53,41,17,45,20,16,43,38,34,38,47,61,82,48,26,58,37,98,37,41,
940 110001453858,2383,940 110012568175,w226,Medium Shade,12,27,12,23,16,24,14,32,19,24,26,33,27,46,90,309,337,21,20,49,22,
940 110001453858,2383,940 110019088899,3712,Medium Shade,13,27,36,57,34,41,21,24,21,49,62,238,62,96,52,27,16,20,10,12,41,
940 110001453858,2383,940 110009541106,w9334,Medium Shade,16,68,53,56,73,41,92,41,43,49,48,48,211,44,94,47,34,32,26,20,137,
940 110001453858,2383,940 110012567433,w800,Medium Shade,3,31,24,50,38,26,9,19,43,21,21,26,25,22,17,21,112,20,33,68,17,
940 110001453858,2383,940 110009539284,3791,Medium Shade,13,32,83,17,31,26,21,28,63,75,181,48,29,24,44,10,21,67,63,15,25,
940 110001453858,2383,940 110009540382,w723,Medium Shade,5,78,44,30,46,86,44,76,64,73,26,229,164,39,80,39,25,32,2,24,22,
940 110001453858,2383,940 110009530580,w192591,Medium Shade,18,49,19,66,53,30,32,45,18,14,44,47,365,109,50,38,18,36,49,9,87,
940 110001453858,2383,940 110009422295,2357,Medium Shade,19,36,410,31,44,22,45,74,54,45,29,15,43,72,36,28,35,18,55,13,88,
940 110001453858,2383,940 110012568242,w1756,Medium Shade,5,60,35,35,35,37,24,48,19,68,26,45,48,29,50,79,52,90,33,86,33,
940 110001453858,2383,940 110009540242,W253,Medium Shade,2,42,30,9,17,25,14,30,28,12,36,17,7,,,,,,,,,
940 110001453858,2383,940 110006544070,w192371,Medium Shade,2,29,40,47,30,42,56,73,150,19,34,33,56,41,109,25,40,25,22,21,50,
940 110001453858,2383,940 110012567777,y455,Medium Shade,3,42,20,24,29,34,15,59,31,30,29,18,67,27,54,230,51,33,44,74,56,
940 110001453858,2383,940 110006544498,w192394,Medium Shade,13,50,35,40,17,32,126,23,36,25,29,32,39,29,23,25,28,8,20,14,19,
940 110001453858,2383,940 110009538378,Y458,Medium Shade,5,30,15,25,18,44,60,24,38,32,22,50,74,45,145,63,39,32,64,32,,
940 110001453858,2383,940 110009540324,w192050,Medium Shade,11,33,42,32,37,24,124,92,31,17,25,37,26,34,33,14,18,11,8,16,33,
940 110001453858,2383,940 110009423311,2513,Medium Shade,16,26,48,29,34,28,72,191,60,38,35,45,43,68,39,26,37,31,25,31,70,
940 110001453858,2383,940 110006718504,w192366,Medium Shade,8,19,24,21,20,16,30,40,41,19,31,52,25,91,153,110,18,46,32,45,54,
940 110001453858,2383,940 110009541620,2393,Medium Shade,2,32,22,57,23,43,27,30,52,17,33,32,28,22,40,27,67,38,9,1,27,
940 110001453858,2383,940 110012566812,2970,Medium Shade,5,17,43,54,55,43,50,55,45,45,36,69,198,88,126,25,28,33,40,74,56,
940 110001453858,2383,940 110009541422,w192388,Medium Shade,12,14,29,25,44,13,24,39,423,179,16,29,24,43,51,16,14,36,13,20,8,
940 110001453858,2383,940 110009539901,2960,Medium Shade,7,38,23,29,67,28,18,36,51,11,60,35,29,42,171,68,20,18,4,34,51,
940 110001453858,2383,940 110012568279,w192503,Medium Shade,9,36,22,20,18,40,22,33,33,32,17,38,49,33,59,41,61,144,23,6,14,
940 110001453858,2383,940 110012566508,w9279,Medium Shade,101,22,27,17,24,43,41,20,48,39,41,43,54,29,47,27,31,27,46,55,,
940 110001453858,2383,940 110006718521,2689,Medium Shade,15,11,18,35,91,27,68,32,25,11,54,203,48,61,55,72,30,21,44,38,37,
940 110001453858,2383,940 110009539462,w1669,Medium Shade,9,34,22,64,13,56,20,23,100,169,69,20,25,21,38,18,48,46,8,7,38,
940 110001453858,2383,940 110006544432,w192202,Medium Shade,13,189,31,44,17,37,39,40,39,33,29,80,55,26,51,45,44,52,30,49,64,
940 110001453858,2383,940 110009539528,2591,Medium Shade,20,33,43,74,40,33,62,85,111,43,34,51,35,50,92,25,22,27,12,32,55,
940 110001453858,2383,940 110009538600,w192180,Medium Shade,3,42,17,664,131,22,28,35,27,63,24,19,27,,,,,,,,,
940 110001453858,2383,940 110012553723,W1585,Medium Shade,10,27,29,16,57,25,17,55,57,12,103,46,86,61,39,54,74,99,98,19,14,
940 110001453858,2383,940 110006544262,3748,Medium Shade,1,18,24,9,17,29,19,13,645,21,43,38,22,17,45,9,37,19,22,98,65,
940 110001453858,2383,940 110009420489,w192163,Medium Shade,2,17,40,12,19,25,8,26,8,43,29,41,19,45,32,20,19,2,377,445,20,
940 110001453858,2383,940 110009423033,o22,Medium Shade,4,10,11,22,42,16,27,6,44,42,104,40,12,33,41,29,26,31,26,10,3,
940 110001453858,2383,940 110009539959,2407,Medium Shade,4,15,22,27,21,25,9,60,60,65,42,33,183,39,29,16,45,36,44,15,75,
940 110001453858,2383,940 110009538323,3751,Medium Shade,14,44,13,38,36,27,23,38,43,82,101,27,25,33,27,22,190,255,51,18,68,
940 110001453858,2383,940 110012567369,w192576,Medium Shade,17,47,17,33,37,24,22,29,39,16,21,3,11,5,9,,,,,,,
940 110001453858,2383,940 110009538626,w9276,Medium Shade,2,31,12,11,17,50,10,21,41,19,42,34,68,73,65,48,13,12,27,7,14,
940 110001453858,2383,940 110012565445,W1538,Medium Shade,13,33,178,34,78,40,44,42,60,48,21,38,34,47,58,46,37,50,43,13,25,
940 110001453858,2383,940 110012566817,o38,Medium Shade,11,37,45,30,37,35,23,63,58,34,40,62,56,46,327,241,64,45,37,16,,
940 110001453858,2383,940 110009540843,w192055,Medium Shade,7,30,32,38,37,65,24,36,22,20,15,32,27,48,69,27,16,32,33,75,15,
940 110001453858,2383,940 110009541060,3727,Medium Shade,3,29,30,20,54,14,39,38,58,18,36,59,43,45,81,25,32,54,36,14,,
940 110001453858,2383,940 110009540824,w192083,Medium Shade,10,21,54,30,65,50,32,24,26,14,74,29,22,45,26,24,28,39,29,9,6,
940 110001453858,2383,940 110009540065,2497,Medium Shade,8,30,61,19,26,56,77,51,46,14,46,57,48,79,64,35,38,86,688,110,43,
940 110001453858,2383,940 110012554582,w937,Medium Shade,7,24,32,40,53,26,30,34,31,36,36,20,304,24,42,50,33,45,13,11,71,
940 110001453858,2383,940 110009540482,2671,Medium Shade,16,67,43,24,75,52,30,19,43,237,353,70,101,20,82,63,65,47,55,74,33,
940 110001453858,2383,940 110009541329,w192204,Medium Shade,2,40,41,33,371,32,46,46,37,86,33,33,57,39,47,30,38,21,10,17,20,
940 110001453858,2383,940 110009538678,2944,Medium Shade,9,26,15,28,59,9,42,39,40,11,17,10,7,6,10,,,,,,,
940 110001453858,2383,940 110009422162,2034,Medium Shade,15,25,42,77,29,16,228,26,5,39,38,81,35,30,37,35,29,19,19,26,22,
940 110001453858,2383,940 110009539049,w192373,Medium Shade,225,223,11,63,35,32,19,29,32,34,21,30,41,8,46,19,408,379,40,17,21,
940 110001453858,2383,940 110009540544,2458,Medium Shade,5,33,34,25,41,32,38,32,34,582,52,27,32,21,60,27,32,18,34,21,16,
940 110001453858,2383,940 110006544041,2404,Medium Shade,15,18,35,28,39,27,21,330,392,25,51,53,27,24,60,21,19,58,13,11,63,
940 110001453858,2383,940 110006544242,2573,Medium Shade,2,32,30,35,23,42,35,26,32,30,24,33,29,34,63,20,50,327,125,5,100,
940 110001453858,2383,940 110009541128,w192549,Medium Shade,3,33,30,37,20,29,25,58,32,36,41,24,92,92,44,37,31,47,22,51,36,
940 110001453858,2383,940 110009540715,2444,Medium Shade,8,114,34,59,29,32,42,54,27,36,42,62,24,87,44,29,22,16,27,12,23,
940 110001453858,2383,940 110009540105,2489,Medium Shade,23,22,47,14,37,41,29,34,51,32,43,20,41,41,62,27,25,43,81,26,68,
940 110001453858,2383,940 110006544363,w1539,Medium Shade,5,30,46,25,54,30,19,24,11,49,29,54,58,22,92,186,38,29,39,42,55,
940 110001453858,2383,940 110006720054,w967,Medium Shade,6,16,32,67,28,23,27,19,14,21,23,42,40,17,84,39,31,38,28,11,58,
940 110001453858,2383,940 110009541005,y430,Medium Shade,14,26,36,32,47,175,19,37,41,46,69,57,27,69,42,36,54,13,23,28,16,
940 110001453858,2383,940 110009540342,w1531,Medium Shade,8,46,72,42,64,32,26,24,26,25,43,96,50,208,108,34,18,15,30,22,46,
940 110001453858,2383,940 110009539591,2309,Medium Shade,1,21,39,4,55,15,21,19,15,30,39,61,83,21,17,10,164,252,9,20,12,
940 110001453858,2383,940 110009422264,2719,Medium Shade,10,14,37,22,23,71,36,27,33,5,55,27,20,36,36,10,166,30,54,13,31,
940 110001453858,2383,940 110009541056,y469,Medium Shade,1,26,96,8,16,32,12,24,30,9,24,25,33,16,51,19,22,14,6,12,17,
940 110001453858,2383,940 110009538579,w1680,Medium Shade,5,39,37,24,22,31,16,15,18,8,20,385,72,29,23,27,31,17,16,13,,
940 110001453858,2383,940 110012566856,2621,Medium Shade,8,65,38,13,32,33,32,51,75,49,75,28,51,67,135,43,48,86,34,61,39,
940 110001453858,2383,940 110009540683,2571,Medium Shade,18,4,44,28,25,28,38,278,32,17,47,75,58,99,36,26,24,3,33,23,120,
940 110001453858,2383,940 110009539496,w192374,Medium Shade,4,40,31,27,40,25,30,295,53,25,46,27,41,58,75,18,56,28,40,13,87,
940 110001453858,2383,940 110006543940,2350,Medium Shade,4,16,40,47,24,34,31,301,47,46,23,52,54,36,36,28,12,28,29,49,53,
940 110001453858,2383,940 110006544207,2979,Medium Shade,13,19,9,14,20,12,31,15,13,148,210,34,18,15,94,26,14,7,7,70,,
940 110001453858,2383,940 110012567879,w9332,Medium Shade,19,11,,,,,,4,4,2,11,21,37,37,34,64,46,73,68,15,70,
940 110001453858,2383,940 110012553690,w9537,Medium Shade,15,19,50,20,32,24,14,30,30,45,75,46,48,21,58,37,25,118,387,34,58,
940 110001453858,2383,940 110012565616,2894,Medium Shade,15,48,37,28,8,,,4,9,6,12,15,35,23,89,20,53,72,680,45,19,
940 110001453858,2383,940 110006544998,2507,Medium Shade,34,47,18,13,34,40,62,45,35,29,27,43,52,45,55,29,31,37,43,19,,
940 110001453858,2383,940 110009539436,3764,Medium Shade,1,41,46,18,29,15,58,37,36,35,23,214,40,48,44,36,23,29,13,60,8,
940 110001453858,2383,940 110006544862,2628,Medium Shade,10,27,19,19,22,20,41,26,16,17,27,21,25,28,44,36,304,9,12,10,32,
940 110001453858,2383,940 110009539531,w1745,Medium Shade,11,45,15,27,29,55,17,71,24,84,23,56,35,55,47,29,50,15,30,90,35,
940 110001453858,2383,940 110012565603,2942,Medium Shade,37,167,56,25,29,13,35,40,47,22,29,30,31,83,41,12,22,26,64,52,33,
940 110001453858,2383,940 110009540230,w1648,Medium Shade,23,36,26,15,24,15,26,29,28,296,70,23,31,25,87,30,27,43,54,13,35,
940 110001453858,2383,940 110009540965,2355,Medium Shade,62,13,30,17,33,27,11,27,58,47,21,14,25,60,21,26,53,29,27,47,23,
940 110001453858,2383,940 110009541058,2019,Medium Shade,5,39,25,44,46,269,291,43,43,34,42,47,42,43,57,36,30,12,109,89,36,
940 110001453858,2383,940 110009541417,2367,Medium Shade,15,21,25,51,46,27,36,170,234,23,22,47,66,38,73,27,38,20,45,31,100,
940 110001453858,2383,940 110012566552,2022,Medium Shade,14,35,40,43,38,25,15,25,56,23,30,15,38,40,167,78,33,56,27,38,42,
940 110001453858,2383,940 110006544692,w192595,Medium Shade,4,17,25,176,151,39,27,24,37,59,21,38,29,22,35,28,25,22,14,32,48,
940 110001453858,2383,940 110009422214,y449,Medium Shade,2,17,13,22,30,30,45,233,105,11,80,66,43,25,87,31,39,17,13,5,91,
940 110001453858,2383,940 110009540034,y1056,Medium Shade,23,31,19,44,44,50,42,37,24,19,33,22,35,70,258,122,37,57,57,24,14,
940 110001453858,2383,940 110012567199,w192246,Medium Shade,6,30,20,15,14,,,2,7,27,43,33,17,21,39,23,25,20,85,4,34,
940 110001453858,2383,940 110009539438,3755,Medium Shade,12,18,15,6,7,38,14,52,110,22,10,10,16,30,11,13,10,17,15,3,7,
940 110001453858,2383,940 110012566861,w192575,Medium Shade,5,38,37,33,31,64,40,50,18,30,49,28,26,44,47,50,52,39,42,12,44,
940 110001453858,2383,940 110012565625,y429,Medium Shade,9,49,35,12,13,7,5,14,29,14,36,35,39,23,42,21,33,302,49,44,51,
940 110001453858,2383,940 110009423305,2400,Medium Shade,4,30,24,407,247,39,26,35,30,34,38,29,42,34,112,42,30,37,25,78,37,
940 110001453858,2383,940 110006544303,w192569,Medium Shade,5,51,25,28,70,22,64,47,181,179,23,6,3,6,21,,,,,,,
940 110001453858,2383,940 110006544003,w192226,Medium Shade,15,38,17,39,88,152,23,23,41,24,45,40,33,57,62,22,32,21,19,57,11,
940 110001453858,2383,940 110009541492,2574,Medium Shade,2,24,26,101,33,40,24,42,24,29,23,22,32,49,54,14,19,19,49,29,28,
940 110001453858,2383,940 110009539521,2594,Medium Shade,9,35,22,18,20,26,20,12,19,36,43,72,21,63,27,29,271,8,19,27,9,
940 110001453858,2383,940 110009540569,w192584,Medium Shade,3,58,117,17,47,13,40,21,17,34,17,21,24,69,63,23,36,28,72,25,14,
940 110001453858,2383,940 110006718499,2950,Medium Shade,15,11,13,11,28,21,20,45,57,34,46,52,114,355,66,37,46,14,31,23,61,
940 110001453858,2383,940 110009539428,2386,Medium Shade,10,29,34,10,25,23,48,25,46,18,158,34,22,45,51,46,42,36,39,41,31,
940 110001453858,2383,940 110006544465,w9330,Medium Shade,11,28,42,51,60,40,53,48,222,384,103,55,44,27,72,55,18,21,27,36,63,
940 110001453858,2383,940 110009540741,2015,Medium Shade,68,21,19,42,49,19,44,20,28,60,34,65,33,53,42,39,40,48,33,72,63,
940 110001453858,2383,940 110009539931,2521,Medium Shade,1,51,249,148,70,14,57,57,64,40,38,53,68,33,57,29,31,36,6,37,16,
940 110001453858,2383,940 110009541583,2448,Medium Shade,4,9,37,44,34,9,58,27,38,57,575,503,59,34,31,47,28,53,30,13,23,
940 110001453858,2383,940 110012567356,w9536,Medium Shade,4,22,35,62,33,25,28,36,30,37,33,59,84,63,125,28,53,53,22,33,21,
940 110001453858,2383,940 110009541581,2030,Medium Shade,19,16,20,58,114,56,31,82,71,28,58,43,49,36,55,48,58,44,38,26,86,
940 110001453858,2383,940 110009538342,2718,Medium Shade,4,19,28,24,40,28,19,39,14,70,24,13,19,34,32,31,15,28,48,88,104,
940 110001453858,2383,940 110012567096,2899,Medium Shade,4,23,22,34,37,6,81,16,23,28,12,2,6,7,2,,,,,,,
940 110001453858,2383,940 110009539763,w192002,Medium Shade,19,56,91,10,49,14,66,28,25,9,22,5,17,10,35,9,16,13,14,15,5,
940 110001453858,2383,940 110009540164,2038,Medium Shade,4,53,41,26,60,26,169,32,40,37,70,23,36,79,85,67,73,34,14,38,,
940 110001453858,2383,940 110009540872,w192372,Medium Shade,4,27,16,19,20,18,26,19,24,39,36,39,43,65,42,14,39,25,39,7,51,
940 110001453858,2383,940 110009540051,2959,Medium Shade,12,43,41,9,61,44,42,283,135,25,31,37,39,52,74,31,40,53,31,21,36,
940 110001453858,2383,940 110009423289,w1775,Medium Shade,6,19,17,63,12,18,25,33,42,22,29,46,38,22,32,128,34,5,13,20,76,
940 110001453858,2383,940 110012567889,2336,Medium Shade,18,23,57,36,22,112,100,29,8,16,16,32,48,28,66,29,23,41,91,33,42,
940 110001453858,2383,940 110012567670,3758,Medium Shade,1,14,24,28,13,20,19,42,25,12,25,11,21,15,318,59,23,17,20,10,31,
940 110001453858,2383,940 110006720205,2648,Medium Shade,11,77,17,27,50,28,14,42,49,75,41,123,276,38,49,44,25,33,59,1,,
940 110001453858,2383,940 110009540938,2385,Medium Shade,15,269,82,34,36,58,35,20,35,82,64,62,90,25,44,39,23,53,15,18,20,
940 110001453858,2383,940 110006544555,w275,Medium Shade,4,26,31,23,45,34,27,30,21,38,69,60,50,87,96,66,41,51,113,454,,
940 110001453858,2383,940 110009538820,w192186,Medium Shade,6,52,37,77,25,27,32,20,25,22,39,29,115,270,47,19,31,9,11,27,37,
940 110001453858,2383,940 110009541300,3757,Medium Shade,5,32,33,35,57,31,39,30,27,55,22,25,40,44,16,27,18,6,66,31,21,
940 110001453858,2383,940 110006544411,w192123,Medium Shade,10,25,36,12,28,41,25,46,39,24,91,29,28,16,24,21,32,6,21,28,55,
940 110001453858,2383,940 110009541500,w192385,Medium Shade,32,71,38,38,48,46,56,39,46,52,21,69,19,62,47,24,44,43,51,39,39,
940 110001453858,2383,940 110009541309,w784,Medium Shade,11,21,30,3,63,12,36,47,24,37,49,39,37,32,42,35,28,24,16,20,33,
940 110001453858,2383,940 110012554604,2666,Medium Shade,7,41,15,38,34,50,52,32,23,23,50,81,39,43,79,150,39,63,58,16,12,
940 110001453858,2383,940 110006718460,2347,Medium Shade,11,56,25,24,45,21,92,17,22,10,51,54,61,77,70,41,23,18,39,58,21,
940 110001453858,2383,940 110009539845,w192320,Medium Shade,8,44,27,31,23,27,21,9,57,25,35,16,36,44,48,30,35,23,29,6,16,
940 110001453858,2383,940 110009540573,2931,Medium Shade,9,11,42,391,39,25,17,25,18,13,26,24,22,16,22,13,6,12,17,27,13,
940 110001453858,2383,940 110012567780,y443,Medium Shade,4,41,76,28,55,32,38,26,48,35,66,31,24,18,81,143,30,70,25,52,81,
940 110001453858,2383,951 000016128364,w192488,Medium Shade,7,20,38,11,27,34,9,32,37,19,40,41,16,12,403,25,44,39,52,14,,
940 110001453858,2383,940 110012553681,2434,Medium Shade,13,13,14,7,8,12,12,19,37,55,18,35,22,56,67,17,22,13,7,36,50,
940 110001453858,2383,940 110009540276,2941,Medium Shade,20,30,19,34,32,29,35,17,11,51,49,38,18,16,72,43,33,6,20,22,76,
940 110001453858,2383,940 110006543910,2605,Medium Shade,8,20,29,27,17,17,58,39,59,110,116,29,49,26,39,23,42,12,17,49,,
940 110001453858,2383,940 110012567015,w781,Medium Shade,7,33,31,36,50,35,39,44,263,126,36,41,22,37,56,32,17,85,63,35,58,
940 110001453858,2383,940 110009539776,w987,Medium Shade,19,21,24,28,13,56,14,41,62,119,32,42,39,13,36,28,18,20,34,24,34,
940 110001453858,2383,940 110009538703,2345,Medium Shade,4,31,46,18,24,31,60,28,24,18,33,25,26,27,58,43,272,329,19,9,1,
940 110001453858,2383,940 110009538657,w192255,Medium Shade,12,35,34,10,29,25,30,30,354,25,60,37,41,27,56,22,28,24,26,72,36,
940 110001453858,2383,940 110009422305,2370,Medium Shade,3,55,15,34,49,274,168,31,24,36,85,28,23,40,61,72,45,24,37,8,93,
940 110001453858,2383,940 110009538658,w192551,Medium Shade,5,17,18,49,20,45,24,22,25,27,9,95,435,32,22,12,18,6,46,63,67,
940 110001453858,2383,940 110006544830,w192386,Medium Shade,3,20,36,38,48,14,31,42,26,28,47,72,64,29,100,124,44,40,38,8,17,
940 110001453858,2383,940 110012567432,w192215,Medium Shade,10,31,34,14,50,54,11,49,47,32,58,60,175,504,95,40,57,74,51,70,68,
940 110001453858,2383,940 110009423264,2451,Medium Shade,15,41,21,35,35,17,29,21,13,50,24,23,28,23,39,19,274,171,14,10,2,
940 110001453858,2383,940 110012553990,w796,Medium Shade,14,30,16,30,25,23,28,29,43,53,33,66,53,29,63,23,31,51,31,36,50,
940 110001453858,2383,940 110012565629,w1772,Medium Shade,11,25,28,27,12,26,11,37,15,13,405,467,31,21,29,53,40,26,17,18,30,
940 110001453858,2383,940 110009539512,w192548,Medium Shade,5,27,56,27,25,53,29,21,28,60,48,12,30,23,53,430,319,33,17,58,19,
940 110001453858,2383,940 110009541019,2503,Medium Shade,18,25,19,22,31,30,24,52,40,15,29,57,104,8,58,29,32,295,116,26,11,
940 110001453858,2383,940 110006543952,w192381,Medium Shade,15,35,82,72,40,57,57,35,57,36,290,84,61,40,94,36,42,63,28,62,88,
940 110001453858,2383,940 110012553583,w775,Medium Shade,2,18,41,23,31,192,15,94,88,15,35,63,41,33,32,21,35,14,28,50,29,
940 110001453858,2383,940 110006544459,3730,Medium Shade,12,61,35,63,43,24,41,59,45,65,45,39,58,68,88,49,32,41,47,22,50,
940 110001453858,2383,940 110012568063,w192463,Medium Shade,12,31,60,31,45,32,21,80,79,46,88,66,49,238,218,26,53,93,78,44,,
940 110001453858,2383,940 110009538792,w1622,Medium Shade,50,35,21,29,33,31,31,24,16,31,10,9,23,23,38,52,24,14,6,55,28,
940 110001453858,2383,940 110012568034,Y467,Medium Shade,10,20,15,16,367,33,33,27,47,17,40,39,41,17,29,84,25,17,22,36,8,
940 110001453858,2383,940 110006719952,w192369,Medium Shade,9,15,35,31,22,37,25,23,67,316,32,44,32,39,86,32,49,30,13,21,16,
940 110001453858,2383,940 110012553997,w290,Medium Shade,11,28,3,50,23,30,14,36,9,28,18,22,22,326,127,31,15,23,3,21,,
940 110001453858,2383,940 110009540658,W1721,Medium Shade,18,54,24,15,22,71,17,39,61,26,459,31,30,92,13,11,22,10,22,36,111,
940 110001453858,2383,940 110006544222,3743,Medium Shade,10,22,57,11,17,31,48,24,22,11,17,411,41,43,52,19,17,7,11,33,23,
940 110001453858,2383,940 110012554739,2362,Medium Shade,4,23,46,47,39,40,34,41,24,50,35,101,36,40,60,20,54,21,21,37,28,
940 110001453858,2383,940 110009539850,w1645,Medium Shade,37,95,70,47,45,44,47,36,71,37,26,58,54,52,93,19,20,50,48,48,18,
940 110001453858,2383,940 110012553857,2408,Medium Shade,13,16,54,24,31,26,43,71,447,80,40,47,59,53,122,18,21,24,24,54,1,
940 110001453858,2383,940 110006719962,w192152,Medium Shade,3,46,55,31,37,29,21,47,50,11,25,47,61,12,22,58,40,39,59,40,64,
940 110001453858,2383,940 110009540902,2479,Medium Shade,117,50,21,28,33,34,41,26,59,44,37,43,28,26,88,27,12,28,37,89,23,
940 110001453858,2383,940 110009531315,3733,Medium Shade,7,39,19,11,21,28,37,22,29,48,30,22,30,41,492,26,54,12,21,10,15,
940 110001453858,2383,940 110009541617,3744,Medium Shade,9,22,6,5,,8,6,7,9,8,14,12,18,26,23,220,26,5,21,71,20,
940 110001453858,2383,940 110012566440,2453,Medium Shade,17,28,23,19,26,10,11,69,34,33,65,64,33,311,59,47,24,93,88,15,62,
940 110001453858,2383,940 110009540599,2425,Medium Shade,10,38,23,22,23,15,26,26,87,48,59,42,26,37,59,34,25,57,59,12,,
940 110001453858,2383,940 110009540590,W1726,Medium Shade,6,30,13,38,32,46,27,29,20,26,101,46,30,32,23,16,27,13,32,17,,
940 110001453858,2383,940 110006544877,w192153,Medium Shade,17,40,40,28,46,73,321,31,55,36,50,46,67,97,58,40,53,41,11,110,,
940 110001453858,2383,940 110009539598,2307,Medium Shade,4,37,44,13,36,35,24,55,55,70,72,40,32,99,546,21,25,26,20,10,23,
940 110001453858,2383,940 110009538761,2712,Medium Shade,28,104,140,9,64,29,8,37,64,53,72,28,45,25,65,17,59,24,24,70,61,
940 110001453858,2383,940 110012554827,w9534,Medium Shade,1,27,16,9,39,22,172,55,20,42,63,27,31,27,31,16,9,24,21,18,29,
940 110001453858,2383,940 110012566414,2948,Medium Shade,17,32,22,20,31,20,39,24,14,20,32,30,32,22,55,37,9,349,165,16,34,
940 110001453858,2383,940 110009540565,w192009,Medium Shade,7,34,29,51,30,27,22,19,42,63,16,54,29,104,51,20,29,196,27,43,59,
940 110001453858,2383,940 110009423063,w192261,Medium Shade,9,45,29,48,28,27,25,13,32,407,28,44,36,52,105,16,30,16,34,43,,
940 110001453858,2383,940 110006543890,2610,Medium Shade,5,15,16,5,23,17,30,33,26,2,222,66,27,12,28,13,9,22,10,6,14,
940 110001453858,2383,940 110009539892,w192012,Medium Shade,6,42,33,40,47,31,27,27,33,20,39,44,55,64,56,47,48,28,22,47,109,
940 110001453858,2383,940 110012567493,2478,Medium Shade,3,29,24,18,20,30,8,39,10,21,52,36,20,32,45,17,22,16,14,23,19,
940 110001453858,2383,940 110009538983,2459,Medium Shade,1,27,17,38,25,52,254,121,21,18,30,12,16,45,26,88,21,10,49,38,25,
940 110001453858,2383,940 110012568023,2629,Medium Shade,2,152,83,18,45,66,37,31,29,60,44,37,31,36,38,25,21,59,80,15,,
940 110001453858,2383,940 110009538492,w1657,Medium Shade,12,16,20,8,170,15,43,15,60,25,40,33,34,17,36,25,31,28,24,34,4,
940 110001453858,2383,940 110012568054,w192443,Medium Shade,4,65,28,44,29,33,24,42,136,453,37,35,83,29,100,21,49,31,107,70,7,
940 110001453858,2383,940 110009541646,w1640,Medium Shade,9,39,8,13,42,41,39,41,49,53,19,25,11,77,28,86,13,5,19,85,1,
940 110001453858,2383,940 110012567347,2419,Medium Shade,10,50,43,156,32,27,35,23,43,74,9,28,23,26,36,57,35,27,56,31,81,
940 110001453858,2383,940 110006544267,w994,Medium Shade,8,58,32,57,34,31,29,26,31,30,17,556,39,35,54,29,37,58,18,16,13,
940 110001453858,2383,940 110006545004,W1600,Medium Shade,9,31,50,61,37,42,45,55,27,83,55,82,35,43,95,57,50,37,55,54,51,
940 110001453858,2383,940 110012567418,3765,Medium Shade,15,30,29,23,34,40,48,57,39,55,37,69,53,46,114,138,116,58,28,56,1,
940 110001453858,2383,940 110009538665,y437,Medium Shade,8,12,39,34,22,38,20,49,24,21,45,38,316,35,42,23,29,34,10,12,42,
940 110001453858,2383,940 110009538980,2681,Medium Shade,7,82,63,35,33,56,46,31,41,22,29,37,34,39,37,30,49,78,34,42,68,
940 110001453858,2383,940 110012566818,y445,Medium Shade,4,10,16,23,12,47,23,51,43,76,318,31,35,32,37,41,43,18,26,27,18,
940 110001453858,2383,940 110009539503,2612,Medium Shade,99,42,20,15,26,29,26,30,5,7,19,30,13,22,15,18,19,20,13,13,43,
940 110001453858,2383,940 110012567544,2650,Medium Shade,2,37,35,11,19,10,27,47,46,51,58,46,10,182,57,32,12,13,18,24,39,
940 110001453858,2383,940 110009539956,y1030,Medium Shade,12,34,23,45,21,26,40,24,22,24,225,20,17,64,30,17,13,20,26,21,,
940 110001453858,2383,940 110006544020,2499,Medium Shade,6,35,35,44,41,164,79,49,43,30,27,58,32,46,53,29,33,24,11,39,36,
940 110001453858,2383,940 110009422833,w192254,Medium Shade,14,34,37,31,30,32,36,33,20,48,38,30,44,29,46,32,201,11,15,21,59,
940 110001453858,2383,940 110009540986,2021,Medium Shade,21,53,57,58,48,31,14,33,60,36,30,44,52,29,43,116,14,18,43,24,30,
940 110001453858,2383,940 110012553833,2699,Medium Shade,8,26,22,20,266,148,24,50,14,49,47,70,65,36,70,89,85,81,42,32,1,
940 110001453858,2383,940 110009541163,w192043,Medium Shade,4,11,22,30,24,12,24,18,10,723,37,26,60,37,28,52,39,10,10,79,34,
940 110001453858,2383,940 110009538800,3762,Medium Shade,4,36,38,38,32,66,27,46,138,27,74,40,28,17,42,20,17,13,41,10,34,
940 110001453858,2383,940 110009538466,w192323,Medium Shade,4,33,23,39,33,46,24,285,10,11,35,33,15,76,47,39,51,24,11,27,25,
940 110001453858,2383,940 110012567630,w949,Medium Shade,15,36,33,21,48,23,28,35,36,85,136,46,43,80,47,27,31,67,34,19,78,
940 110001453858,2383,940 110009538313,w192135,Medium Shade,4,52,41,22,16,19,14,118,44,11,5,1,7,8,,,,,,,,
940 110001453858,2383,940 110012565637,o40,Medium Shade,19,21,16,30,45,13,32,48,56,41,87,49,61,41,72,51,40,15,16,19,21,
940 110001453858,2383,940 110009422261,w799,Medium Shade,2,33,52,49,19,79,9,51,59,22,21,68,54,24,22,12,19,48,43,10,,
940 110001453858,2383,940 110006543878,3800,Medium Shade,8,39,68,78,44,17,41,29,31,125,51,65,61,59,70,42,52,278,12,22,63,
940 110001453858,2383,940 110009423237,3795,Medium Shade,13,26,36,25,35,44,24,60,38,102,83,25,38,28,37,30,24,32,41,27,28,
940 110001453858,2383,940 110009541554,2469,Medium Shade,13,21,28,431,79,29,35,60,39,19,41,33,46,27,47,21,10,,,,,
940 110001453858,2383,940 110006544016,y1080,Medium Shade,22,24,72,57,60,21,28,292,201,23,47,37,87,24,24,21,21,24,19,12,48,
940 110001453858,2383,940 110006544256,3742,Medium Shade,7,23,42,45,45,23,42,35,50,100,53,85,49,30,84,35,34,40,18,12,14,
940 110001453858,2383,940 110009541709,2694,Medium Shade,7,89,59,29,22,18,345,117,25,19,31,33,82,82,62,32,60,15,21,81,47,
940 110001453858,2383,940 110012568226,W1594,Medium Shade,13,24,9,20,33,226,31,32,36,17,52,81,45,45,37,42,34,41,87,23,,
940 110001453858,2383,940 110006544203,2940,Medium Shade,13,57,23,76,47,64,41,48,45,20,47,15,17,22,55,39,68,15,28,13,,
940 110001453858,2383,940 110009422834,w767,Medium Shade,7,37,37,30,40,33,8,27,69,40,43,100,60,27,67,19,12,11,23,16,27,
940 110001453858,2383,940 110009539869,2657,Medium Shade,14,22,35,36,29,360,36,22,31,57,69,63,37,14,43,30,31,18,26,11,32,
940 110001453858,2383,940 110009540542,2395,Medium Shade,98,27,20,61,56,43,42,34,50,48,54,73,21,51,63,18,48,33,37,26,50,
940 110001453858,2383,940 110006719421,w192010,Medium Shade,8,13,25,27,27,15,20,40,121,29,45,25,72,38,56,13,8,28,91,44,69,
940 110001453858,2383,940 110006544212,2351,Medium Shade,16,43,69,299,41,27,30,30,44,67,17,54,42,30,47,46,25,11,7,8,34,
940 110001453858,2383,940 110012564959,w9280,Medium Shade,5,27,39,35,31,62,23,42,74,32,87,342,157,34,20,30,9,33,81,8,,
940 110001453858,2383,940 110009539936,2595,Medium Shade,8,39,13,19,39,60,201,49,26,23,43,25,31,37,33,21,21,17,82,89,44,
940 110001453858,2383,940 110006718451,y474,Medium Shade,13,31,48,59,21,35,53,59,56,40,73,53,62,44,74,29,44,265,30,22,61,
940 110001453858,2383,940 110006544776,2897,Medium Shade,22,17,39,14,32,23,28,33,63,104,22,67,8,41,28,19,33,9,22,19,14,
940 110001453858,2383,940 110012568355,2646,Medium Shade,5,39,25,12,45,30,31,20,190,35,56,77,39,15,19,43,34,34,22,35,48,
940 110001453858,2383,940 110009541400,w9331,Medium Shade,8,23,60,40,35,41,43,54,26,32,26,11,87,32,7,,,,,,,
940 110001453858,2383,940 110012566578,2649,Medium Shade,19,54,69,28,61,28,34,23,32,49,64,47,25,51,161,46,56,34,21,21,47,
940 110001453858,2383,940 110012554600,2537,Medium Shade,2,33,17,31,46,51,73,26,28,46,45,53,50,41,121,44,27,36,13,32,6,
940 110001453858,2383,940 110009538645,2585,Medium Shade,3,21,14,32,22,14,77,13,16,53,42,23,465,300,31,20,34,19,49,41,29,
940 110001453858,2383,940 110012554097,y427,Medium Shade,24,40,23,24,61,23,20,50,25,34,69,57,41,3,54,25,34,8,35,16,30,
940 110001453858,2383,940 110006544672,y450,Medium Shade,6,24,31,39,17,47,17,33,47,30,27,28,52,30,35,23,37,42,59,8,42,
940 110001453858,2383,940 110009540694,w997,Medium Shade,24,21,453,30,14,24,17,49,49,12,13,27,20,17,84,28,30,23,42,53,40,
940 110001453858,2383,940 110009421837,3768,Medium Shade,4,11,18,58,39,18,35,47,37,27,21,39,16,44,65,64,33,7,4,28,23,
940 110001453858,2383,940 110009540595,w778,Medium Shade,1,63,54,67,25,38,32,27,32,95,45,28,19,56,68,33,16,9,43,168,38,
940 110001453858,2383,940 110009541424,w1679,Medium Shade,13,25,27,23,24,24,76,12,27,116,25,26,9,17,47,256,263,8,11,12,28,
940 110001453858,2383,940 110009540223,2531,Medium Shade,5,49,16,14,16,18,26,29,76,12,51,42,47,141,35,22,42,32,30,47,6,
940 110001453858,2383,940 110009538769,w192278,Medium Shade,3,36,43,29,22,36,22,96,43,14,31,24,29,26,53,28,13,29,26,6,37,
940 110001453858,2383,940 110009539347,2373,Medium Shade,6,31,20,24,38,156,83,21,63,18,56,35,21,47,28,10,24,12,51,5,62,
940 110001453858,2383,940 110009538519,3740,Medium Shade,10,7,23,28,34,10,45,48,21,36,34,42,48,18,22,15,20,22,48,22,14,
940 110001453858,2383,940 110006543993,y434,Medium Shade,6,56,28,30,25,119,47,69,37,64,37,20,70,64,55,37,44,11,34,24,21,
940 110001453858,2383,940 110009539751,w1636,Medium Shade,5,56,12,9,17,212,87,44,21,50,29,45,38,32,49,35,32,36,31,13,12,
940 110001453858,2383,940 110009541432,2409,Medium Shade,6,112,28,19,24,29,38,55,46,20,39,31,41,20,106,38,25,29,34,10,16,
940 110001453858,2383,940 110009538773,w9285,Medium Shade,10,31,39,11,29,23,22,25,30,28,73,44,300,104,65,76,46,48,25,6,53,
940 110001453858,2383,940 110009541384,w192218,Medium Shade,7,79,20,31,48,36,57,24,28,50,61,24,24,30,266,43,24,28,37,39,37,
940 110001453858,2383,940 110009422288,2895,Medium Shade,3,13,49,52,10,28,152,208,29,88,6,14,7,27,12,19,10,15,7,15,10,
940 110001453858,2383,940 110006544508,2669,Medium Shade,23,22,18,17,21,10,20,12,30,29,31,10,35,21,23,6,44,28,29,9,51,
940 110001453858,2383,940 110009538683,w984,Medium Shade,83,52,28,26,32,52,8,42,38,16,45,42,42,36,86,61,40,33,35,53,,
940 110001453858,2383,940 110009541067,2623,Medium Shade,6,65,44,39,56,36,27,54,55,47,42,46,53,39,63,154,36,20,27,13,,
940 110001453858,2383,940 110012567642,2704,Medium Shade,6,21,4,12,22,37,13,33,21,50,54,61,41,172,233,39,28,16,17,22,7,
940 110001453858,2383,940 110009422310,2327,Medium Shade,6,33,25,47,13,16,23,19,22,17,13,21,51,26,55,196,65,31,52,7,2,
940 110006914809,w192252,940 110006543999,w192107,High Shade,9,36,15,49,67,11,6,59,32,41,28,38,20,40,31,29,27,4,12,29,1,
940 110006914809,w192252,940 110006544810,w393,High Shade,10,41,252,54,19,11,33,23,53,29,17,39,136,36,68,32,48,82,26,42,60,71
940 110006914809,w192252,940 110009540280,y433,High Shade,7,13,66,20,15,32,60,33,58,19,4,30,19,15,194,8,18,10,46,23,44,6
940 110006914809,w192252,940 110012553776,w237,High Shade,13,68,80,29,19,3,19,63,41,79,25,41,74,71,23,27,31,9,18,33,10,34
940 110006914809,w192252,940 110009538344,w192165,High Shade,21,34,24,55,2,7,99,148,39,46,21,42,40,28,24,15,27,34,30,14,18,
940 110006914809,w192252,940 110012554433,w263,High Shade,7,40,19,27,2,31,54,18,664,45,17,85,28,31,29,22,16,28,45,14,86,26
940 110006914809,w192252,940 110009539746,2992,High Shade,7,22,11,22,5,9,9,26,48,41,9,63,48,430,25,9,6,11,38,10,63,28
940 110006914809,w192252,940 110012568314,w192120,High Shade,16,56,102,69,21,28,14,38,56,41,26,19,41,28,70,14,26,67,48,31,90,113
940 110006914809,w192252,940 110011991139,w192383,High Shade,1,42,20,23,16,1,8,9,11,155,14,20,27,42,12,18,73,9,10,12,107,16
940 110006914809,w192252,940 110006544638,w192533,High Shade,13,37,34,19,13,25,33,28,59,184,39,118,42,32,58,29,12,44,39,45,17,81
940 110006914809,w192252,940 110006544244,2587,High Shade,17,21,18,35,21,23,125,17,32,33,33,51,27,58,67,53,19,18,52,25,15,
940 110006914809,w192252,940 110009540446,2344,High Shade,22,43,46,12,35,32,76,32,33,33,28,62,72,39,109,244,17,37,20,64,25,
940 110006914809,w192252,940 110009540159,w1658,High Shade,7,38,22,45,17,12,24,59,30,12,35,29,84,19,46,59,21,30,54,33,35,41
940 110006914809,w192252,940 110009539164,w977,High Shade,18,41,19,235,22,13,21,40,57,39,20,30,46,48,65,23,44,113,32,94,55,52
940 110006914809,w192252,940 110009423060,w192029,High Shade,6,21,43,46,24,22,28,42,61,31,14,52,11,,,,,,,,,
940 110006914809,w192252,940 110006720265,y493,High Shade,9,43,28,19,16,23,22,66,25,18,43,69,32,10,18,12,5,,,,,
940 110006914809,w192252,940 110009539749,Y444,High Shade,17,33,26,12,392,286,26,13,39,37,18,30,28,23,32,26,11,11,21,46,,
940 110006914809,w192252,940 110009541259,2966,High Shade,16,30,29,22,13,10,41,21,36,49,53,51,15,404,18,7,18,11,58,27,50,3
940 110006914809,w192252,940 110012564941,w805,High Shade,10,31,22,60,61,26,25,35,78,64,37,56,22,30,58,40,42,29,22,24,65,23
940 110006914809,w192252,940 110012554375,2714,High Shade,12,17,35,21,37,10,21,14,49,83,36,48,70,20,75,35,35,29,41,9,22,
940 110006914809,w192252,940 110012568291,3723,High Shade,17,80,45,48,21,31,84,27,46,65,18,55,25,20,70,29,41,21,19,19,18,4
940 110006914809,w192252,940 110009423166,2369,High Shade,19,76,58,72,20,5,27,123,50,53,64,35,48,40,47,30,27,37,45,108,,
940 110006914809,w192252,940 110009539721,y428,High Shade,33,75,12,30,7,15,7,14,33,100,12,34,46,67,19,27,30,33,54,37,52,14
940 110006914809,w192252,940 110012567392,w192340,High Shade,24,33,42,47,63,27,50,50,63,47,107,192,17,69,73,32,28,75,29,28,4,
940 110006914809,w192252,940 110012567296,w1789,High Shade,11,19,22,7,31,32,15,33,46,44,175,37,26,72,32,23,27,122,97,71,7,
940 110006914809,w192252,940 110012567125,y1057,High Shade,7,27,18,20,6,6,3,14,229,77,43,32,13,64,14,12,15,19,25,4,44,5
940 110006914809,w192252,940 110009538623,w1614,High Shade,14,38,44,35,27,50,25,28,66,26,10,35,24,137,208,29,26,3,32,42,24,97
940 110006914809,w192252,940 110009421859,w1682,High Shade,20,69,13,56,15,78,39,32,33,31,19,42,75,100,35,12,24,29,27,30,27,
940 110006914809,w192252,940 110006720428,w192040,High Shade,11,23,11,116,53,48,11,18,50,33,24,37,27,97,30,25,49,35,41,43,30,
940 110006914809,w192252,940 110012568205,w192001,High Shade,9,32,54,103,46,42,110,20,49,51,19,32,10,43,33,42,55,18,43,15,38,
940 110006914809,w192252,940 110006544066,3718,High Shade,16,24,20,25,56,49,25,41,36,82,149,181,14,41,60,40,40,35,107,65,63,13
940 110006914809,w192252,940 110009541155,w1663,High Shade,,,,,,,,,4,4,306,5,15,13,16,27,51,14,36,20,44,5
940 110006914809,w192252,940 110009422277,2335,High Shade,6,39,22,20,12,9,28,36,16,43,34,42,77,31,49,116,220,7,49,65,55,
940 110006914809,w192252,940 110009540630,w1780,High Shade,9,36,30,22,5,14,8,22,35,26,12,16,24,22,28,42,17,15,31,12,42,7
940 110006914809,w192252,940 110009538560,y447,High Shade,6,51,42,48,27,21,21,50,61,33,13,46,32,18,47,260,17,48,36,36,54,
940 110006914809,w192252,940 110012554501,3736,High Shade,8,22,40,61,6,29,24,16,51,30,27,167,33,23,16,42,22,18,12,33,61,51
940 110006914809,w192252,940 110009541435,2670,High Shade,6,20,31,35,6,16,15,13,54,43,18,38,76,45,75,23,31,470,91,15,27,
940 110006914809,w192252,940 110009541504,y1085,High Shade,8,32,12,46,5,8,53,23,23,59,33,35,50,44,91,16,32,46,27,30,26,
940 110006914809,w192252,940 110009541521,2921,High Shade,23,33,16,26,12,26,28,31,34,60,26,18,60,27,37,18,23,21,22,56,42,1
940 110006914809,w192252,940 110009541433,2668,High Shade,11,22,84,31,20,35,25,19,39,61,303,36,42,64,40,21,20,25,26,34,,
940 110006914809,w192252,940 110009541103,2993,High Shade,8,29,182,19,23,16,39,34,32,52,18,51,29,28,34,36,19,19,25,17,46,32
940 110006914809,w192252,940 110009540889,2692,High Shade,12,80,22,77,30,33,9,9,10,64,15,42,22,33,17,24,32,11,395,590,6,
940 110006914809,w192252,940 110012566822,w192192,High Shade,5,24,26,62,9,9,28,40,9,57,16,23,24,17,9,17,11,17,16,12,51,21
940 110006914809,w192252,940 110009539587,2660,High Shade,10,44,39,15,85,63,13,12,35,44,27,66,69,39,29,23,23,63,12,,,
940 110006914809,w192252,940 110009540162,2972,High Shade,15,24,37,15,39,61,139,32,48,64,39,46,50,15,49,19,21,13,38,40,65,39
940 110006914809,w192252,940 110009540892,w192519,High Shade,12,21,22,134,90,28,7,30,23,32,34,47,15,58,19,28,18,42,35,35,7,11
940 110006914809,w192252,940 110016191529,w192587,High Shade,16,23,29,30,617,8,38,24,51,51,25,51,38,69,35,15,64,34,36,109,100,11
940 110006914809,w192252,940 110012564910,3793,High Shade,5,36,15,19,21,7,18,5,14,41,219,91,14,11,36,24,7,96,41,8,22,15
940 110006914809,w192252,940 110009538885,2590,High Shade,8,41,11,35,15,24,42,36,26,44,4,21,19,46,21,65,26,8,26,22,69,31
940 110006914809,w192252,940 110009541618,3796,High Shade,20,62,27,17,35,14,20,39,38,58,28,56,37,26,38,21,34,20,17,23,29,88
940 110006914809,w192252,940 110006720577,2588,High Shade,16,48,21,52,15,27,73,31,81,57,26,29,38,18,169,26,37,28,13,93,41,43
940 110006914809,w192252,940 110009541595,3799,High Shade,21,25,55,18,19,82,19,8,26,90,102,36,29,44,32,39,18,36,30,25,67,27
940 110006914809,w192252,940 110012568230,y1024,High Shade,13,34,13,25,40,27,22,35,71,31,37,29,33,17,53,79,28,13,36,94,50,15
940 110006914809,w192252,940 110009423044,2533,High Shade,6,35,23,26,29,63,34,13,55,42,16,28,67,333,597,57,32,61,20,21,59,53
940 110006914809,w192252,940 110009422837,2963,High Shade,10,27,41,14,34,24,49,6,39,25,13,27,8,26,81,11,25,4,1,,,3
940 110006914809,w192252,940 110009540880,w192149,High Shade,8,69,22,29,22,14,16,56,33,37,46,25,26,21,16,31,14,15,28,54,81,43
940 110006914809,w192252,940 110009539846,w213,High Shade,4,26,42,53,44,11,55,25,74,26,28,97,36,209,39,21,20,13,22,14,48,9
940 110006914809,w192252,940 110012554845,o39,High Shade,19,38,39,40,45,19,80,14,50,44,22,38,26,38,54,17,132,70,30,64,14,
940 110006914809,w192252,940 110006544234,w210,High Shade,13,30,15,19,4,18,26,71,37,73,38,41,25,35,15,56,74,24,19,34,35,122
940 110006914809,w192252,940 110009541631,w1624,High Shade,9,29,31,41,22,16,19,38,291,64,31,40,47,41,40,10,21,16,22,50,53,24
940 110006914809,w192252,940 110009538693,2027,High Shade,7,25,32,19,16,11,38,58,84,17,14,61,41,28,412,71,23,4,37,32,52,87
940 110006914809,w192252,940 110012554714,2417,High Shade,12,11,31,43,16,31,8,52,36,62,79,36,45,82,27,25,27,42,61,53,78,50
940 110006914809,w192252,940 110009538774,y1071,High Shade,12,36,27,60,27,63,168,14,64,26,26,48,52,26,18,15,30,9,26,23,49,
940 110006914809,w192252,940 110009540731,w1779,High Shade,9,26,28,43,16,6,21,27,26,42,72,132,41,25,31,63,11,44,42,36,27,80
940 110006914809,w192252,940 110009541187,w1653,High Shade,24,119,32,24,41,43,28,98,53,28,22,66,13,14,23,34,14,19,24,15,19,57
940 110006914809,w192252,940 110012554588,w192377,High Shade,6,31,20,8,9,21,11,36,24,22,31,38,68,362,32,20,10,53,37,32,58,55
940 110006914809,w192252,940 110009538677,y1055,High Shade,3,27,23,24,2,16,21,611,32,18,23,26,33,40,8,24,32,109,40,38,47,80
940 110006914809,w192252,940 110012565444,2690,High Shade,11,31,27,6,27,18,54,11,27,30,47,33,88,156,42,15,25,4,24,26,15,
940 110006914809,w192252,940 110006544511,2376,High Shade,16,25,22,27,32,34,17,73,21,52,26,37,34,61,70,17,23,16,47,8,448,24
940 110006914809,w192252,940 110009423109,3752,High Shade,17,26,33,18,34,13,20,29,47,55,11,15,36,26,88,97,26,31,58,15,17,69
940 110006914809,w192252,940 110009540190,W928,High Shade,10,42,30,46,21,20,26,61,33,47,39,73,53,26,23,27,40,16,26,12,7,23
940 110006914809,w192252,940 110012567632,w1704,High Shade,7,38,19,19,53,56,9,20,71,49,35,19,55,66,90,34,449,66,73,69,,
940 110006914809,w192252,940 110006544527,w192530,High Shade,11,54,113,80,38,30,30,45,24,24,39,39,99,38,35,26,53,10,58,23,50,128
940 110006914809,w192252,940 110012567539,w744,High Shade,13,36,43,35,34,47,29,43,112,225,18,28,49,66,107,22,51,14,17,119,63,34
940 110006914809,w192252,940 110006544225,w9278,High Shade,25,37,35,22,75,44,77,35,85,43,49,106,86,37,38,27,29,21,13,60,37,73
940 110006914809,w192252,940 110009540147,2412,High Shade,27,53,80,45,26,78,23,45,41,36,28,59,30,21,26,9,14,31,65,12,27,65
940 110006914809,w192252,940 110012566479,w1750,High Shade,15,25,10,30,8,12,60,25,20,25,5,27,23,44,25,23,48,18,22,23,34,431
940 110006914809,w192252,940 110009540290,w793,High Shade,5,10,14,23,10,11,75,4,25,22,19,48,18,77,23,14,50,55,46,48,,
940 110006914809,w192252,940 110009541193,2550,High Shade,25,53,22,49,19,19,35,58,82,67,32,255,61,35,39,19,60,12,35,69,83,13
940 110006914809,w192252,940 110009539745,2934,High Shade,17,32,37,53,38,29,17,54,56,22,52,48,28,66,53,27,24,19,16,62,33,143
940 110006914809,w192252,940 110006543930,2323,High Shade,16,26,45,31,32,44,31,76,47,56,28,37,46,16,49,15,21,32,66,15,41,
940 110006914809,w192252,940 110009541577,y1092,High Shade,20,52,103,18,30,39,129,26,92,135,21,14,21,66,63,24,33,28,49,56,44,
940 110006914809,w192252,940 110012566730,w1554,High Shade,16,38,69,28,12,46,23,11,9,26,38,64,13,29,18,30,44,41,66,143,33,11
940 110006914809,w192252,940 110012566557,2676,High Shade,6,57,31,41,13,22,84,18,240,81,41,26,45,71,43,27,32,19,93,170,59,36
940 110006914809,w192252,940 110009541001,w192172,High Shade,19,31,29,26,40,9,88,52,42,28,9,11,4,1,10,,,,,,,
940 110006914809,w192252,940 110009539186,2511,High Shade,14,25,85,68,65,19,51,29,75,98,38,83,23,69,22,20,36,10,53,65,86,85
940 110006914809,w192252,940 110012567424,w1749,High Shade,11,32,43,60,26,35,20,66,66,43,23,49,166,44,54,50,26,52,30,37,45,40
940 110006914809,w192252,940 110006544315,w192244,High Shade,7,44,60,37,9,9,105,13,40,81,48,74,27,33,39,28,29,47,17,39,,
940 110006914809,w192252,940 110006544659,3737,High Shade,10,29,28,57,10,16,39,41,36,38,28,203,190,17,60,30,17,99,34,37,25,94
940 110006914809,w192252,940 110012564957,2624,High Shade,36,44,20,58,46,112,45,288,180,91,60,69,34,31,27,26,61,58,122,17,48,26
940 110006914809,w192252,940 110009541027,3756,High Shade,29,20,33,85,6,40,34,51,38,36,122,26,11,52,49,23,176,20,53,55,49,98
940 110006914809,w192252,940 110009538653,w745,High Shade,10,66,20,29,5,39,55,19,46,17,25,37,40,10,18,22,10,7,37,26,53,82
940 110006914809,w192252,940 110006544655,2543,High Shade,9,60,58,13,16,11,31,33,38,62,15,35,40,14,190,44,26,5,24,35,24,101
940 110006914809,w192252,940 110009422835,2607,High Shade,13,31,22,28,54,34,19,27,66,314,33,34,24,21,22,43,18,62,7,8,51,23
940 110006914809,w192252,940 110012554553,w192428,High Shade,22,27,52,51,51,34,15,203,46,47,33,46,72,8,41,27,37,8,65,30,57,154
940 110006914809,w192252,940 110009539379,2348,High Shade,25,25,56,15,24,28,8,32,35,80,162,37,22,47,14,19,121,31,42,33,15,88
940 110006914809,w192252,940 110009423189,2713,High Shade,6,48,54,7,22,5,10,84,20,17,17,70,20,16,23,29,11,31,23,19,32,42
940 110006914809,w192252,940 110009540229,y1052,High Shade,43,19,22,10,6,7,10,28,16,24,31,20,29,20,14,19,36,16,48,17,36,10
940 110006914809,w192252,940 110009541461,w1671,High Shade,4,41,39,23,27,31,27,25,40,34,20,62,22,54,31,137,21,23,38,15,92,26
940 110006914809,w192252,940 110012567887,2955,High Shade,12,52,23,41,74,43,65,17,47,23,53,97,469,33,71,34,45,10,59,13,59,44
940 110006914809,w192252,940 110012554735,w9282,High Shade,5,13,18,28,17,7,15,15,46,48,22,24,38,8,,,,,,,,
940 110006914809,w192252,940 110009422175,2592,High Shade,14,67,17,51,25,15,25,8,46,65,50,66,81,25,24,20,238,249,35,33,19,
940 110006914809,w192252,940 110006544832,2659,High Shade,12,107,16,49,235,54,28,30,28,82,7,31,68,27,57,30,99,24,29,30,45,
940 110006914809,w192252,940 110009538652,2706,High Shade,6,349,31,10,7,27,18,31,21,47,69,47,47,76,26,32,33,26,31,50,93,63
940 110006914809,w192252,940 110012567054,2371,High Shade,13,23,29,43,37,42,50,91,123,19,35,55,53,45,78,34,68,36,30,34,25,39
940 110006914809,w192252,940 110009538571,2975,High Shade,10,34,63,9,8,25,12,77,25,114,22,31,16,32,3,,,,,,,
940 110006914809,w192252,940 110006543893,2320,High Shade,21,69,18,17,20,22,14,30,13,47,14,36,118,87,51,313,43,21,15,50,37,81
940 110006914809,w192252,940 110012553605,2986,High Shade,5,19,25,16,34,9,77,30,46,30,39,38,30,46,80,32,40,39,84,2,,
940 110006914809,w192252,940 110009423238,2644,High Shade,8,48,19,129,48,79,27,40,72,19,23,129,47,12,27,39,7,21,26,69,54,24
940 110006914809,w192252,940 110009539288,2640,High Shade,9,36,29,9,13,19,6,14,29,109,39,29,24,28,11,30,30,7,7,18,22,11
940 110006914809,w192252,940 110009539147,2432,High Shade,10,30,34,50,32,14,31,96,18,29,17,70,16,50,83,38,316,72,23,52,8,
940 110006914809,w192252,940 110009539425,w192042,High Shade,13,48,19,17,222,18,10,33,36,15,24,39,21,29,22,17,8,23,40,45,24,19
940 110006914809,w192252,940 110009422294,y435,High Shade,11,36,66,40,37,57,25,15,19,68,35,58,54,53,21,37,14,15,14,21,18,48
940 110006914809,w192252,940 110009540112,2995,High Shade,42,49,54,54,68,20,39,20,108,21,24,67,39,37,67,26,24,16,23,57,44,12
940 110006914809,w192252,940 110006544442,w1597,High Shade,8,18,17,34,49,38,25,41,84,190,28,70,17,44,53,30,30,7,45,43,101,47
940 110006914809,w192252,940 110009539267,y425,High Shade,8,22,11,15,17,44,21,27,24,29,102,24,21,27,14,13,22,444,31,3,25,2
940 110006914809,w192252,940 110009540041,2682,High Shade,12,49,36,30,50,19,28,51,14,24,8,5,94,7,6,,,,,,,
940 110006914809,w192252,940 110009541089,w1781,High Shade,8,39,24,29,12,6,24,44,21,21,40,9,8,20,1,,,,,,,
940 110006914809,w192252,940 110009539063,w233,High Shade,18,31,41,32,24,28,20,38,41,77,20,39,59,20,57,44,68,17,52,53,9,
940 110006914809,w192252,940 110006544961,2461,High Shade,8,20,265,30,39,68,12,12,55,42,32,27,23,28,14,11,17,3,21,19,98,22
940 110006914809,w192252,940 110009539441,w1602,High Shade,31,119,12,36,12,16,58,87,66,24,16,37,31,28,23,48,6,10,22,38,27,8
940 110006914809,w192252,940 110012566863,3792,High Shade,,,,,,,,1,15,10,11,22,39,44,41,25,37,11,13,5,22,59
940 110006914809,w192252,940 110012567022,y477,High Shade,18,38,15,21,26,38,15,22,38,15,67,104,607,44,17,42,27,44,44,37,46,26
940 110006914809,w192252,940 110012565403,2311,High Shade,8,14,55,48,6,4,32,14,10,89,28,25,26,32,22,29,11,7,42,26,50,31
940 110006914809,w192252,940 110012567214,w1739,High Shade,15,38,39,6,61,33,94,82,352,49,21,80,39,20,80,29,73,13,33,28,98,8
940 110006914809,w192252,940 110009539113,2674,High Shade,19,201,119,8,12,39,14,85,34,43,26,23,14,24,51,25,24,12,15,32,17,43
940 110006914809,w192252,940 110009539497,w192253,High Shade,13,30,14,19,8,31,19,12,42,28,24,47,84,27,35,393,36,13,48,30,19,37
940 110006914809,w192252,940 110009541679,2018,High Shade,6,21,49,48,35,17,46,63,93,34,54,59,74,24,38,25,34,35,47,14,27,80
940 110006914809,w192252,940 110006544745,2553,High Shade,10,39,47,39,29,25,23,20,81,43,35,22,67,31,30,76,321,194,40,18,14,47
940 110006914809,w192252,940 110009539523,2496,High Shade,16,32,31,19,12,9,258,6,37,45,30,42,22,41,22,23,24,20,63,26,74,5
940 110006914809,w192252,940 110009539215,y1100,High Shade,24,45,26,19,36,21,19,18,37,25,25,45,21,16,36,27,24,84,43,44,31,26
940 110006914809,w192252,940 110009539574,2647,High Shade,15,45,21,28,21,17,48,114,45,31,19,99,56,40,28,40,18,103,24,49,72,47
940 110006914809,w192252,940 110006720372,w764,High Shade,10,30,33,32,8,37,35,33,26,93,29,60,42,48,53,23,44,30,67,57,44,14
940 110006914809,w192252,940 110006543949,y451,High Shade,29,50,16,47,22,15,16,9,16,28,28,56,50,18,39,20,118,110,38,17,25,35
940 110006914809,w192252,940 110006543957,9538,High Shade,7,31,15,16,23,16,19,48,121,29,13,27,8,30,9,24,19,86,22,87,34,54
940 110006914809,w192252,940 110012566735,2715,High Shade,5,62,19,22,13,9,70,28,20,51,11,38,25,28,46,19,24,236,77,11,74,5
940 110006914809,w192252,940 110009539432,2559,High Shade,9,25,11,14,14,29,25,31,45,467,41,31,37,30,47,23,13,14,80,37,31,52
940 110006914809,w192252,940 110012553675,2421,High Shade,14,21,10,8,17,23,24,17,8,11,21,271,17,8,41,43,12,17,12,45,5,16
940 110006914809,w192252,940 110009538766,Y1036,High Shade,18,61,68,59,29,625,45,101,49,90,19,34,19,38,27,16,19,22,20,42,31,26
940 110006914809,w192252,940 110009538502,y1027,High Shade,20,73,21,47,42,14,31,16,36,29,22,35,62,60,47,23,19,10,23,33,43,4
940 110006914809,w192252,940 110009538772,2991,High Shade,12,47,13,45,26,41,29,95,33,46,20,43,25,18,21,33,48,56,36,179,91,
940 110006914809,w192252,940 110012567143,w1512,High Shade,16,28,30,45,31,25,554,48,17,29,27,51,38,46,18,37,27,15,18,5,101,13
940 110006914809,w192252,940 110006720131,2638,High Shade,5,42,18,41,81,11,33,36,35,36,10,51,24,14,28,23,21,6,18,9,31,26
940 110006914809,w192252,940 110006543906,w1254,High Shade,13,60,41,32,24,9,33,75,35,53,564,91,70,17,38,30,30,40,50,20,35,21
940 110006914809,w192252,940 110009541526,w192479,High Shade,10,43,42,41,13,45,15,7,41,28,46,28,26,27,63,37,38,28,37,40,76,19
940 110006914809,w192252,940 110012553789,2974,High Shade,14,29,79,16,35,20,24,78,34,30,76,41,36,53,36,9,27,33,40,19,64,62
940 110006914809,w192252,940 110009538570,w1785,High Shade,7,45,62,35,46,51,70,25,167,24,30,62,25,53,38,28,65,27,18,21,104,59
940 110006914809,w192252,940 110009541284,w795,High Shade,13,22,29,37,41,13,23,35,17,34,37,94,59,25,34,54,387,104,35,16,70,73
940 110006914809,w192252,940 110009540863,W273,High Shade,24,37,9,10,8,14,40,45,34,9,5,56,20,299,148,23,26,24,21,57,86,34
940 110006914809,w192252,940 110006720115,y1077,High Shade,19,19,232,83,64,67,58,55,51,76,40,36,50,22,48,32,31,97,55,36,20,29
940 110006914809,w192252,940 110006719210,2392,High Shade,5,36,62,36,29,23,34,95,72,52,35,126,93,53,65,59,36,29,30,75,26,108
940 110006914809,w192252,940 110012567558,2705,High Shade,8,23,68,41,77,17,15,40,45,41,45,20,37,13,42,27,44,4,19,18,25,
940 110006914809,w192252,940 110012567049,2564,High Shade,7,23,50,11,18,39,44,32,39,32,72,262,60,49,58,22,29,33,16,17,32,34
940 110006914809,w192252,940 110006720530,w192534,High Shade,10,44,179,81,14,24,50,65,43,32,14,26,31,16,43,15,52,8,35,38,32,48
940 110006914809,w192252,940 110006719988,w1767,High Shade,22,30,59,24,10,71,22,37,26,30,12,64,49,15,29,18,22,31,26,27,83,33
940 110006914809,w192252,940 110009540852,w1627,High Shade,12,67,48,59,50,40,71,27,57,36,30,88,94,45,93,84,144,11,31,20,49,48
940 110006914809,w192252,940 110009539426,y470,High Shade,14,54,13,37,16,23,8,12,22,19,45,26,40,47,18,17,26,34,24,18,28,46
940 110006914809,w192252,940 110009422291,2484,High Shade,33,15,28,16,17,5,20,25,25,30,51,33,13,23,29,34,23,49,17,70,26,
940 110006914809,w192252,940 110009540645,2984,High Shade,11,26,16,17,11,9,29,31,24,39,21,35,29,26,19,23,165,32,44,59,27,39
940 110006914809,w192252,940 110012565375,w102300,High Shade,9,29,17,39,11,19,16,12,13,17,31,38,30,46,64,13,241,142,26,44,44,49
940 110006914809,w192252,940 110009539732,2925,High Shade,10,29,30,19,30,30,23,64,43,26,17,58,161,47,24,25,31,13,43,37,75,64
940 110006914809,w192252,940 110006720324,w1689,High Shade,18,35,61,30,16,98,80,25,69,42,19,27,77,24,49,69,21,13,28,186,54,97
940 110006914809,w192252,940 110012554843,2596,High Shade,13,54,22,38,37,28,45,14,15,150,22,19,52,20,98,61,19,13,15,52,32,
940 110006914809,w192252,940 110009540691,2317,High Shade,12,111,42,20,11,10,24,25,17,24,25,36,31,29,23,18,18,29,30,43,,
940 110006914809,w192252,940 110009540400,2435,High Shade,9,20,7,24,198,21,20,16,35,65,18,23,19,46,47,22,30,16,20,18,17,
940 110006914809,w192252,940 110009539500,W192295,High Shade,15,42,52,83,36,79,54,26,57,43,19,72,54,43,42,14,37,29,44,6,,
940 110006914809,w192252,940 110009538417,w192559,High Shade,14,22,217,41,13,57,30,27,28,48,39,38,27,41,20,36,41,40,38,39,50,37
940 110006914809,w192252,940 110009422302,2656,High Shade,7,17,47,148,45,14,22,25,53,40,13,26,38,89,26,27,51,22,41,4,357,266
940 110006914809,w192252,940 110009539600,2431,High Shade,6,38,57,39,46,104,19,24,14,55,50,66,138,23,65,16,34,8,30,19,60,31
940 110006914809,w192252,940 110009421864,2599,High Shade,18,48,28,23,26,18,34,37,66,36,28,35,23,42,59,20,34,22,203,33,27,71
940 110006914809,w192252,940 110009539560,2560,High Shade,6,45,6,22,18,9,7,33,29,24,51,102,76,50,20,33,11,72,51,64,96,3
940 110006914809,w192252,940 110009423244,w287,High Shade,12,14,18,17,7,8,53,177,35,36,30,11,32,24,20,21,18,61,38,7,10,
940 110006914809,w192252,940 110009538900,2455,High Shade,8,16,7,50,76,47,26,16,121,84,26,54,26,62,100,350,53,32,73,90,4,
940 110006914809,w192252,940 110009423257,w192008,High Shade,27,147,43,26,33,12,26,52,67,44,18,20,35,32,36,26,39,11,25,32,32,35
940 110006914809,w192252,940 110009538890,2606,High Shade,10,28,58,14,333,45,42,20,35,37,23,39,14,73,49,42,72,59,66,59,18,
940 110006914809,w192252,940 110009539726,3732,High Shade,27,36,23,21,12,7,10,44,68,57,27,62,38,21,27,17,14,11,28,20,55,73
940 110006914809,w192252,940 110006720148,2016,High Shade,13,36,13,20,17,41,68,53,29,32,16,44,14,43,53,28,20,21,26,36,29,
940 110006914809,w192252,940 110009541070,2029,High Shade,21,49,37,37,66,55,22,40,36,83,63,75,69,42,22,32,32,6,64,30,76,142
940 110006914809,w192252,940 110009539017,3728,High Shade,17,14,25,9,22,20,27,23,35,36,10,39,64,87,119,34,34,25,47,,,
940 110006914809,w192252,940 110009540937,w9504,High Shade,11,24,317,51,78,25,88,12,65,53,37,22,26,21,24,18,,,,,,
940 110006914809,w192252,940 110009541586,y471,High Shade,6,28,31,18,16,9,16,17,26,295,810,30,15,21,59,13,41,26,15,23,23,6
940 110006914809,w192252,940 110009540523,2399,High Shade,17,41,37,32,51,244,32,57,43,37,23,54,70,68,33,13,42,43,18,69,4,
940 110006914809,w192252,940 110009539123,2523,High Shade,8,35,37,40,25,23,41,46,60,102,98,97,34,27,40,23,36,33,34,26,124,
940 110006914809,w192252,940 110009423220,W991,High Shade,14,34,44,62,59,112,236,62,36,34,18,44,45,40,11,34,76,28,40,23,18,1
940 110006914809,w192252,940 110009541182,w1758,High Shade,11,40,20,15,6,8,31,7,22,42,29,62,219,470,22,28,48,18,26,42,28,
940 110006914809,w192252,940 110012554719,2663,High Shade,23,29,28,32,8,15,15,25,15,52,13,17,52,28,13,16,12,14,34,29,45,21
940 110006914809,w192252,940 110012568040,2951,High Shade,11,52,20,416,135,46,69,25,44,38,19,30,32,19,34,29,18,38,97,20,,
940 110006914809,w192252,940 110009539701,w192007,High Shade,14,31,23,65,13,17,12,79,24,27,36,8,38,33,22,24,18,16,27,35,51,50
940 110006914809,w192252,940 110012554675,w192110,High Shade,16,29,21,47,86,40,59,10,28,27,20,62,63,56,27,13,59,9,64,5,120,124
940 110006914809,w192252,940 110012553700,2384,High Shade,17,95,32,43,73,33,83,38,55,19,33,48,39,33,77,52,19,13,96,31,326,123
940 110006914809,w192252,940 110006544251,y1075,High Shade,29,53,19,24,9,14,6,16,48,38,496,19,15,12,31,33,6,9,22,24,22,
940 110006914809,w192252,940 110012567203,w192316,High Shade,19,21,43,25,31,52,17,45,70,32,54,24,55,24,117,80,22,17,44,59,,
940 110006914809,w192252,940 110009539582,w240,High Shade,14,36,34,52,172,85,16,14,22,67,18,29,28,25,20,16,18,95,29,54,17,
940 110006914809,w192252,940 110009422297,3747,High Shade,14,86,182,23,16,21,27,23,58,40,32,38,20,40,55,27,44,44,47,120,106,38
940 110006914809,w192252,940 110009538743,w192423,High Shade,12,30,10,20,16,9,13,27,11,22,15,61,11,34,29,16,49,5,36,12,12,29
940 110006914809,w192252,940 110009422307,w1629,High Shade,5,44,16,27,10,37,13,20,43,37,229,62,21,22,12,25,42,16,39,26,14,
940 110006914809,w192252,940 110012566916,w1581,High Shade,16,16,14,57,33,18,24,34,46,36,60,40,44,106,255,60,14,24,35,43,47,
940 110006914809,w192252,940 110012568096,2643,High Shade,7,27,51,14,75,7,37,58,143,21,15,61,37,33,52,18,46,10,42,21,13,
940 110006914809,w192252,940 110012566714,o75,High Shade,6,36,22,39,20,30,91,73,37,36,16,40,93,278,60,52,36,23,67,97,,
940 110006914809,w192252,940 110009538720,2922,High Shade,4,13,21,41,42,14,12,27,33,55,23,40,135,30,42,34,53,7,31,56,51,18
940 110006914809,w192252,940 110012566936,w192195,High Shade,9,13,13,39,7,25,54,4,14,30,16,41,32,20,48,164,27,26,20,11,,
940 110006914809,w192252,940 110009541375,2416,High Shade,7,31,66,24,35,36,23,11,28,18,18,15,31,23,17,37,50,31,16,49,50,50
940 110006914809,w192252,940 110006544833,2529,High Shade,,,,,,,,8,7,7,6,19,26,43,36,59,21,13,42,28,28,47
940 110006914809,w192252,940 110006544528,2697,High Shade,11,52,20,36,151,13,15,22,30,46,25,43,37,33,32,23,25,11,20,4,,
940 110006914809,w192252,940 110009539765,2653,High Shade,14,30,22,18,14,21,32,18,40,31,27,35,53,26,172,30,48,9,38,49,27,
940 110006914809,w192252,940 110009539995,2464,High Shade,22,60,45,47,56,14,30,65,52,42,26,67,86,75,25,48,84,31,36,22,33,6
940 110006914809,w192252,940 110009539443,2334,High Shade,3,25,26,36,15,45,3,17,150,91,17,56,41,62,38,19,55,26,57,17,59,
940 110006914809,w192252,940 110012554299,w192350,High Shade,16,50,76,24,9,32,22,24,36,24,65,4,8,6,8,,,,,,,
940 110006914809,w192252,940 110012554672,w765,High Shade,9,20,15,19,9,5,18,142,17,30,16,42,26,23,34,9,48,35,39,24,68,40
940 110006914809,w192252,940 110012564961,w192312,High Shade,20,53,16,26,18,8,31,95,55,38,128,72,55,20,51,5,30,18,25,4,3,
940 110006914809,w192252,940 110009540062,w192314,High Shade,22,32,43,39,10,8,11,147,53,38,23,21,24,34,20,18,34,27,9,43,27,
940 110006914809,w192252,940 110009540994,W9510,High Shade,47,78,14,36,24,25,29,47,32,74,46,52,40,67,62,43,44,33,62,104,45,
940 110006914809,w192252,940 110012554266,2472,High Shade,7,40,47,17,60,29,18,33,48,55,21,43,37,76,143,27,29,38,22,9,,
940 110006914809,w192252,940 110009423176,2544,High Shade,20,147,26,35,28,51,29,25,100,30,26,41,54,39,32,36,59,39,79,64,,
940 110006914809,w192252,940 110009539963,w192206,High Shade,21,49,22,22,9,30,33,46,34,42,10,46,28,33,75,81,162,24,23,25,45,
940 110006914809,w192252,940 110009422880,y1060,High Shade,18,86,35,99,7,41,23,17,41,81,41,42,49,42,57,51,18,22,51,35,36,17
940 110006914809,w192252,940 110006544421,2926,High Shade,9,21,25,36,16,10,21,22,29,32,18,90,23,103,88,45,90,27,35,23,38,
940 110006914809,w192252,940 110012553652,2997,High Shade,5,25,26,10,26,15,86,138,26,34,30,23,26,57,19,19,18,65,58,64,42,
940 110006914809,w192252,940 110012565425,w192249,High Shade,12,27,42,37,39,19,41,9,39,308,354,44,14,104,58,16,39,19,56,47,42,
940 110006914809,w192252,940 110006544462,2394,High Shade,14,28,15,50,26,12,21,41,39,30,27,26,73,36,45,35,33,16,52,47,93,98
940 110006914809,w192252,940 110009541457,w1797,High Shade,,,,,,,,7,6,7,13,44,22,29,42,25,186,50,40,28,,
940 110006914809,w192252,940 110012567798,w1630,High Shade,5,24,30,65,18,29,42,76,90,52,53,41,59,41,31,28,26,17,31,90,25,
940 110006914809,w192252,940 110009541350,w9333,High Shade,17,50,32,34,19,25,26,47,35,29,18,261,481,50,40,36,55,75,59,57,49,
940 110006914809,w192252,940 110006544843,2566,High Shade,13,26,38,38,18,26,58,36,71,12,33,47,26,88,53,25,31,45,55,57,57,1
940 110006914809,w192252,940 110009423145,2685,High Shade,13,36,24,20,30,31,17,93,31,47,12,18,44,19,39,26,53,5,22,218,,
940 110006914809,w192252,940 110009540879,2645,High Shade,18,29,54,65,36,56,29,31,171,44,41,47,76,58,86,23,8,56,28,28,73,3
940 110006914809,w192252,940 110006544430,2665,High Shade,44,246,42,69,18,28,42,22,62,46,12,119,69,52,40,29,21,32,26,75,59,20
940 110006914809,w192252,940 110012565868,2333,High Shade,15,47,23,22,40,66,28,52,38,36,16,21,60,37,36,51,43,258,342,9,5,
940 110006914809,w192252,940 110012566390,2031,High Shade,27,19,16,34,45,9,29,43,18,40,31,39,151,28,48,27,24,29,25,29,36,
940 110006914809,w192252,940 110006718446,2558,High Shade,9,24,8,25,21,15,19,68,32,17,34,41,33,27,115,152,33,20,21,51,81,1
940 110006914809,w192252,940 110009423265,2943,High Shade,12,46,47,40,16,5,15,10,59,45,23,20,40,24,23,28,37,126,44,15,33,9
940 110006914809,w192252,940 110009421860,2892,High Shade,25,36,76,347,20,13,14,18,41,24,57,69,32,40,51,25,22,20,8,20,94,14
940 110006914809,w192252,940 110009423023,W961,High Shade,11,38,26,44,12,33,27,25,111,47,22,56,46,32,40,213,40,29,28,82,8,
940 110006914809,w192252,940 110012567653,2900,High Shade,12,30,32,83,5,8,14,74,17,15,47,30,13,110,76,31,26,36,28,26,8,
940 110006914809,w192252,940 110009530579,w299,High Shade,10,32,39,43,76,134,14,23,26,68,15,36,54,24,22,43,75,12,41,25,2,
940 110006914809,w192252,940 110009540131,2473,High Shade,10,56,42,28,16,30,33,67,39,31,50,76,69,196,67,54,24,7,84,40,19,
940 110006914809,w192252,940 110009540606,2686,High Shade,13,50,34,28,34,20,45,45,47,70,31,79,33,19,60,33,51,9,27,70,8,
940 110006914809,w192252,940 110009538624,w9535,High Shade,6,85,35,42,17,48,38,29,36,28,54,23,122,263,18,35,49,63,53,79,35,
940 110006914809,w192252,940 110009541455,w192415,High Shade,25,30,34,31,11,28,17,16,40,35,30,52,21,38,30,58,157,17,45,30,69,
940 110006914809,w192252,940 110006544521,w9277,High Shade,11,24,41,27,73,39,19,20,73,84,34,35,32,56,39,33,14,164,87,43,91,22
940 110006914809,w192252,940 110006720119,w192239,High Shade,11,37,42,38,42,40,45,25,14,29,23,38,107,23,43,43,22,28,64,62,13,
940 110006914809,w192252,940 110006720358,2709,High Shade,14,62,45,17,36,79,47,93,38,54,53,31,49,46,22,67,55,12,40,138,3,
940 110006914809,w192252,940 110009541731,w1724,High Shade,12,38,38,67,24,22,29,118,134,20,58,60,73,26,13,50,6,28,31,89,5,
940 110006914809,w192252,940 110006543802,2626,High Shade,15,42,39,46,29,16,46,17,149,258,34,41,33,51,16,56,38,37,59,25,48,
940 110006914809,w192252,940 110009423155,2391,High Shade,19,39,19,9,,,,1,8,9,8,44,16,77,25,10,15,21,54,26,4,
940 110006914809,w192252,940 110009539292,2958,High Shade,20,21,48,26,19,19,138,127,25,30,32,35,36,12,31,24,42,8,27,119,44,50
940 110006914809,w192252,940 110009540641,w192154,High Shade,9,20,127,34,8,6,29,13,110,79,8,58,18,37,16,29,35,22,28,12,19,
940 110006914809,w192252,940 110012567794,w192384,High Shade,4,42,32,12,24,44,35,11,27,14,11,10,161,14,4,,,,,,,
940 110006914809,w192252,940 110009538722,2488,High Shade,16,23,25,22,8,14,15,39,131,85,13,13,10,54,19,,,,,,,
940 110006914809,w192252,940 110012565433,y1046,High Shade,,,,,,,,3,3,3,17,19,15,68,24,41,25,24,39,74,76,51
940 110012306154,w192150,940 110009538669,2983,Medium Shade,,,,,,,,3,8,9,9,27,26,55,32,,,,,,,
940 110012306154,w192150,940 110006544734,2480,Medium Shade,,,,,,,,3,10,9,11,22,42,43,17,,,,,,,
940 110012306154,w192150,940 110009540744,2380,Medium Shade,,,,,,,,6,11,7,10,27,77,35,7,,,,,,,
940 110008003692,w192571,940 110009541155,w1663,High Shade,,,,,,,,3,10,5,34,26,12,75,26,19,13,155,,,,
940 110008003692,w192571,940 110012566863,3792,High Shade,,,,,,,,5,8,5,17,29,28,45,9,53,63,126,,,,
940 110008003692,w192571,940 110006544833,2529,High Shade,,,,,,,,5,3,5,9,23,28,60,14,66,81,80,,,,
940 110008003692,w192571,940 110009541457,w1797,High Shade,,,,,,,,2,10,16,34,20,16,114,17,39,61,251,,,,
940 110008003692,w192571,940 110012565433,y1046,High Shade,,,,,,,,1,13,6,31,36,82,77,14,40,84,147,,,,
940 110012305980,w1637,940 110009539003,3750,No Shade,,,,,,,,13,14,14,9,30,20,57,39,19,35,33,34,23,30,
940 110012305980,w1637,940 110009423261,3725,No Shade,,,,,,,,8,8,6,27,37,42,24,83,35,51,68,48,72,61,
940 110012305980,w1637,940 110012554293,2949,No Shade,,,,,,,,6,6,8,15,11,60,30,56,92,46,62,38,29,,
940 110001453858,2383,940 110009538669,2983,Medium Shade,,,,,,,,1,3,5,7,36,30,100,125,21,26,15,20,30,76,
940 110001453858,2383,940 110006544734,2480,Medium Shade,,,,,,,,7,25,25,14,26,32,31,48,19,41,19,27,71,44,
940 110001453858,2383,940 110009540744,2380,Medium Shade,,,,,,,,2,10,77,14,19,22,16,22,22,23,4,16,46,24,
